order_id,product_id,product_name,category,quantity,price,order_date,customer_id,customer_name
5651,104,Product D,Category 2,3,40.0,2023-10-13,1811,Ryan Webb
2628,104,Product D,Category 2,11,40.0,2023-10-11,1399,Eric Smith
2999,104,Product D,Category 2,5,40.0,2023-04-16,1768,Thomas Cole
9173,104,Product D,Category 2,7,40.0,2023-06-06,1639,James Macdonald
7923,101,Product A,Category 1,13,10.0,2023-01-20,1136,Gina Hall
4182,101,Product A,Category 1,4,10.0,2023-10-06,1129,Mary Ray
520,104,Product D,Category 2,4,40.0,2023-09-07,1622,Jessica Richmond
3382,102,Product B,Category 1,9,20.0,2023-03-07,1736,Emily George
7816,103,Product C,Category 2,15,30.0,2023-11-09,1484,Jeffrey Bennett
2258,101,Product A,Category 1,13,10.0,2023-03-02,1100,Sarah Evans
3957,101,Product A,Category 1,9,10.0,2023-09-17,1539,Charles Dixon
2222,101,Product A,Category 1,1,10.0,2023-02-05,1065,Dr. Amber Flores
7551,101,Product A,Category 1,15,10.0,2023-01-06,1338,Anthony Patton
9635,102,Product B,Category 1,11,20.0,2023-02-03,1375,Grace Lopez
3380,102,Product B,Category 1,8,20.0,2023-05-13,1831,Jenny Perez
881,103,Product C,Category 2,12,30.0,2023-08-28,1892,Elizabeth Mercado
8169,101,Product A,Category 1,13,10.0,2023-09-14,1143,Albert Perkins
7845,102,Product B,Category 1,11,20.0,2023-08-07,1639,James Macdonald
2272,103,Product C,Category 2,13,30.0,2023-07-05,1054,Crystal Chang
1454,101,Product A,Category 1,4,10.0,2023-06-05,1599,Sean Carter
9045,102,Product B,Category 1,14,20.0,2023-12-20,1532,Meagan Contreras
4973,103,Product C,Category 2,8,30.0,2023-12-07,1011,Thomas Escobar
8286,103,Product C,Category 2,7,30.0,2023-03-16,1170,Deborah Wilson
1938,101,Product A,Category 1,2,10.0,2023-03-15,1045,Jason Williams
2384,104,Product D,Category 2,14,40.0,2023-03-02,1181,Tammy Flores
5626,103,Product C,Category 2,2,30.0,2023-07-12,1892,Elizabeth Mercado
7213,102,Product B,Category 1,9,20.0,2023-10-12,1385,Mrs. Brandi Shaw
3808,104,Product D,Category 2,7,40.0,2023-11-12,1899,Daniel Smith
2696,102,Product B,Category 1,4,20.0,2023-09-22,1300,Barbara Peterson
1674,101,Product A,Category 1,14,10.0,2023-10-03,1441,Kimberly Harris
2794,102,Product B,Category 1,13,20.0,2023-01-15,1620,Barbara Hamilton
2737,102,Product B,Category 1,5,20.0,2023-12-20,1208,Lisa Smith
4989,103,Product C,Category 2,6,30.0,2023-05-09,1552,Megan Crawford
3821,104,Product D,Category 2,3,40.0,2023-10-19,1722,Cody Carroll
4186,102,Product B,Category 1,11,20.0,2023-01-12,1223,Briana Clark
176,101,Product A,Category 1,14,10.0,2023-03-06,1241,Stephanie Ramos
6030,102,Product B,Category 1,4,20.0,2023-06-12,1398,Katherine Parker
3784,104,Product D,Category 2,1,40.0,2023-04-17,1629,Alexander Ramirez
7077,101,Product A,Category 1,5,10.0,2023-08-11,1480,Kimberly Johnson
4389,103,Product C,Category 2,1,30.0,2023-06-21,1329,Kristen Skinner
8839,102,Product B,Category 1,11,20.0,2023-10-05,1686,Anthony Perez
1760,103,Product C,Category 2,2,30.0,2023-12-20,1569,Timothy Perkins
4514,102,Product B,Category 1,3,20.0,2023-03-05,1372,Ashley Campbell
9487,103,Product C,Category 2,15,30.0,2023-11-06,1763,Shawn Graham
7401,102,Product B,Category 1,15,20.0,2023-05-24,1450,Eric Oconnor
1895,102,Product B,Category 1,10,20.0,2023-06-21,1805,Joshua Lozano
8463,102,Product B,Category 1,8,20.0,2023-01-25,1651,Natalie Moreno
2160,101,Product A,Category 1,9,10.0,2023-03-29,1872,David Krueger
942,102,Product B,Category 1,1,20.0,2023-01-25,1816,Maureen Olson
1988,102,Product B,Category 1,7,20.0,2023-06-28,1881,Alicia Parrish
842,102,Product B,Category 1,10,20.0,2023-12-17,1223,Briana Clark
3357,102,Product B,Category 1,10,20.0,2023-02-08,1436,Mary Howard
1967,102,Product B,Category 1,10,20.0,2023-11-06,1858,James Smith
4659,102,Product B,Category 1,12,20.0,2023-06-15,1505,Melissa Myers
1313,104,Product D,Category 2,3,40.0,2023-01-11,1084,Andrea Hayes
1762,101,Product A,Category 1,13,10.0,2023-06-10,1714,Cole Mcdowell
5704,102,Product B,Category 1,2,20.0,2023-07-22,1885,Dustin Anderson
3110,104,Product D,Category 2,15,40.0,2023-12-04,1928,Marissa Mendoza
8101,102,Product B,Category 1,5,20.0,2023-10-07,1929,Matthew Scott
1763,101,Product A,Category 1,4,10.0,2023-02-16,1694,Kyle Tapia
8078,101,Product A,Category 1,6,10.0,2023-02-08,1629,Alexander Ramirez
2748,103,Product C,Category 2,6,30.0,2023-06-22,1082,Donna Smith
5093,102,Product B,Category 1,3,20.0,2023-01-15,1830,Oscar Palmer
3280,101,Product A,Category 1,4,10.0,2023-10-21,1667,Matthew Delacruz
1972,104,Product D,Category 2,5,40.0,2023-05-01,1079,Emily Sherman
1707,102,Product B,Category 1,11,20.0,2023-08-10,1850,Sylvia Miles
2108,102,Product B,Category 1,5,20.0,2023-07-11,1204,Keith Knight
4270,104,Product D,Category 2,9,40.0,2023-07-10,1730,Jasmine Espinoza
3435,102,Product B,Category 1,3,20.0,2023-09-15,1324,Tammy Clark
9848,101,Product A,Category 1,5,10.0,2023-10-21,1352,Monica Liu
3007,103,Product C,Category 2,4,30.0,2023-04-06,1680,Angela Jenkins
3591,101,Product A,Category 1,2,10.0,2023-02-07,1857,Jessica Oconnor
935,101,Product A,Category 1,4,10.0,2023-10-31,1659,Diana Taylor
4617,102,Product B,Category 1,11,20.0,2023-08-03,1584,Richard Madden
4731,103,Product C,Category 2,3,30.0,2023-03-18,1487,Allen Montes
9633,102,Product B,Category 1,1,20.0,2023-02-09,1551,Robin Russo
19,101,Product A,Category 1,3,10.0,2023-11-15,1187,Bob Franklin
4841,102,Product B,Category 1,7,20.0,2023-06-04,1124,Carrie Crawford
9767,101,Product A,Category 1,6,10.0,2023-07-09,1771,Rhonda Garrett
6912,101,Product A,Category 1,7,10.0,2023-10-16,1461,Julie Jensen
9509,102,Product B,Category 1,11,20.0,2023-11-11,1196,Steven Simon
5466,103,Product C,Category 2,4,30.0,2023-02-11,1081,Dana Kennedy
1003,101,Product A,Category 1,5,10.0,2023-07-22,1456,Laura Vance
6878,102,Product B,Category 1,1,20.0,2023-01-13,1199,Michael Romero
5966,101,Product A,Category 1,12,10.0,2023-09-18,1584,Richard Madden
388,102,Product B,Category 1,6,20.0,2023-07-17,1242,Lisa Choi
1708,102,Product B,Category 1,13,20.0,2023-02-15,1446,Suzanne Flores MD
9490,101,Product A,Category 1,12,10.0,2023-06-18,1867,Aaron Stone
830,103,Product C,Category 2,11,30.0,2023-08-24,1812,Andrew Miller
4427,102,Product B,Category 1,7,20.0,2023-01-29,1217,Jessica Harper
6518,102,Product B,Category 1,6,20.0,2023-03-15,1141,Brenda Gonzalez
3842,101,Product A,Category 1,6,10.0,2023-02-17,1364,Andrew Gibson
4375,104,Product D,Category 2,15,40.0,2023-05-12,1139,Katherine Evans
104,104,Product D,Category 2,8,40.0,2023-06-09,1153,Paul George
3433,104,Product D,Category 2,12,40.0,2023-02-08,1646,Tyler Nunez
5471,104,Product D,Category 2,7,40.0,2023-12-18,1489,Renee Hines
1632,102,Product B,Category 1,1,20.0,2023-12-22,1058,Thomas Johnson
2877,104,Product D,Category 2,9,40.0,2023-07-13,1150,Terri Smith
6630,101,Product A,Category 1,5,10.0,2023-06-24,1711,Erica Mills
6411,102,Product B,Category 1,9,20.0,2023-07-21,1624,Yvette Jackson
5314,104,Product D,Category 2,5,40.0,2023-06-23,1444,Zachary Young
815,103,Product C,Category 2,8,30.0,2023-12-16,1034,Sarah Thomas
3072,101,Product A,Category 1,4,10.0,2023-12-20,1222,Justin Berry
645,104,Product D,Category 2,4,40.0,2023-03-15,1958,Joseph Irwin
7680,101,Product A,Category 1,13,10.0,2023-02-20,1266,John Banks
4043,103,Product C,Category 2,6,30.0,2023-02-21,1704,David Sanders
107,102,Product B,Category 1,7,20.0,2023-09-22,1049,Alexander Wilson
9221,101,Product A,Category 1,1,10.0,2023-09-21,1309,Paula Cook
7344,102,Product B,Category 1,4,20.0,2023-11-23,1013,Michael Garcia
9393,102,Product B,Category 1,7,20.0,2023-09-12,1393,Debra Bennett
608,101,Product A,Category 1,4,10.0,2023-02-06,1052,Eric Parker
8632,101,Product A,Category 1,15,10.0,2023-04-01,1259,Daniel Mcmillan
6243,101,Product A,Category 1,1,10.0,2023-11-26,1760,Elizabeth Wright
7346,101,Product A,Category 1,14,10.0,2023-03-27,1999,Diane Steele
4029,102,Product B,Category 1,8,20.0,2023-08-01,1498,Angela Guerrero
8490,102,Product B,Category 1,7,20.0,2023-02-01,1669,Tyrone Allen
9391,103,Product C,Category 2,4,30.0,2023-10-26,1029,William Blackburn
4021,101,Product A,Category 1,6,10.0,2023-08-30,1506,Summer Stevens
4317,101,Product A,Category 1,5,10.0,2023-03-04,1562,Lisa Thompson
9846,103,Product C,Category 2,1,30.0,2023-07-09,1310,Regina Turner
9209,102,Product B,Category 1,4,20.0,2023-02-05,1858,James Smith
5754,102,Product B,Category 1,4,20.0,2023-06-12,1185,Crystal Dalton
1998,101,Product A,Category 1,14,10.0,2023-01-22,1902,Michelle Walters
8505,102,Product B,Category 1,7,20.0,2023-09-07,1538,Margaret Garcia
3943,101,Product A,Category 1,8,10.0,2023-10-26,1192,Alicia Reynolds
4200,101,Product A,Category 1,6,10.0,2023-02-23,1730,Jasmine Espinoza
2858,101,Product A,Category 1,14,10.0,2023-06-17,1750,Steve Hamilton
2798,101,Product A,Category 1,5,10.0,2023-09-24,1189,Alyssa Delacruz
9653,101,Product A,Category 1,15,10.0,2023-06-07,1997,Kimberly Banks
5218,102,Product B,Category 1,10,20.0,2023-03-05,1928,Marissa Mendoza
8427,103,Product C,Category 2,11,30.0,2023-02-06,1436,Mary Howard
8352,103,Product C,Category 2,11,30.0,2023-10-15,1562,Lisa Thompson
8944,101,Product A,Category 1,1,10.0,2023-08-23,1542,Christy Lynch
5378,102,Product B,Category 1,11,20.0,2023-05-20,1645,Scott Shaffer
8778,103,Product C,Category 2,14,30.0,2023-10-08,1736,Emily George
5792,101,Product A,Category 1,11,10.0,2023-09-18,1502,Jessica Young
2352,102,Product B,Category 1,11,20.0,2023-04-08,1071,Carl Evans
4952,101,Product A,Category 1,14,10.0,2023-02-17,1057,Larry Clark
3763,104,Product D,Category 2,11,40.0,2023-01-10,1504,David Morgan
8748,103,Product C,Category 2,2,30.0,2023-03-25,1397,Shannon Molina
6842,101,Product A,Category 1,2,10.0,2023-08-02,1952,Michael Perez
4637,104,Product D,Category 2,6,40.0,2023-11-26,1768,Thomas Cole
3411,103,Product C,Category 2,1,30.0,2023-05-12,1741,Amy Sanchez
7238,102,Product B,Category 1,10,20.0,2023-01-12,1655,Heather Anderson
6677,102,Product B,Category 1,13,20.0,2023-05-06,1590,Frederick Hicks
4461,101,Product A,Category 1,14,10.0,2023-04-17,1624,Yvette Jackson
3546,104,Product D,Category 2,2,40.0,2023-05-20,1556,Anne Smith
3977,104,Product D,Category 2,9,40.0,2023-06-29,1819,Michele Hamilton
6405,102,Product B,Category 1,7,20.0,2023-02-03,1449,Joshua Reyes
1504,104,Product D,Category 2,13,40.0,2023-11-09,1540,Tina Thompson
9479,104,Product D,Category 2,5,40.0,2023-08-01,1842,Christopher Martin
2192,104,Product D,Category 2,1,40.0,2023-02-16,1416,Holly Graves
2837,102,Product B,Category 1,3,20.0,2023-07-31,1893,Lisa Glover
2706,101,Product A,Category 1,4,10.0,2023-11-21,1946,David Ashley
5838,103,Product C,Category 2,7,30.0,2023-05-18,1962,Kaitlyn Douglas
4187,101,Product A,Category 1,8,10.0,2023-02-02,1387,Gregory Phelps
9956,101,Product A,Category 1,1,10.0,2023-06-15,1704,David Sanders
952,101,Product A,Category 1,13,10.0,2023-01-19,1220,Julie Kim
494,101,Product A,Category 1,13,10.0,2023-01-07,1155,Mark Sanchez
2689,103,Product C,Category 2,11,30.0,2023-09-19,1476,Mary Robinson
5459,101,Product A,Category 1,5,10.0,2023-04-04,1207,Ashley Powell
5728,101,Product A,Category 1,3,10.0,2023-07-08,1827,Sharon Summers
8854,103,Product C,Category 2,9,30.0,2023-03-12,1706,Susan Adams
358,101,Product A,Category 1,10,10.0,2023-06-13,1923,Jessica Martin
6396,101,Product A,Category 1,9,10.0,2023-01-10,1268,Katelyn Abbott
567,101,Product A,Category 1,8,10.0,2023-09-22,1372,Ashley Campbell
5683,101,Product A,Category 1,4,10.0,2023-09-03,1561,Sean Rivera
2530,103,Product C,Category 2,3,30.0,2023-07-29,1192,Alicia Reynolds
5427,102,Product B,Category 1,9,20.0,2023-04-02,1043,Danielle Bell
964,101,Product A,Category 1,3,10.0,2023-06-29,1956,Mrs. Sonya Jacobs MD
1862,104,Product D,Category 2,15,40.0,2023-11-08,1625,Timothy Marshall
6215,104,Product D,Category 2,14,40.0,2023-09-23,1436,Mary Howard
3119,102,Product B,Category 1,9,20.0,2023-04-12,1489,Renee Hines
8543,102,Product B,Category 1,13,20.0,2023-11-13,1208,Lisa Smith
9389,104,Product D,Category 2,11,40.0,2023-10-22,1155,Mark Sanchez
473,102,Product B,Category 1,4,20.0,2023-05-05,1115,Matthew Duke
2224,103,Product C,Category 2,15,30.0,2023-12-10,1363,Sylvia Williams
2507,102,Product B,Category 1,5,20.0,2023-10-06,1361,Steven Gray
3981,104,Product D,Category 2,14,40.0,2023-05-15,1937,Cody Miles
5231,102,Product B,Category 1,3,20.0,2023-02-14,1166,Emma Sosa
2912,103,Product C,Category 2,2,30.0,2023-07-24,1356,Chris Kelley
1478,101,Product A,Category 1,7,10.0,2023-12-07,1181,Tammy Flores
5488,103,Product C,Category 2,2,30.0,2023-09-05,1684,Ronald Hamilton
2470,101,Product A,Category 1,15,10.0,2023-05-23,1196,Steven Simon
4716,103,Product C,Category 2,3,30.0,2023-08-08,1710,Nicole Caldwell
4448,104,Product D,Category 2,13,40.0,2023-03-07,1421,Miss Mary Williams
9722,104,Product D,Category 2,12,40.0,2023-09-25,1961,Nicholas Gutierrez
9456,101,Product A,Category 1,13,10.0,2023-10-15,1629,Alexander Ramirez
3978,102,Product B,Category 1,10,20.0,2023-12-15,1691,Brent Glenn
8682,102,Product B,Category 1,15,20.0,2023-07-14,1490,Robert Bishop
7151,101,Product A,Category 1,5,10.0,2023-03-25,1118,Heather Proctor
5552,102,Product B,Category 1,9,20.0,2023-06-02,1102,Nathaniel Noble
9131,103,Product C,Category 2,3,30.0,2023-06-09,1086,Angela Cunningham
2773,104,Product D,Category 2,5,40.0,2023-03-31,1327,James Stephens
496,101,Product A,Category 1,9,10.0,2023-11-13,1085,Virginia Smith
3561,101,Product A,Category 1,7,10.0,2023-02-26,1116,Mathew Morris
7511,103,Product C,Category 2,15,30.0,2023-10-04,1962,Kaitlyn Douglas
8512,102,Product B,Category 1,6,20.0,2023-11-12,1180,Joshua Raymond
6559,102,Product B,Category 1,2,20.0,2023-11-21,1459,Jacob White
5772,102,Product B,Category 1,1,20.0,2023-01-09,1229,Andrew Franklin
2386,102,Product B,Category 1,4,20.0,2023-07-13,1109,Erik Roberts
5605,101,Product A,Category 1,3,10.0,2023-11-26,1206,Sheila Perez
1520,104,Product D,Category 2,10,40.0,2023-05-11,1102,Nathaniel Noble
1608,104,Product D,Category 2,7,40.0,2023-01-22,1414,Amanda Wilson
1115,102,Product B,Category 1,12,20.0,2023-03-21,1643,Randy Ford
9401,102,Product B,Category 1,7,20.0,2023-06-18,1065,Dr. Amber Flores
1000,103,Product C,Category 2,1,30.0,2023-05-16,1598,Donna Li
4604,104,Product D,Category 2,4,40.0,2023-09-04,1873,April Jacobs
5346,103,Product C,Category 2,5,30.0,2023-04-05,1417,Courtney Haley
3074,101,Product A,Category 1,15,10.0,2023-04-07,1335,Anna Johnson
3089,104,Product D,Category 2,6,40.0,2023-10-28,1242,Lisa Choi
4382,103,Product C,Category 2,3,30.0,2023-07-22,1157,Christine Chase
6399,104,Product D,Category 2,5,40.0,2023-04-26,1461,Julie Jensen
9349,104,Product D,Category 2,5,40.0,2023-10-17,1251,Christina Clark
2381,101,Product A,Category 1,6,10.0,2023-03-29,1176,Christina Wagner
5977,103,Product C,Category 2,5,30.0,2023-11-25,1629,Alexander Ramirez
6210,103,Product C,Category 2,7,30.0,2023-04-16,1152,Timothy Schultz
5773,103,Product C,Category 2,4,30.0,2023-02-15,1906,Brittany Morgan
7966,103,Product C,Category 2,12,30.0,2023-12-10,1885,Dustin Anderson
9073,103,Product C,Category 2,10,30.0,2023-06-23,1096,Jaime Young
6237,103,Product C,Category 2,12,30.0,2023-11-25,1621,Samuel Johnston
8575,104,Product D,Category 2,15,40.0,2023-07-10,1749,Scott Wright
2946,101,Product A,Category 1,3,10.0,2023-08-30,1844,Sarah Smith
4679,102,Product B,Category 1,2,20.0,2023-08-20,1520,Angela Moreno
9887,102,Product B,Category 1,7,20.0,2023-03-31,1044,Jasmine Huynh
4854,101,Product A,Category 1,10,10.0,2023-10-20,1364,Andrew Gibson
7148,102,Product B,Category 1,7,20.0,2023-01-28,1950,Gregory Dickerson
8802,102,Product B,Category 1,5,20.0,2023-03-25,1773,Steven Mcdonald
2420,101,Product A,Category 1,4,10.0,2023-03-01,1533,Julie Richardson
151,101,Product A,Category 1,4,10.0,2023-04-18,1305,Jennifer Gordon
6347,102,Product B,Category 1,13,20.0,2023-09-16,1348,Wendy Small
6747,101,Product A,Category 1,15,10.0,2023-08-05,1844,Sarah Smith
2550,101,Product A,Category 1,5,10.0,2023-04-16,1749,Scott Wright
1956,101,Product A,Category 1,15,10.0,2023-04-19,1138,Ashley Moore
658,102,Product B,Category 1,1,20.0,2023-02-07,1661,Jamie Murphy
6055,104,Product D,Category 2,11,40.0,2023-12-29,1541,Bianca Sutton
6255,101,Product A,Category 1,12,10.0,2023-12-06,1786,Linda Salinas
5503,101,Product A,Category 1,15,10.0,2023-07-17,1613,Philip Bowen
4920,102,Product B,Category 1,3,20.0,2023-06-25,1055,Jennifer Giles
4523,101,Product A,Category 1,8,10.0,2023-06-20,1747,Sherri Green
6117,102,Product B,Category 1,4,20.0,2023-11-14,1555,Christopher Dawson DVM
116,101,Product A,Category 1,4,10.0,2023-01-31,1231,Marissa Carlson MD
1163,102,Product B,Category 1,3,20.0,2023-12-09,1649,Kimberly Hernandez
3799,103,Product C,Category 2,7,30.0,2023-12-13,1518,Luis Keller
4644,104,Product D,Category 2,3,40.0,2023-12-06,1354,Tiffany Franklin
5191,103,Product C,Category 2,6,30.0,2023-08-03,1532,Meagan Contreras
2870,101,Product A,Category 1,3,10.0,2023-05-24,1167,Joseph Mccarty
5325,102,Product B,Category 1,11,20.0,2023-01-28,1772,Eric White
3692,104,Product D,Category 2,7,40.0,2023-09-24,1178,Connie Garcia
8787,103,Product C,Category 2,13,30.0,2023-12-04,1260,Patricia Franklin
9155,102,Product B,Category 1,9,20.0,2023-12-11,1830,Oscar Palmer
144,101,Product A,Category 1,8,10.0,2023-02-25,1225,Dustin Bird
7173,104,Product D,Category 2,10,40.0,2023-12-23,1938,Mark Carlson
9275,101,Product A,Category 1,6,10.0,2023-04-15,1193,Kendra Johns
6272,103,Product C,Category 2,6,30.0,2023-10-03,1743,Roy Ryan
8283,102,Product B,Category 1,13,20.0,2023-10-18,1145,James Bauer
7603,102,Product B,Category 1,8,20.0,2023-10-18,1849,Bryan Cole
1374,104,Product D,Category 2,5,40.0,2023-03-22,1933,Tracy Fields
4439,102,Product B,Category 1,4,20.0,2023-07-11,1213,William Yates
4141,101,Product A,Category 1,10,10.0,2023-01-12,1992,Kathleen Manning
2491,103,Product C,Category 2,15,30.0,2023-05-02,1789,Jennifer Edwards
5713,102,Product B,Category 1,4,20.0,2023-04-20,1493,Mary Ferguson
8732,102,Product B,Category 1,10,20.0,2023-03-23,1085,Virginia Smith
2171,104,Product D,Category 2,11,40.0,2023-05-13,1334,Jennifer Burch
7884,104,Product D,Category 2,4,40.0,2023-07-16,1306,Jim Gregory
3387,103,Product C,Category 2,14,30.0,2023-02-02,1251,Christina Clark
9100,102,Product B,Category 1,8,20.0,2023-07-16,1207,Ashley Powell
6132,104,Product D,Category 2,14,40.0,2023-03-27,1122,Kristopher Lee
5845,102,Product B,Category 1,5,20.0,2023-11-20,1101,Evan Mitchell
547,102,Product B,Category 1,4,20.0,2023-08-19,1310,Regina Turner
7897,101,Product A,Category 1,12,10.0,2023-03-12,1247,Cory Allen
6854,101,Product A,Category 1,5,10.0,2023-04-24,1054,Crystal Chang
4599,101,Product A,Category 1,2,10.0,2023-09-03,1202,Joseph Stevens
3850,103,Product C,Category 2,11,30.0,2023-03-30,1752,Tammy Parrish
7057,102,Product B,Category 1,8,20.0,2023-05-04,1233,Robert Hahn
3025,104,Product D,Category 2,5,40.0,2023-06-25,1578,Robert Green
4329,102,Product B,Category 1,11,20.0,2023-09-23,1046,Zachary Gonzales
8165,101,Product A,Category 1,9,10.0,2023-05-09,1451,Ashley Silva
5986,102,Product B,Category 1,13,20.0,2023-01-17,1020,Matthew Russell
333,102,Product B,Category 1,10,20.0,2023-12-03,1894,Jamie Mcguire
5572,102,Product B,Category 1,10,20.0,2023-02-01,1349,Teresa Chung
8803,102,Product B,Category 1,15,20.0,2023-02-22,1177,Anthony Brown
1114,101,Product A,Category 1,6,10.0,2023-10-04,1165,Ryan Rodriguez
7145,101,Product A,Category 1,8,10.0,2023-08-05,1385,Mrs. Brandi Shaw
4725,104,Product D,Category 2,5,40.0,2023-07-18,1568,Sarah Harper
9049,101,Product A,Category 1,5,10.0,2023-12-08,1336,Michael Richard
3212,102,Product B,Category 1,11,20.0,2023-01-29,1506,Summer Stevens
4828,101,Product A,Category 1,6,10.0,2023-05-11,1129,Mary Ray
3190,101,Product A,Category 1,5,10.0,2023-01-29,1689,Nicholas Dalton
2586,103,Product C,Category 2,10,30.0,2023-03-13,1001,Laura Brooks
8660,104,Product D,Category 2,1,40.0,2023-01-14,1847,Paul Smith
8704,101,Product A,Category 1,7,10.0,2023-06-04,1540,Tina Thompson
8868,101,Product A,Category 1,3,10.0,2023-07-25,1662,Tracy Leach
4926,102,Product B,Category 1,4,20.0,2023-02-22,1541,Bianca Sutton
5703,101,Product A,Category 1,1,10.0,2023-10-19,1005,Jesse Gonzalez
381,101,Product A,Category 1,14,10.0,2023-08-28,1755,Jessica Craig
8271,101,Product A,Category 1,3,10.0,2023-08-17,1469,Michael Jones
6725,104,Product D,Category 2,5,40.0,2023-07-19,1595,Belinda Santos
4949,103,Product C,Category 2,8,30.0,2023-11-27,1316,Stacey Miller
8228,102,Product B,Category 1,4,20.0,2023-03-14,1356,Chris Kelley
7606,101,Product A,Category 1,7,10.0,2023-07-25,1229,Andrew Franklin
8774,102,Product B,Category 1,4,20.0,2023-03-25,1378,Audrey Davis
4,101,Product A,Category 1,7,10.0,2023-08-05,1443,Shannon Garcia
9485,101,Product A,Category 1,10,10.0,2023-06-24,1658,John Abbott
7150,101,Product A,Category 1,4,10.0,2023-08-06,1474,Michael Wallace
2292,102,Product B,Category 1,6,20.0,2023-07-18,1024,Curtis Campbell
1773,101,Product A,Category 1,4,10.0,2023-05-24,1421,Miss Mary Williams
5841,104,Product D,Category 2,3,40.0,2023-12-15,1666,Guy Reed Jr.
4234,104,Product D,Category 2,2,40.0,2023-01-26,1823,Nicole Galloway
6121,102,Product B,Category 1,2,20.0,2023-03-03,1345,Karen West
8965,101,Product A,Category 1,1,10.0,2023-09-09,1063,Dr. Donna Shelton
3246,104,Product D,Category 2,5,40.0,2023-05-29,1743,Roy Ryan
2195,102,Product B,Category 1,3,20.0,2023-03-08,1353,Isabella Park
1698,101,Product A,Category 1,9,10.0,2023-06-23,1971,Mark Mccann
6635,104,Product D,Category 2,15,40.0,2023-09-24,1397,Shannon Molina
6810,104,Product D,Category 2,9,40.0,2023-12-29,1646,Tyler Nunez
1676,102,Product B,Category 1,13,20.0,2023-07-11,1926,Christina Patterson
4419,102,Product B,Category 1,12,20.0,2023-08-17,1242,Lisa Choi
8,102,Product B,Category 1,5,20.0,2023-08-07,1778,Jennifer Rodriguez
3968,102,Product B,Category 1,9,20.0,2023-12-22,1669,Tyrone Allen
9353,102,Product B,Category 1,14,20.0,2023-11-04,1873,April Jacobs
6177,102,Product B,Category 1,5,20.0,2023-07-21,1247,Cory Allen
6806,102,Product B,Category 1,11,20.0,2023-05-17,1095,Lawrence Oneill
3117,103,Product C,Category 2,3,30.0,2023-10-10,1931,William Carson
4978,103,Product C,Category 2,14,30.0,2023-10-19,1803,Heather Jefferson
2161,103,Product C,Category 2,3,30.0,2023-08-19,1938,Mark Carlson
2207,102,Product B,Category 1,15,20.0,2023-11-08,1857,Jessica Oconnor
5870,101,Product A,Category 1,1,10.0,2023-10-15,1040,Shawn Castillo
1772,102,Product B,Category 1,6,20.0,2023-06-14,1217,Jessica Harper
3493,101,Product A,Category 1,11,10.0,2023-06-18,1522,Jack Medina
7895,104,Product D,Category 2,3,40.0,2023-12-08,1357,Calvin Brock
6289,102,Product B,Category 1,6,20.0,2023-12-30,1167,Joseph Mccarty
7977,101,Product A,Category 1,6,10.0,2023-02-23,1441,Kimberly Harris
8262,101,Product A,Category 1,6,10.0,2023-11-13,1997,Kimberly Banks
6306,102,Product B,Category 1,15,20.0,2023-10-16,1668,Brian Bridges
9339,104,Product D,Category 2,1,40.0,2023-11-11,1655,Heather Anderson
9827,102,Product B,Category 1,4,20.0,2023-08-05,1204,Keith Knight
7714,104,Product D,Category 2,7,40.0,2023-05-23,1931,William Carson
258,102,Product B,Category 1,9,20.0,2023-04-14,1592,Taylor Dawson
5674,101,Product A,Category 1,2,10.0,2023-01-28,1338,Anthony Patton
9735,104,Product D,Category 2,15,40.0,2023-09-03,1840,Ian Perkins
3988,103,Product C,Category 2,14,30.0,2023-07-28,1116,Mathew Morris
1791,101,Product A,Category 1,14,10.0,2023-05-09,1912,Joann Brown
568,101,Product A,Category 1,12,10.0,2023-07-07,1594,Amanda Bowers
9655,102,Product B,Category 1,15,20.0,2023-06-16,1506,Summer Stevens
6171,104,Product D,Category 2,14,40.0,2023-01-17,1249,Angela Perez
2373,104,Product D,Category 2,3,40.0,2023-01-05,1641,Tanya Daugherty
8609,103,Product C,Category 2,8,30.0,2023-10-14,1331,Katherine Oliver
7438,103,Product C,Category 2,9,30.0,2023-06-02,1499,Justin Alvarado
5148,102,Product B,Category 1,9,20.0,2023-11-07,1062,Matthew Donovan
2551,101,Product A,Category 1,6,10.0,2023-02-08,1987,Stephanie Patterson
1560,102,Product B,Category 1,9,20.0,2023-02-23,2001,Phillip Ballard
2769,104,Product D,Category 2,12,40.0,2023-01-18,1735,Antonio Petersen
7240,102,Product B,Category 1,14,20.0,2023-11-13,1745,Christy Bradford
3401,102,Product B,Category 1,13,20.0,2023-04-06,1271,Thomas Wu
7295,101,Product A,Category 1,5,10.0,2023-05-21,1268,Katelyn Abbott
6944,104,Product D,Category 2,12,40.0,2023-04-23,1486,Jonathan Rodriguez
4441,102,Product B,Category 1,12,20.0,2023-05-17,1018,Jill Schwartz
3063,101,Product A,Category 1,4,10.0,2023-10-14,1259,Daniel Mcmillan
3705,101,Product A,Category 1,2,10.0,2023-01-27,1519,Tiffany Johnson
2159,102,Product B,Category 1,10,20.0,2023-09-12,1569,Timothy Perkins
7855,103,Product C,Category 2,14,30.0,2023-04-23,1768,Thomas Cole
3677,103,Product C,Category 2,13,30.0,2023-07-17,1410,Jessica Harvey
888,101,Product A,Category 1,2,10.0,2023-09-09,1993,Morgan Santiago
3371,102,Product B,Category 1,7,20.0,2023-04-03,1527,Brandon Howell
980,101,Product A,Category 1,10,10.0,2023-12-08,1616,Jonathan Morrow
4298,104,Product D,Category 2,3,40.0,2023-02-21,1924,Paul Brown
2133,104,Product D,Category 2,10,40.0,2023-09-18,1898,Henry Wright
1706,101,Product A,Category 1,2,10.0,2023-08-02,1030,Craig Smith
3673,104,Product D,Category 2,8,40.0,2023-12-24,1512,Brian Austin
615,102,Product B,Category 1,5,20.0,2023-04-18,1552,Megan Crawford
6950,103,Product C,Category 2,4,30.0,2023-09-26,1266,John Banks
2409,101,Product A,Category 1,13,10.0,2023-07-20,1535,Rebecca Snyder
8699,102,Product B,Category 1,2,20.0,2023-03-31,1300,Barbara Peterson
5753,101,Product A,Category 1,14,10.0,2023-06-28,1719,Michael Williams
7408,104,Product D,Category 2,2,40.0,2023-06-27,1957,Todd Aguilar
1642,103,Product C,Category 2,11,30.0,2023-04-05,1119,Matthew Rogers
528,102,Product B,Category 1,5,20.0,2023-11-26,1747,Sherri Green
2623,104,Product D,Category 2,10,40.0,2023-11-13,1424,Justin Snyder
9913,104,Product D,Category 2,9,40.0,2023-11-17,1831,Jenny Perez
9494,101,Product A,Category 1,3,10.0,2023-10-20,1119,Matthew Rogers
1605,102,Product B,Category 1,9,20.0,2023-09-18,1483,Tammy Martinez
9271,104,Product D,Category 2,12,40.0,2023-02-10,1400,Michelle Brewer
9006,102,Product B,Category 1,5,20.0,2023-07-13,1717,Ricardo Kim
6070,104,Product D,Category 2,3,40.0,2023-10-30,1347,Noah Fuentes
9300,101,Product A,Category 1,9,10.0,2023-10-10,1932,Philip Mack
5735,104,Product D,Category 2,14,40.0,2023-02-14,1338,Anthony Patton
8586,101,Product A,Category 1,3,10.0,2023-11-17,1389,Michelle Lopez
1924,102,Product B,Category 1,10,20.0,2023-09-10,1769,Ricky Soto
5130,101,Product A,Category 1,1,10.0,2023-09-23,1979,Joseph Phillips
1854,101,Product A,Category 1,4,10.0,2023-07-20,1470,Kristen Myers
7800,102,Product B,Category 1,14,20.0,2023-10-17,1228,Terrance Novak
6500,102,Product B,Category 1,5,20.0,2023-09-28,1636,Jeffery Warner
3248,102,Product B,Category 1,11,20.0,2023-08-23,1663,Miss Crystal Butler
4982,104,Product D,Category 2,8,40.0,2023-03-18,1083,Melanie Schultz
7415,104,Product D,Category 2,14,40.0,2023-06-21,1875,Morgan Roberson
3149,101,Product A,Category 1,6,10.0,2023-08-01,1601,Brett Cook
2298,104,Product D,Category 2,3,40.0,2023-01-14,1303,Ashley Lopez
6880,104,Product D,Category 2,1,40.0,2023-12-29,1199,Michael Romero
6619,101,Product A,Category 1,5,10.0,2023-07-16,1308,Amy Barber
3878,101,Product A,Category 1,15,10.0,2023-06-17,1367,Elizabeth Oconnor
3103,102,Product B,Category 1,8,20.0,2023-05-15,1147,Kevin Larson
3177,101,Product A,Category 1,6,10.0,2023-01-21,1872,David Krueger
4004,102,Product B,Category 1,3,20.0,2023-04-09,1183,Samuel Cook
7129,101,Product A,Category 1,6,10.0,2023-09-05,1580,Cory Ross
7807,104,Product D,Category 2,2,40.0,2023-11-12,1022,Linda Campbell
8405,102,Product B,Category 1,15,20.0,2023-01-15,1378,Audrey Davis
4576,101,Product A,Category 1,13,10.0,2023-11-10,1187,Bob Franklin
9977,101,Product A,Category 1,14,10.0,2023-08-28,1208,Lisa Smith
5398,102,Product B,Category 1,15,20.0,2023-01-23,1155,Mark Sanchez
7083,103,Product C,Category 2,12,30.0,2023-05-24,1035,Robert Rodriguez
7486,103,Product C,Category 2,13,30.0,2023-02-08,1888,Fernando Williams
3719,102,Product B,Category 1,14,20.0,2023-04-03,1803,Heather Jefferson
9000,102,Product B,Category 1,5,20.0,2023-08-21,1527,Brandon Howell
5065,104,Product D,Category 2,6,40.0,2023-12-21,1348,Wendy Small
5596,104,Product D,Category 2,2,40.0,2023-08-12,1357,Calvin Brock
1345,101,Product A,Category 1,10,10.0,2023-04-14,1713,Jeffery Brown
334,104,Product D,Category 2,14,40.0,2023-03-09,1339,Mary Mccoy MD
2588,104,Product D,Category 2,3,40.0,2023-02-17,1342,Benjamin Sutton
1947,102,Product B,Category 1,15,20.0,2023-11-09,1573,Jimmy Blanchard
6214,102,Product B,Category 1,1,20.0,2023-09-11,1568,Sarah Harper
1039,101,Product A,Category 1,13,10.0,2023-11-26,1559,Brian Saunders
7842,101,Product A,Category 1,11,10.0,2023-05-21,1080,Joshua Becker
6246,101,Product A,Category 1,15,10.0,2023-04-01,1071,Carl Evans
7778,104,Product D,Category 2,11,40.0,2023-12-08,1394,Lori Edwards
7066,104,Product D,Category 2,12,40.0,2023-02-18,1439,Samantha Fields
8284,103,Product C,Category 2,4,30.0,2023-10-20,1730,Jasmine Espinoza
2683,103,Product C,Category 2,12,30.0,2023-08-13,1953,Billy Wilson
884,102,Product B,Category 1,5,20.0,2023-02-25,1532,Meagan Contreras
8437,103,Product C,Category 2,5,30.0,2023-09-21,1345,Karen West
7781,102,Product B,Category 1,14,20.0,2023-05-06,1682,Evan Garcia
7938,102,Product B,Category 1,7,20.0,2023-03-31,1709,Nicholas Pena
318,101,Product A,Category 1,1,10.0,2023-08-02,1021,Thomas Buckley
9399,104,Product D,Category 2,10,40.0,2023-12-07,1229,Andrew Franklin
9869,104,Product D,Category 2,7,40.0,2023-12-24,1135,Laura Wagner
5921,102,Product B,Category 1,12,20.0,2023-04-10,1243,Patricia Sampson
8265,102,Product B,Category 1,6,20.0,2023-03-19,1362,Jason Hurley
6669,101,Product A,Category 1,7,10.0,2023-07-19,1594,Amanda Bowers
9901,102,Product B,Category 1,15,20.0,2023-10-21,1873,April Jacobs
3518,102,Product B,Category 1,1,20.0,2023-06-27,1345,Karen West
4618,101,Product A,Category 1,8,10.0,2023-12-30,1851,Jessica Golden
8951,102,Product B,Category 1,9,20.0,2023-04-12,1507,Bryan Myers
7463,102,Product B,Category 1,4,20.0,2023-06-01,1354,Tiffany Franklin
3506,102,Product B,Category 1,15,20.0,2023-12-13,1052,Eric Parker
8593,101,Product A,Category 1,2,10.0,2023-07-15,1070,Miss Brittany Boyd
3882,102,Product B,Category 1,11,20.0,2023-07-05,1740,Jesse Miller
8859,101,Product A,Category 1,11,10.0,2023-02-27,1006,Douglas Willis
9301,103,Product C,Category 2,3,30.0,2023-09-16,1197,Erica Wang
4160,101,Product A,Category 1,11,10.0,2023-09-14,1878,Deborah Ortega
6469,101,Product A,Category 1,2,10.0,2023-11-15,1226,Tracy Moore
6435,103,Product C,Category 2,9,30.0,2023-10-06,1224,Taylor Johnson
3426,102,Product B,Category 1,6,20.0,2023-07-04,1719,Michael Williams
676,101,Product A,Category 1,10,10.0,2023-03-27,1896,Margaret Odonnell
8556,104,Product D,Category 2,15,40.0,2023-11-09,1994,Jennifer Thompson
6176,102,Product B,Category 1,3,20.0,2023-12-23,1801,Katherine Delacruz
6369,101,Product A,Category 1,6,10.0,2023-06-18,1126,Anthony Kaiser
8721,103,Product C,Category 2,7,30.0,2023-07-13,1879,Timothy Randall
9211,101,Product A,Category 1,9,10.0,2023-08-31,1964,Christopher Gonzales
3802,101,Product A,Category 1,6,10.0,2023-05-02,1871,Brent Garcia
8108,103,Product C,Category 2,6,30.0,2023-06-04,1682,Evan Garcia
4386,101,Product A,Category 1,9,10.0,2023-02-04,1817,Christopher Morris
9647,103,Product C,Category 2,9,30.0,2023-03-25,1093,Lisa Hester
3696,101,Product A,Category 1,8,10.0,2023-12-10,1498,Angela Guerrero
7254,101,Product A,Category 1,4,10.0,2023-12-27,1831,Jenny Perez
653,102,Product B,Category 1,10,20.0,2023-09-03,1758,Dr. Adam Hudson MD
2007,101,Product A,Category 1,2,10.0,2023-06-22,1353,Isabella Park
9964,101,Product A,Category 1,15,10.0,2023-07-26,1517,Diamond Williams
175,101,Product A,Category 1,13,10.0,2023-04-08,1111,Christopher Smith
2104,104,Product D,Category 2,3,40.0,2023-02-08,1892,Elizabeth Mercado
2992,104,Product D,Category 2,3,40.0,2023-12-17,1129,Mary Ray
2587,104,Product D,Category 2,4,40.0,2023-05-11,1219,Kathleen White
2958,104,Product D,Category 2,11,40.0,2023-11-30,1505,Melissa Myers
5557,102,Product B,Category 1,8,20.0,2023-06-09,1578,Robert Green
9921,101,Product A,Category 1,7,10.0,2023-08-22,1179,Michael Sexton
9912,101,Product A,Category 1,15,10.0,2023-01-10,1858,James Smith
6309,102,Product B,Category 1,13,20.0,2023-04-29,1266,John Banks
3473,103,Product C,Category 2,5,30.0,2023-09-02,1986,Joseph Vance
6486,104,Product D,Category 2,6,40.0,2023-02-09,1206,Sheila Perez
5801,102,Product B,Category 1,10,20.0,2023-11-28,1034,Sarah Thomas
7906,102,Product B,Category 1,3,20.0,2023-11-22,1413,Patrick Chung
8583,102,Product B,Category 1,9,20.0,2023-10-19,1432,Shelley Bullock
1992,103,Product C,Category 2,6,30.0,2023-09-09,1984,Lisa Martinez
3683,104,Product D,Category 2,8,40.0,2023-03-23,1651,Natalie Moreno
6228,101,Product A,Category 1,13,10.0,2023-01-08,1191,Gabriella Bennett
7491,101,Product A,Category 1,7,10.0,2023-12-10,1248,Matthew May
816,103,Product C,Category 2,15,30.0,2023-12-15,1012,Lee Randolph
5751,104,Product D,Category 2,4,40.0,2023-09-27,1630,Susan Short
4903,102,Product B,Category 1,9,20.0,2023-08-15,1159,Marie Rivera
7819,102,Product B,Category 1,11,20.0,2023-02-18,1687,Ryan Archer
8947,103,Product C,Category 2,2,30.0,2023-04-20,1236,William Jones
5883,101,Product A,Category 1,6,10.0,2023-03-26,1097,Christopher Delgado
7371,101,Product A,Category 1,14,10.0,2023-11-25,1831,Jenny Perez
9152,102,Product B,Category 1,7,20.0,2023-03-22,1480,Kimberly Johnson
8213,101,Product A,Category 1,7,10.0,2023-08-01,1626,Sally Wilson
7047,102,Product B,Category 1,5,20.0,2023-05-10,1741,Amy Sanchez
5981,103,Product C,Category 2,14,30.0,2023-07-09,1927,Elizabeth Barnett
4060,101,Product A,Category 1,1,10.0,2023-09-22,1698,Samuel Smith
1903,101,Product A,Category 1,14,10.0,2023-05-02,1103,Ryan Turner
8205,102,Product B,Category 1,10,20.0,2023-12-13,1771,Rhonda Garrett
3279,101,Product A,Category 1,8,10.0,2023-07-17,1753,Bradley Townsend
3300,104,Product D,Category 2,8,40.0,2023-09-09,1854,Melissa Stanton
4752,101,Product A,Category 1,12,10.0,2023-09-27,1752,Tammy Parrish
3932,102,Product B,Category 1,2,20.0,2023-06-13,1096,Jaime Young
6076,101,Product A,Category 1,7,10.0,2023-05-04,1377,Juan Murphy
9802,101,Product A,Category 1,3,10.0,2023-12-11,1009,Nicole Bailey
9524,103,Product C,Category 2,13,30.0,2023-09-12,1679,Christie Smith
4777,103,Product C,Category 2,8,30.0,2023-03-29,1071,Carl Evans
8269,101,Product A,Category 1,10,10.0,2023-05-08,1313,Crystal Johns
5517,102,Product B,Category 1,10,20.0,2023-02-14,1817,Christopher Morris
6150,101,Product A,Category 1,8,10.0,2023-03-16,1186,Dr. Tammy Walker
9658,104,Product D,Category 2,1,40.0,2023-12-10,1815,Kirsten Tran
4145,102,Product B,Category 1,6,20.0,2023-12-25,1918,Mr. Wesley White
6096,102,Product B,Category 1,6,20.0,2023-12-21,1667,Matthew Delacruz
5315,101,Product A,Category 1,4,10.0,2023-08-26,1749,Scott Wright
5536,102,Product B,Category 1,2,20.0,2023-01-21,1876,Dustin Fletcher
5399,102,Product B,Category 1,13,20.0,2023-05-03,1048,Jessica Smith
1876,103,Product C,Category 2,14,30.0,2023-05-10,1434,Scott Johnston
8939,101,Product A,Category 1,5,10.0,2023-03-07,1778,Jennifer Rodriguez
356,101,Product A,Category 1,3,10.0,2023-11-14,1444,Zachary Young
6342,104,Product D,Category 2,4,40.0,2023-11-15,1716,Rebecca Green
286,104,Product D,Category 2,13,40.0,2023-09-01,1563,Lori Wall
5214,103,Product C,Category 2,3,30.0,2023-02-23,1332,Brittany Lester
521,104,Product D,Category 2,9,40.0,2023-03-10,1240,Troy Phillips
4126,103,Product C,Category 2,11,30.0,2023-05-17,1581,Joe Beck
8948,102,Product B,Category 1,15,20.0,2023-08-16,1383,David Nielsen
1621,102,Product B,Category 1,1,20.0,2023-03-16,1073,Darrell Malone
4034,102,Product B,Category 1,14,20.0,2023-03-05,1543,Patrick Williams
2249,102,Product B,Category 1,13,20.0,2023-02-11,1642,Bryce Coleman
6813,103,Product C,Category 2,10,30.0,2023-10-16,1068,Tina Thompson
4925,104,Product D,Category 2,2,40.0,2023-07-14,1381,Courtney Hansen
2521,102,Product B,Category 1,5,20.0,2023-01-05,1357,Calvin Brock
8943,103,Product C,Category 2,15,30.0,2023-08-11,1640,Dr. Kelly Walker
9696,102,Product B,Category 1,8,20.0,2023-07-01,1287,David Sanchez
4894,102,Product B,Category 1,1,20.0,2023-11-15,1031,Robert Silva
9739,101,Product A,Category 1,2,10.0,2023-01-27,1659,Diana Taylor
4391,104,Product D,Category 2,9,40.0,2023-03-14,1187,Bob Franklin
6482,101,Product A,Category 1,14,10.0,2023-02-27,1067,Barbara Coleman
6456,101,Product A,Category 1,4,10.0,2023-08-27,1725,Matthew Downs
1165,102,Product B,Category 1,11,20.0,2023-03-20,1101,Evan Mitchell
3128,102,Product B,Category 1,10,20.0,2023-05-04,1623,Victor Zuniga
9425,102,Product B,Category 1,5,20.0,2023-12-13,1713,Jeffery Brown
9936,104,Product D,Category 2,10,40.0,2023-06-01,1057,Larry Clark
5293,104,Product D,Category 2,4,40.0,2023-04-15,1537,Steven Taylor
1782,101,Product A,Category 1,9,10.0,2023-09-09,1189,Alyssa Delacruz
7892,102,Product B,Category 1,10,20.0,2023-01-04,1493,Mary Ferguson
6335,104,Product D,Category 2,7,40.0,2023-07-08,1750,Steve Hamilton
3258,102,Product B,Category 1,12,20.0,2023-12-21,1724,Kevin Copeland
7002,103,Product C,Category 2,13,30.0,2023-01-14,1294,Tammy Robinson
4646,101,Product A,Category 1,6,10.0,2023-10-18,1805,Joshua Lozano
5742,103,Product C,Category 2,8,30.0,2023-03-25,1124,Carrie Crawford
8797,101,Product A,Category 1,5,10.0,2023-11-19,1035,Robert Rodriguez
4243,104,Product D,Category 2,8,40.0,2023-03-21,1208,Lisa Smith
4848,104,Product D,Category 2,12,40.0,2023-06-04,1679,Christie Smith
7330,103,Product C,Category 2,11,30.0,2023-01-05,1550,Robert Fox
490,101,Product A,Category 1,15,10.0,2023-07-09,1295,Jeffrey Ballard
7366,101,Product A,Category 1,12,10.0,2023-10-28,1408,Jesus Williams
5245,101,Product A,Category 1,3,10.0,2023-09-01,1374,Cynthia Morgan
2861,101,Product A,Category 1,10,10.0,2023-05-23,1572,Nicholas Austin
4874,101,Product A,Category 1,9,10.0,2023-08-10,1759,James Herrera
245,102,Product B,Category 1,9,20.0,2023-04-26,1986,Joseph Vance
3373,101,Product A,Category 1,9,10.0,2023-08-19,1921,Kurt Tucker
5579,104,Product D,Category 2,10,40.0,2023-04-22,1719,Michael Williams
9154,103,Product C,Category 2,3,30.0,2023-10-26,1248,Matthew May
4573,103,Product C,Category 2,13,30.0,2023-08-11,1266,John Banks
3776,101,Product A,Category 1,15,10.0,2023-12-30,1903,Caleb Brooks
7154,101,Product A,Category 1,14,10.0,2023-04-29,1644,Heather Leonard
9817,102,Product B,Category 1,12,20.0,2023-02-15,1455,Brendan Flores
4479,103,Product C,Category 2,10,30.0,2023-10-18,1376,William Lewis
9124,101,Product A,Category 1,3,10.0,2023-11-15,1588,Edward Allen
5281,103,Product C,Category 2,14,30.0,2023-02-19,1655,Heather Anderson
1921,103,Product C,Category 2,6,30.0,2023-04-11,1743,Roy Ryan
1736,104,Product D,Category 2,12,40.0,2023-07-29,1423,George Nash
4256,102,Product B,Category 1,13,20.0,2023-11-28,1529,Lucas Rogers
1167,101,Product A,Category 1,11,10.0,2023-06-20,1637,Diane Thomas
6148,104,Product D,Category 2,14,40.0,2023-12-12,1462,Amy Wang
7754,104,Product D,Category 2,2,40.0,2023-06-03,1306,Jim Gregory
4970,102,Product B,Category 1,9,20.0,2023-12-13,1627,Daniel Lopez
2624,102,Product B,Category 1,5,20.0,2023-07-11,1463,Tiffany Luna
8573,103,Product C,Category 2,4,30.0,2023-08-01,1161,Douglas Ortega
6209,102,Product B,Category 1,6,20.0,2023-01-04,1551,Robin Russo
1355,102,Product B,Category 1,11,20.0,2023-04-07,1730,Jasmine Espinoza
8432,101,Product A,Category 1,8,10.0,2023-11-04,1394,Lori Edwards
8723,101,Product A,Category 1,9,10.0,2023-02-18,1848,Amber Campbell
5132,101,Product A,Category 1,1,10.0,2023-04-20,1436,Mary Howard
5733,101,Product A,Category 1,14,10.0,2023-02-23,1082,Donna Smith
2112,101,Product A,Category 1,9,10.0,2023-08-05,1400,Michelle Brewer
5806,104,Product D,Category 2,4,40.0,2023-06-29,1032,Jacob Brown
9789,101,Product A,Category 1,10,10.0,2023-06-05,1950,Gregory Dickerson
9933,102,Product B,Category 1,12,20.0,2023-03-13,1406,Lonnie Wolf
2307,101,Product A,Category 1,9,10.0,2023-07-07,1409,Lynn Shields
6320,101,Product A,Category 1,9,10.0,2023-08-27,1525,Alexandra Young
9526,102,Product B,Category 1,12,20.0,2023-10-16,1845,Jennifer Rosales
4474,103,Product C,Category 2,4,30.0,2023-03-06,1369,Carolyn Collins
6403,102,Product B,Category 1,14,20.0,2023-03-17,1267,Jordan Johnson
4237,101,Product A,Category 1,15,10.0,2023-06-20,1892,Elizabeth Mercado
1324,101,Product A,Category 1,5,10.0,2023-01-14,1123,David Mccoy
3664,102,Product B,Category 1,1,20.0,2023-11-23,1129,Mary Ray
6765,101,Product A,Category 1,1,10.0,2023-08-07,1595,Belinda Santos
8211,102,Product B,Category 1,10,20.0,2023-01-23,1155,Mark Sanchez
6767,101,Product A,Category 1,5,10.0,2023-02-22,1912,Joann Brown
9650,104,Product D,Category 2,11,40.0,2023-04-22,1751,Debbie Roth
2723,104,Product D,Category 2,9,40.0,2023-06-09,1134,Tiffany Boyd DVM
9623,101,Product A,Category 1,6,10.0,2023-07-08,1924,Paul Brown
5286,101,Product A,Category 1,13,10.0,2023-07-06,1980,Micheal Murphy
8329,101,Product A,Category 1,3,10.0,2023-07-25,1306,Jim Gregory
9818,102,Product B,Category 1,7,20.0,2023-06-24,2000,Molly Martin
2150,101,Product A,Category 1,8,10.0,2023-08-01,1498,Angela Guerrero
2835,102,Product B,Category 1,14,20.0,2023-09-12,1135,Laura Wagner
9342,103,Product C,Category 2,5,30.0,2023-11-07,1482,Amanda Ayers
60,101,Product A,Category 1,12,10.0,2023-04-15,1864,Edward Cohen
8232,104,Product D,Category 2,1,40.0,2023-12-14,1884,Donald Davis
4703,103,Product C,Category 2,6,30.0,2023-04-05,1394,Lori Edwards
1029,101,Product A,Category 1,11,10.0,2023-06-29,1654,Suzanne Johnson
7097,101,Product A,Category 1,11,10.0,2023-09-08,1729,Karen Moyer
161,101,Product A,Category 1,13,10.0,2023-08-18,1407,Jennifer Brock
8626,102,Product B,Category 1,10,20.0,2023-01-16,1102,Nathaniel Noble
3492,101,Product A,Category 1,2,10.0,2023-04-05,1424,Justin Snyder
9691,102,Product B,Category 1,1,20.0,2023-05-20,1809,Katherine King
5118,103,Product C,Category 2,4,30.0,2023-09-03,1053,Hannah Mclaughlin
7957,101,Product A,Category 1,6,10.0,2023-11-16,1652,Mitchell Burch
5386,103,Product C,Category 2,2,30.0,2023-10-25,1332,Brittany Lester
97,101,Product A,Category 1,15,10.0,2023-06-27,1113,Jeffery Moran
2485,102,Product B,Category 1,8,20.0,2023-07-19,1068,Tina Thompson
4347,101,Product A,Category 1,10,10.0,2023-03-30,1394,Lori Edwards
679,102,Product B,Category 1,9,20.0,2023-05-29,1591,Jennifer Ford
2350,101,Product A,Category 1,10,10.0,2023-01-28,1368,Heather Knight
1371,103,Product C,Category 2,8,30.0,2023-09-01,1112,Rachel Graham
3761,104,Product D,Category 2,15,40.0,2023-10-05,1015,Dennis Castillo
3368,102,Product B,Category 1,6,20.0,2023-11-14,1611,Matthew Lucas
6884,103,Product C,Category 2,13,30.0,2023-11-17,1426,Andrew Hill
8302,102,Product B,Category 1,12,20.0,2023-06-04,1455,Brendan Flores
669,102,Product B,Category 1,14,20.0,2023-09-30,1928,Marissa Mendoza
4423,104,Product D,Category 2,15,40.0,2023-07-25,1537,Steven Taylor
7880,103,Product C,Category 2,11,30.0,2023-09-16,1267,Jordan Johnson
8393,101,Product A,Category 1,9,10.0,2023-12-27,1673,Destiny Rivas
3214,101,Product A,Category 1,4,10.0,2023-10-11,1063,Dr. Donna Shelton
2180,101,Product A,Category 1,10,10.0,2023-12-15,1577,Christopher Hampton
4557,101,Product A,Category 1,6,10.0,2023-02-09,1048,Jessica Smith
8566,101,Product A,Category 1,4,10.0,2023-09-13,1673,Destiny Rivas
8760,102,Product B,Category 1,1,20.0,2023-05-05,1400,Michelle Brewer
7934,102,Product B,Category 1,5,20.0,2023-06-29,1885,Dustin Anderson
8578,103,Product C,Category 2,2,30.0,2023-02-08,1802,Sarah Moses
5918,101,Product A,Category 1,1,10.0,2023-10-26,1838,Crystal Marsh
6261,101,Product A,Category 1,13,10.0,2023-01-08,1045,Jason Williams
5510,101,Product A,Category 1,8,10.0,2023-11-14,1752,Tammy Parrish
1050,104,Product D,Category 2,13,40.0,2023-06-06,1699,Sabrina Schultz
8640,103,Product C,Category 2,11,30.0,2023-01-29,1301,Matthew Riley
3453,102,Product B,Category 1,2,20.0,2023-02-26,1738,Sabrina Soto
7757,101,Product A,Category 1,2,10.0,2023-07-11,1682,Evan Garcia
7801,101,Product A,Category 1,14,10.0,2023-12-02,1126,Anthony Kaiser
9839,102,Product B,Category 1,2,20.0,2023-08-08,1718,George Cox
4632,104,Product D,Category 2,15,40.0,2023-12-17,1956,Mrs. Sonya Jacobs MD
4090,104,Product D,Category 2,8,40.0,2023-09-23,1650,Joshua Turner
8300,102,Product B,Category 1,14,20.0,2023-09-17,1112,Rachel Graham
6552,101,Product A,Category 1,10,10.0,2023-06-11,1189,Alyssa Delacruz
8994,101,Product A,Category 1,15,10.0,2023-12-04,1571,Robert Keller
2657,104,Product D,Category 2,6,40.0,2023-06-25,1723,Courtney Lyons
9565,104,Product D,Category 2,9,40.0,2023-06-07,1778,Jennifer Rodriguez
3133,103,Product C,Category 2,2,30.0,2023-02-27,1204,Keith Knight
7883,102,Product B,Category 1,8,20.0,2023-07-31,1147,Kevin Larson
5141,103,Product C,Category 2,13,30.0,2023-12-28,1357,Calvin Brock
207,101,Product A,Category 1,8,10.0,2023-09-14,1386,John Flowers
7791,104,Product D,Category 2,14,40.0,2023-12-10,1355,Tracy Shepherd
5673,101,Product A,Category 1,9,10.0,2023-02-17,1893,Lisa Glover
8428,104,Product D,Category 2,14,40.0,2023-07-08,1262,Patricia Garcia
9983,101,Product A,Category 1,9,10.0,2023-02-19,1840,Ian Perkins
7267,104,Product D,Category 2,5,40.0,2023-06-17,1688,Robert Mclaughlin
2653,101,Product A,Category 1,6,10.0,2023-09-20,1775,William Camacho
5533,102,Product B,Category 1,6,20.0,2023-04-28,1446,Suzanne Flores MD
8202,102,Product B,Category 1,10,20.0,2023-12-06,1733,Diana Hopkins
7505,102,Product B,Category 1,4,20.0,2023-06-03,1955,Lindsay Woodward
6478,101,Product A,Category 1,3,10.0,2023-04-03,1285,Zachary Smith
7939,102,Product B,Category 1,6,20.0,2023-09-20,1182,Zachary Ward
8289,104,Product D,Category 2,15,40.0,2023-12-06,1204,Keith Knight
2964,103,Product C,Category 2,9,30.0,2023-07-01,1424,Justin Snyder
5175,101,Product A,Category 1,12,10.0,2023-03-27,1543,Patrick Williams
7750,102,Product B,Category 1,9,20.0,2023-03-15,1419,Maria Wallace
9120,101,Product A,Category 1,2,10.0,2023-04-21,1824,Sandra Walker
7615,101,Product A,Category 1,7,10.0,2023-06-09,1202,Joseph Stevens
1646,104,Product D,Category 2,11,40.0,2023-11-15,1643,Randy Ford
8032,103,Product C,Category 2,15,30.0,2023-08-17,1751,Debbie Roth
2869,101,Product A,Category 1,2,10.0,2023-12-06,1606,Marcia Baker
4455,104,Product D,Category 2,1,40.0,2023-11-26,1439,Samantha Fields
3710,101,Product A,Category 1,5,10.0,2023-10-05,1541,Bianca Sutton
5258,102,Product B,Category 1,1,20.0,2023-03-27,1895,Miranda Taylor
8178,104,Product D,Category 2,13,40.0,2023-09-21,1274,Morgan Mcdonald
2568,101,Product A,Category 1,10,10.0,2023-11-08,1594,Amanda Bowers
9381,103,Product C,Category 2,12,30.0,2023-09-15,1934,Lorraine Deleon
9149,102,Product B,Category 1,8,20.0,2023-01-16,1479,Mr. Donald Evans PhD
5689,102,Product B,Category 1,2,20.0,2023-09-14,1401,April Ramirez
360,102,Product B,Category 1,15,20.0,2023-05-30,1427,Brittney Robinson MD
6770,102,Product B,Category 1,2,20.0,2023-10-05,1870,Joseph Cain
7396,104,Product D,Category 2,10,40.0,2023-06-19,1628,Diana Burns
9357,101,Product A,Category 1,3,10.0,2023-12-11,1641,Tanya Daugherty
5854,103,Product C,Category 2,11,30.0,2023-06-24,1569,Timothy Perkins
1927,104,Product D,Category 2,6,40.0,2023-12-25,1598,Donna Li
7814,104,Product D,Category 2,7,40.0,2023-02-07,1242,Lisa Choi
2033,103,Product C,Category 2,9,30.0,2023-05-19,1285,Zachary Smith
5257,101,Product A,Category 1,2,10.0,2023-06-19,1441,Kimberly Harris
1815,103,Product C,Category 2,14,30.0,2023-01-07,1350,William Joseph
3646,104,Product D,Category 2,5,40.0,2023-04-25,1920,Shannon Maldonado
1319,104,Product D,Category 2,3,40.0,2023-11-03,1463,Tiffany Luna
4520,104,Product D,Category 2,7,40.0,2023-07-03,1550,Robert Fox
7399,101,Product A,Category 1,8,10.0,2023-07-14,1259,Daniel Mcmillan
1942,102,Product B,Category 1,3,20.0,2023-01-11,1589,Brandi Hill
8759,104,Product D,Category 2,3,40.0,2023-09-30,1798,Joel Hill MD
1828,101,Product A,Category 1,6,10.0,2023-08-14,1403,Lynn Welch
5850,101,Product A,Category 1,14,10.0,2023-06-09,1541,Bianca Sutton
9798,103,Product C,Category 2,6,30.0,2023-04-08,1773,Steven Mcdonald
2857,102,Product B,Category 1,12,20.0,2023-04-15,1759,James Herrera
1576,101,Product A,Category 1,2,10.0,2023-08-17,1631,John Morris
4227,101,Product A,Category 1,2,10.0,2023-11-25,1281,Julian Tate
8297,101,Product A,Category 1,14,10.0,2023-08-29,1768,Thomas Cole
8650,103,Product C,Category 2,1,30.0,2023-02-21,1467,Taylor Glenn
3916,102,Product B,Category 1,14,20.0,2023-07-01,1917,Robert Rivera
5414,104,Product D,Category 2,13,40.0,2023-07-26,1146,Laura Ramos
9974,102,Product B,Category 1,7,20.0,2023-12-12,1027,Destiny Moreno
5824,103,Product C,Category 2,1,30.0,2023-12-25,1008,Tracy Mcdaniel
8685,103,Product C,Category 2,4,30.0,2023-12-14,1266,John Banks
5212,102,Product B,Category 1,10,20.0,2023-02-22,2000,Molly Martin
3866,103,Product C,Category 2,1,30.0,2023-06-05,1589,Brandi Hill
5710,103,Product C,Category 2,9,30.0,2023-01-18,1604,Melissa Smith
7631,101,Product A,Category 1,7,10.0,2023-02-01,1175,Michael Mendez
2634,101,Product A,Category 1,13,10.0,2023-10-05,1463,Tiffany Luna
2377,103,Product C,Category 2,1,30.0,2023-08-16,1822,Patricia Ramos
62,101,Product A,Category 1,2,10.0,2023-09-24,1448,Mrs. Alisha Bowers
5360,103,Product C,Category 2,2,30.0,2023-06-29,1928,Marissa Mendoza
5241,103,Product C,Category 2,6,30.0,2023-06-10,1950,Gregory Dickerson
1907,101,Product A,Category 1,12,10.0,2023-04-08,1433,Cristian Mcknight
798,104,Product D,Category 2,14,40.0,2023-12-04,1373,Melissa Johnson
1932,102,Product B,Category 1,2,20.0,2023-08-10,1572,Nicholas Austin
1538,103,Product C,Category 2,8,30.0,2023-03-03,1416,Holly Graves
7525,103,Product C,Category 2,5,30.0,2023-06-28,1613,Philip Bowen
9175,102,Product B,Category 1,9,20.0,2023-11-18,1871,Brent Garcia
1980,101,Product A,Category 1,1,10.0,2023-08-15,1421,Miss Mary Williams
6390,104,Product D,Category 2,1,40.0,2023-05-06,1888,Fernando Williams
9776,101,Product A,Category 1,15,10.0,2023-01-08,1509,Levi Clark
4045,102,Product B,Category 1,3,20.0,2023-10-18,1464,Mercedes Allen
7996,104,Product D,Category 2,6,40.0,2023-08-14,1874,Thomas Sutton
4906,104,Product D,Category 2,13,40.0,2023-08-02,1444,Zachary Young
8494,101,Product A,Category 1,13,10.0,2023-12-27,1445,Rebecca Martinez
2674,101,Product A,Category 1,8,10.0,2023-08-08,1853,Justin Day
9390,102,Product B,Category 1,4,20.0,2023-09-17,1493,Mary Ferguson
2281,103,Product C,Category 2,6,30.0,2023-07-24,1541,Bianca Sutton
1864,103,Product C,Category 2,14,30.0,2023-08-11,1572,Nicholas Austin
1496,102,Product B,Category 1,15,20.0,2023-05-11,1049,Alexander Wilson
5640,102,Product B,Category 1,3,20.0,2023-03-24,1828,Lisa Wright
7251,102,Product B,Category 1,5,20.0,2023-06-19,1846,Jonathan Nunez
4985,104,Product D,Category 2,15,40.0,2023-01-09,1171,Craig Lyons
7427,102,Product B,Category 1,12,20.0,2023-05-02,1684,Ronald Hamilton
9510,102,Product B,Category 1,8,20.0,2023-01-24,1594,Amanda Bowers
8136,104,Product D,Category 2,4,40.0,2023-07-18,1800,James Peterson
7748,101,Product A,Category 1,7,10.0,2023-05-22,1479,Mr. Donald Evans PhD
3477,102,Product B,Category 1,8,20.0,2023-06-10,1250,Bruce Walsh
5388,103,Product C,Category 2,6,30.0,2023-03-26,1841,Kelly Burke
8002,104,Product D,Category 2,6,40.0,2023-11-05,1947,Nicole Hall
8526,102,Product B,Category 1,4,20.0,2023-03-06,1252,Melissa James
8741,101,Product A,Category 1,10,10.0,2023-12-07,1350,William Joseph
1692,103,Product C,Category 2,10,30.0,2023-03-25,1932,Philip Mack
326,101,Product A,Category 1,3,10.0,2023-08-04,1655,Heather Anderson
505,101,Product A,Category 1,5,10.0,2023-08-18,1992,Kathleen Manning
3707,101,Product A,Category 1,15,10.0,2023-02-28,1230,Brandon Marsh
9885,101,Product A,Category 1,12,10.0,2023-10-06,1025,Tanya Walton
380,103,Product C,Category 2,4,30.0,2023-02-19,1627,Daniel Lopez
9498,104,Product D,Category 2,14,40.0,2023-08-09,1855,Monica Gonzalez
8695,101,Product A,Category 1,8,10.0,2023-10-25,1585,Heidi Luna
5440,102,Product B,Category 1,9,20.0,2023-06-02,1270,Ashley Hernandez
5274,101,Product A,Category 1,1,10.0,2023-07-27,1264,Kathleen Jones
8231,103,Product C,Category 2,1,30.0,2023-02-04,1778,Jennifer Rodriguez
3028,101,Product A,Category 1,1,10.0,2023-03-20,1956,Mrs. Sonya Jacobs MD
6208,102,Product B,Category 1,10,20.0,2023-09-26,1465,Katelyn Garcia
6549,104,Product D,Category 2,14,40.0,2023-12-01,1765,David Fields
7137,103,Product C,Category 2,10,30.0,2023-10-23,1557,Nicholas Caldwell
4403,102,Product B,Category 1,4,20.0,2023-07-30,1362,Jason Hurley
5842,101,Product A,Category 1,4,10.0,2023-09-01,1292,Jamie Pitts
6038,103,Product C,Category 2,5,30.0,2023-09-22,1483,Tammy Martinez
6889,104,Product D,Category 2,4,40.0,2023-01-29,1136,Gina Hall
2024,102,Product B,Category 1,3,20.0,2023-03-12,1678,Kristen Jennings
6216,101,Product A,Category 1,6,10.0,2023-09-13,1361,Steven Gray
5999,102,Product B,Category 1,4,20.0,2023-08-28,1929,Matthew Scott
1430,102,Product B,Category 1,10,20.0,2023-05-27,1199,Michael Romero
9907,101,Product A,Category 1,1,10.0,2023-09-01,1957,Todd Aguilar
1169,103,Product C,Category 2,12,30.0,2023-10-29,1813,Cathy Hanna
9726,101,Product A,Category 1,15,10.0,2023-04-20,1520,Angela Moreno
9460,102,Product B,Category 1,6,20.0,2023-11-10,1107,Thomas Noble
190,104,Product D,Category 2,3,40.0,2023-01-12,1930,Renee Guzman
2427,102,Product B,Category 1,7,20.0,2023-11-03,1425,Gary Watkins
6466,104,Product D,Category 2,4,40.0,2023-04-13,1805,Joshua Lozano
1064,101,Product A,Category 1,11,10.0,2023-09-03,1934,Lorraine Deleon
1873,104,Product D,Category 2,12,40.0,2023-08-03,1649,Kimberly Hernandez
1574,104,Product D,Category 2,1,40.0,2023-12-11,1808,Abigail Williams
5289,103,Product C,Category 2,5,30.0,2023-07-18,1574,Amy Moore
5340,102,Product B,Category 1,14,20.0,2023-03-08,1661,Jamie Murphy
655,104,Product D,Category 2,2,40.0,2023-10-02,1450,Eric Oconnor
6291,104,Product D,Category 2,4,40.0,2023-07-24,1035,Robert Rodriguez
9385,101,Product A,Category 1,15,10.0,2023-12-24,1408,Jesus Williams
7681,103,Product C,Category 2,12,30.0,2023-06-11,1684,Ronald Hamilton
9751,101,Product A,Category 1,12,10.0,2023-12-01,1003,Katrina White
1472,104,Product D,Category 2,12,40.0,2023-07-24,1005,Jesse Gonzalez
6784,103,Product C,Category 2,11,30.0,2023-08-03,1648,Pamela Rhodes
8337,102,Product B,Category 1,7,20.0,2023-05-02,1021,Thomas Buckley
1117,101,Product A,Category 1,2,10.0,2023-08-15,1378,Audrey Davis
7348,104,Product D,Category 2,8,40.0,2023-03-16,1047,Suzanne Avila
5100,103,Product C,Category 2,7,30.0,2023-06-12,1606,Marcia Baker
8945,101,Product A,Category 1,14,10.0,2023-06-29,1223,Briana Clark
3413,104,Product D,Category 2,8,40.0,2023-12-06,1510,Christopher Wright
9408,102,Product B,Category 1,3,20.0,2023-10-11,1866,Richard Goodman
874,101,Product A,Category 1,12,10.0,2023-11-27,1430,Pamela Pena DDS
2351,101,Product A,Category 1,11,10.0,2023-02-13,1300,Barbara Peterson
4643,104,Product D,Category 2,15,40.0,2023-07-05,1478,Beth Jackson
6059,101,Product A,Category 1,11,10.0,2023-11-20,1080,Joshua Becker
1771,103,Product C,Category 2,5,30.0,2023-01-25,1074,Charles Brown
1142,103,Product C,Category 2,11,30.0,2023-05-29,1671,Michael King
901,103,Product C,Category 2,14,30.0,2023-05-22,1675,Jessica Villa
3446,104,Product D,Category 2,10,40.0,2023-03-16,2001,Phillip Ballard
3733,102,Product B,Category 1,2,20.0,2023-03-02,1765,David Fields
6224,104,Product D,Category 2,1,40.0,2023-06-25,1669,Tyrone Allen
8048,103,Product C,Category 2,14,30.0,2023-07-24,1982,Christine Flores
6870,101,Product A,Category 1,13,10.0,2023-09-14,1035,Robert Rodriguez
522,102,Product B,Category 1,2,20.0,2023-10-08,1249,Angela Perez
6025,101,Product A,Category 1,7,10.0,2023-07-23,1910,Savannah Ellison
1262,101,Product A,Category 1,14,10.0,2023-12-28,1864,Edward Cohen
4092,101,Product A,Category 1,13,10.0,2023-06-12,1387,Gregory Phelps
8415,101,Product A,Category 1,15,10.0,2023-09-12,1513,Maria Barker
3649,102,Product B,Category 1,11,20.0,2023-09-16,1066,Tyler Deleon
9693,102,Product B,Category 1,5,20.0,2023-10-16,1961,Nicholas Gutierrez
9217,101,Product A,Category 1,10,10.0,2023-06-27,1271,Thomas Wu
1515,102,Product B,Category 1,12,20.0,2023-05-27,1898,Henry Wright
5787,102,Product B,Category 1,3,20.0,2023-05-26,1499,Justin Alvarado
4278,101,Product A,Category 1,10,10.0,2023-05-02,1584,Richard Madden
558,103,Product C,Category 2,9,30.0,2023-05-27,1380,Matthew Kramer
4451,101,Product A,Category 1,5,10.0,2023-06-16,1136,Gina Hall
1041,101,Product A,Category 1,8,10.0,2023-06-07,1680,Angela Jenkins
2890,101,Product A,Category 1,3,10.0,2023-08-30,1271,Thomas Wu
3840,102,Product B,Category 1,8,20.0,2023-05-05,1463,Tiffany Luna
1122,101,Product A,Category 1,9,10.0,2023-06-19,1377,Juan Murphy
867,103,Product C,Category 2,7,30.0,2023-06-12,1357,Calvin Brock
4974,101,Product A,Category 1,12,10.0,2023-04-20,1258,Kelsey Gill
7557,101,Product A,Category 1,10,10.0,2023-01-15,1690,Ashley Ali
3365,104,Product D,Category 2,11,40.0,2023-08-26,1490,Robert Bishop
3687,101,Product A,Category 1,15,10.0,2023-05-25,1509,Levi Clark
9338,103,Product C,Category 2,9,30.0,2023-12-11,1735,Antonio Petersen
4319,101,Product A,Category 1,4,10.0,2023-03-15,1765,David Fields
2286,102,Product B,Category 1,7,20.0,2023-11-27,1801,Katherine Delacruz
3872,104,Product D,Category 2,12,40.0,2023-01-11,1238,Laura Walker
5890,101,Product A,Category 1,7,10.0,2023-10-05,1987,Stephanie Patterson
3053,104,Product D,Category 2,15,40.0,2023-10-06,1437,Oscar Donaldson
6125,102,Product B,Category 1,4,20.0,2023-04-14,1587,Andrew Mayer
7431,104,Product D,Category 2,7,40.0,2023-04-20,1992,Kathleen Manning
8900,102,Product B,Category 1,4,20.0,2023-07-27,1732,Benjamin Zhang
3708,101,Product A,Category 1,10,10.0,2023-10-09,1291,Amanda Fernandez
8663,103,Product C,Category 2,15,30.0,2023-11-06,1132,Matthew Williams
2542,103,Product C,Category 2,15,30.0,2023-06-16,1841,Kelly Burke
5908,102,Product B,Category 1,7,20.0,2023-08-26,1810,Dustin Rodriguez
9589,102,Product B,Category 1,1,20.0,2023-01-26,1717,Ricardo Kim
2909,102,Product B,Category 1,15,20.0,2023-09-22,1325,Monica Becker
2573,102,Product B,Category 1,10,20.0,2023-08-19,1484,Jeffrey Bennett
4540,103,Product C,Category 2,9,30.0,2023-09-26,1156,Michael Roberts
9213,104,Product D,Category 2,11,40.0,2023-06-30,1092,Shawn Zimmerman
1948,101,Product A,Category 1,11,10.0,2023-02-15,1365,Samantha Wilson
1181,101,Product A,Category 1,3,10.0,2023-02-23,1493,Mary Ferguson
1272,102,Product B,Category 1,13,20.0,2023-06-22,1043,Danielle Bell
8569,102,Product B,Category 1,12,20.0,2023-08-29,1030,Craig Smith
5411,101,Product A,Category 1,7,10.0,2023-03-15,1071,Carl Evans
9003,101,Product A,Category 1,2,10.0,2023-09-22,1083,Melanie Schultz
8387,104,Product D,Category 2,12,40.0,2023-05-07,1389,Michelle Lopez
4562,103,Product C,Category 2,11,30.0,2023-06-25,1258,Kelsey Gill
4794,102,Product B,Category 1,2,20.0,2023-08-16,1546,Rebecca Thomas
6442,104,Product D,Category 2,1,40.0,2023-09-26,1191,Gabriella Bennett
3868,104,Product D,Category 2,3,40.0,2023-02-13,1985,Latoya Campbell
2115,102,Product B,Category 1,5,20.0,2023-02-08,1522,Jack Medina
5336,101,Product A,Category 1,4,10.0,2023-03-30,1952,Michael Perez
5133,102,Product B,Category 1,13,20.0,2023-01-08,1355,Tracy Shepherd
9580,101,Product A,Category 1,9,10.0,2023-01-04,1276,Kevin Le
1680,101,Product A,Category 1,5,10.0,2023-07-02,1547,Lori Bell
67,103,Product C,Category 2,3,30.0,2023-05-13,1132,Matthew Williams
1583,104,Product D,Category 2,3,40.0,2023-05-18,1464,Mercedes Allen
3618,103,Product C,Category 2,4,30.0,2023-08-18,1097,Christopher Delgado
2626,102,Product B,Category 1,2,20.0,2023-06-05,1728,Kimberly Green
3468,104,Product D,Category 2,6,40.0,2023-11-04,1061,Wendy Cruz
7564,102,Product B,Category 1,7,20.0,2023-07-30,1277,Jessica Sheppard
1687,101,Product A,Category 1,8,10.0,2023-03-22,1237,Jorge Fisher
9112,102,Product B,Category 1,5,20.0,2023-05-19,1271,Thomas Wu
1567,104,Product D,Category 2,5,40.0,2023-12-07,1788,Megan Skinner
9840,101,Product A,Category 1,15,10.0,2023-09-07,1350,William Joseph
3636,102,Product B,Category 1,7,20.0,2023-08-01,1628,Diana Burns
2441,102,Product B,Category 1,10,20.0,2023-02-17,1142,Tanya Davidson
1728,101,Product A,Category 1,7,10.0,2023-03-01,1728,Kimberly Green
9170,102,Product B,Category 1,12,20.0,2023-02-25,1213,William Yates
718,102,Product B,Category 1,4,20.0,2023-04-07,1525,Alexandra Young
3222,104,Product D,Category 2,7,40.0,2023-05-22,1341,Craig Blake
1092,102,Product B,Category 1,14,20.0,2023-05-31,1029,William Blackburn
6120,102,Product B,Category 1,13,20.0,2023-12-29,1507,Bryan Myers
7082,103,Product C,Category 2,10,30.0,2023-12-21,1573,Jimmy Blanchard
3179,102,Product B,Category 1,13,20.0,2023-05-11,1383,David Nielsen
5456,101,Product A,Category 1,8,10.0,2023-02-08,1355,Tracy Shepherd
2199,101,Product A,Category 1,3,10.0,2023-06-26,1982,Christine Flores
3855,102,Product B,Category 1,3,20.0,2023-10-12,1712,Wendy Smith
5869,101,Product A,Category 1,9,10.0,2023-04-25,1347,Noah Fuentes
2991,104,Product D,Category 2,12,40.0,2023-12-20,1936,Heather Gordon
4829,104,Product D,Category 2,10,40.0,2023-04-11,1741,Amy Sanchez
3884,103,Product C,Category 2,6,30.0,2023-10-15,1657,Carla Anderson
5376,102,Product B,Category 1,4,20.0,2023-10-22,1479,Mr. Donald Evans PhD
5856,102,Product B,Category 1,5,20.0,2023-08-16,1072,Maurice Peterson
3169,101,Product A,Category 1,12,10.0,2023-02-04,1050,Michael Fisher
603,102,Product B,Category 1,9,20.0,2023-01-07,1086,Angela Cunningham
3795,104,Product D,Category 2,3,40.0,2023-07-10,1996,Shelby Monroe
4013,101,Product A,Category 1,5,10.0,2023-09-07,1492,Sarah Williams
2070,102,Product B,Category 1,9,20.0,2023-02-28,1492,Sarah Williams
5782,101,Product A,Category 1,1,10.0,2023-09-05,1959,Elizabeth Jefferson
6294,101,Product A,Category 1,15,10.0,2023-04-25,1359,Nicole Matthews
77,103,Product C,Category 2,5,30.0,2023-11-21,1719,Michael Williams
8876,104,Product D,Category 2,9,40.0,2023-04-28,1706,Susan Adams
598,102,Product B,Category 1,8,20.0,2023-11-01,1255,Philip Williamson
9532,101,Product A,Category 1,11,10.0,2023-06-12,1973,Vincent Beck
5826,101,Product A,Category 1,15,10.0,2023-12-05,1437,Oscar Donaldson
3713,101,Product A,Category 1,3,10.0,2023-11-08,1372,Ashley Campbell
3078,102,Product B,Category 1,9,20.0,2023-09-13,1154,Renee Guzman
9103,101,Product A,Category 1,6,10.0,2023-04-17,1712,Wendy Smith
7570,101,Product A,Category 1,3,10.0,2023-05-13,1780,Erin Palmer
3668,101,Product A,Category 1,1,10.0,2023-05-07,1640,Dr. Kelly Walker
4421,104,Product D,Category 2,5,40.0,2023-10-09,1336,Michael Richard
4776,101,Product A,Category 1,12,10.0,2023-08-04,1146,Laura Ramos
8474,104,Product D,Category 2,15,40.0,2023-10-30,1705,Catherine Moore
3168,103,Product C,Category 2,5,30.0,2023-10-08,1988,Elizabeth Hernandez
6600,104,Product D,Category 2,6,40.0,2023-10-22,1892,Elizabeth Mercado
5344,102,Product B,Category 1,5,20.0,2023-05-19,1884,Donald Davis
8834,101,Product A,Category 1,14,10.0,2023-09-02,1402,Wanda Sheppard
3980,102,Product B,Category 1,6,20.0,2023-01-13,1348,Wendy Small
2599,101,Product A,Category 1,3,10.0,2023-09-14,1503,Kenneth Young
7478,102,Product B,Category 1,3,20.0,2023-05-28,1580,Cory Ross
4444,103,Product C,Category 2,10,30.0,2023-01-09,1412,Michele Myers MD
9899,101,Product A,Category 1,2,10.0,2023-12-10,1607,Brendan Smith
2225,101,Product A,Category 1,8,10.0,2023-07-28,1179,Michael Sexton
7648,101,Product A,Category 1,14,10.0,2023-04-11,1817,Christopher Morris
2462,103,Product C,Category 2,1,30.0,2023-12-18,1539,Charles Dixon
9992,102,Product B,Category 1,10,20.0,2023-07-03,1114,Daniel Reed
25,102,Product B,Category 1,11,20.0,2023-06-12,1525,Alexandra Young
2129,103,Product C,Category 2,15,30.0,2023-01-10,1621,Samuel Johnston
7941,104,Product D,Category 2,7,40.0,2023-12-04,1220,Julie Kim
5303,101,Product A,Category 1,7,10.0,2023-10-13,1627,Daniel Lopez
6534,101,Product A,Category 1,3,10.0,2023-01-26,1871,Brent Garcia
843,102,Product B,Category 1,12,20.0,2023-07-07,1562,Lisa Thompson
4392,101,Product A,Category 1,5,10.0,2023-05-29,1061,Wendy Cruz
8554,102,Product B,Category 1,4,20.0,2023-07-04,1123,David Mccoy
8129,103,Product C,Category 2,4,30.0,2023-11-26,1431,Donna Duffy
7665,104,Product D,Category 2,7,40.0,2023-06-11,1030,Craig Smith
145,101,Product A,Category 1,10,10.0,2023-09-04,1970,Laura Fox
4975,102,Product B,Category 1,7,20.0,2023-05-01,1525,Alexandra Young
5897,101,Product A,Category 1,3,10.0,2023-03-28,1260,Patricia Franklin
9731,102,Product B,Category 1,7,20.0,2023-01-22,1826,Juan Weaver
6153,101,Product A,Category 1,7,10.0,2023-06-12,1141,Brenda Gonzalez
8866,104,Product D,Category 2,1,40.0,2023-10-21,1093,Lisa Hester
1696,102,Product B,Category 1,2,20.0,2023-11-05,1297,Russell Gomez
3915,104,Product D,Category 2,7,40.0,2023-10-19,1391,Mario Williams
9766,102,Product B,Category 1,13,20.0,2023-06-19,1120,Dennis Green
6489,102,Product B,Category 1,3,20.0,2023-11-07,1765,David Fields
1896,102,Product B,Category 1,8,20.0,2023-04-21,1852,Amy Frazier
2497,103,Product C,Category 2,6,30.0,2023-05-04,1710,Nicole Caldwell
6598,102,Product B,Category 1,1,20.0,2023-05-28,1150,Terri Smith
350,102,Product B,Category 1,12,20.0,2023-02-10,1964,Christopher Gonzales
2618,103,Product C,Category 2,6,30.0,2023-08-18,1862,William Carroll
3268,101,Product A,Category 1,15,10.0,2023-05-23,1745,Christy Bradford
5280,102,Product B,Category 1,7,20.0,2023-06-11,1075,Erin Ortiz MD
6755,102,Product B,Category 1,13,20.0,2023-07-25,1086,Angela Cunningham
3595,101,Product A,Category 1,2,10.0,2023-04-03,1464,Mercedes Allen
3284,102,Product B,Category 1,15,20.0,2023-03-03,1435,Dustin Best
6504,104,Product D,Category 2,13,40.0,2023-05-20,1138,Ashley Moore
6686,101,Product A,Category 1,4,10.0,2023-03-07,1537,Steven Taylor
2772,101,Product A,Category 1,14,10.0,2023-07-20,1630,Susan Short
5873,103,Product C,Category 2,14,30.0,2023-04-13,1417,Courtney Haley
865,104,Product D,Category 2,6,40.0,2023-06-15,1407,Jennifer Brock
5199,104,Product D,Category 2,9,40.0,2023-02-25,1386,John Flowers
8362,102,Product B,Category 1,13,20.0,2023-06-28,1921,Kurt Tucker
3360,101,Product A,Category 1,2,10.0,2023-07-08,1644,Heather Leonard
9707,102,Product B,Category 1,11,20.0,2023-02-08,1824,Sandra Walker
2116,102,Product B,Category 1,10,20.0,2023-02-11,1924,Paul Brown
8124,102,Product B,Category 1,7,20.0,2023-09-26,1877,Kelsey Bell
9298,101,Product A,Category 1,9,10.0,2023-10-24,1826,Juan Weaver
6286,102,Product B,Category 1,12,20.0,2023-12-08,1574,Amy Moore
7695,102,Product B,Category 1,2,20.0,2023-06-07,1133,Zachary Moore
7362,102,Product B,Category 1,11,20.0,2023-02-05,1026,Bailey Middleton
1399,102,Product B,Category 1,5,20.0,2023-02-17,1325,Monica Becker
8664,102,Product B,Category 1,2,20.0,2023-09-18,1693,Paula Mcguire
2432,102,Product B,Category 1,10,20.0,2023-02-14,1067,Barbara Coleman
3689,101,Product A,Category 1,14,10.0,2023-08-09,1338,Anthony Patton
1909,102,Product B,Category 1,15,20.0,2023-04-20,1996,Shelby Monroe
2067,102,Product B,Category 1,10,20.0,2023-08-15,1489,Renee Hines
5974,101,Product A,Category 1,5,10.0,2023-01-17,1828,Lisa Wright
1125,102,Product B,Category 1,1,20.0,2023-12-13,1080,Joshua Becker
855,101,Product A,Category 1,12,10.0,2023-03-12,1496,Ashley Williams
2106,101,Product A,Category 1,4,10.0,2023-07-31,1505,Melissa Myers
1774,102,Product B,Category 1,3,20.0,2023-08-07,1408,Jesus Williams
3551,101,Product A,Category 1,14,10.0,2023-12-13,1669,Tyrone Allen
7322,102,Product B,Category 1,9,20.0,2023-06-24,1368,Heather Knight
4413,102,Product B,Category 1,11,20.0,2023-05-08,1897,Sean Galloway
8179,101,Product A,Category 1,2,10.0,2023-03-10,1306,Jim Gregory
6562,102,Product B,Category 1,12,20.0,2023-02-25,1336,Michael Richard
250,102,Product B,Category 1,15,20.0,2023-06-04,1632,James Guerrero
1392,102,Product B,Category 1,2,20.0,2023-02-17,1753,Bradley Townsend
2676,101,Product A,Category 1,11,10.0,2023-10-11,1288,Hannah Stevens
7,102,Product B,Category 1,14,20.0,2023-06-15,1293,Andrea Vega
1219,103,Product C,Category 2,13,30.0,2023-04-02,1396,Daniel Taylor
4813,101,Product A,Category 1,3,10.0,2023-12-13,1243,Patricia Sampson
9273,102,Product B,Category 1,5,20.0,2023-09-26,1986,Joseph Vance
2293,103,Product C,Category 2,15,30.0,2023-04-19,1986,Joseph Vance
3155,104,Product D,Category 2,13,40.0,2023-06-10,1093,Lisa Hester
1486,101,Product A,Category 1,15,10.0,2023-04-16,1489,Renee Hines
7395,102,Product B,Category 1,2,20.0,2023-04-25,1305,Jennifer Gordon
1685,101,Product A,Category 1,1,10.0,2023-11-21,1821,Brandi Thompson
1629,103,Product C,Category 2,9,30.0,2023-06-23,1191,Gabriella Bennett
702,102,Product B,Category 1,12,20.0,2023-08-13,1115,Matthew Duke
1439,101,Product A,Category 1,12,10.0,2023-12-01,1005,Jesse Gonzalez
5609,103,Product C,Category 2,11,30.0,2023-04-03,1492,Sarah Williams
1645,102,Product B,Category 1,5,20.0,2023-07-28,1200,Alex Williamson
2308,102,Product B,Category 1,12,20.0,2023-09-17,1157,Christine Chase
2415,102,Product B,Category 1,9,20.0,2023-03-14,1601,Brett Cook
7004,101,Product A,Category 1,10,10.0,2023-10-12,1061,Wendy Cruz
7541,104,Product D,Category 2,4,40.0,2023-11-28,1144,Danielle Macias
6100,103,Product C,Category 2,12,30.0,2023-09-28,1153,Paul George
1671,102,Product B,Category 1,6,20.0,2023-03-23,1882,Wendy Edwards
8240,102,Product B,Category 1,7,20.0,2023-01-09,1849,Bryan Cole
8093,102,Product B,Category 1,6,20.0,2023-12-30,1311,Dr. Jennifer Byrd
6413,101,Product A,Category 1,5,10.0,2023-10-30,1226,Tracy Moore
9126,101,Product A,Category 1,8,10.0,2023-04-30,1752,Tammy Parrish
372,102,Product B,Category 1,15,20.0,2023-08-21,1039,Matthew Garza
5250,103,Product C,Category 2,15,30.0,2023-04-27,1500,Mrs. Wendy Henderson
349,102,Product B,Category 1,7,20.0,2023-11-25,1262,Patricia Garcia
3317,104,Product D,Category 2,5,40.0,2023-10-03,1327,James Stephens
682,101,Product A,Category 1,4,10.0,2023-07-12,1167,Joseph Mccarty
7901,101,Product A,Category 1,14,10.0,2023-06-29,1808,Abigail Williams
4922,101,Product A,Category 1,9,10.0,2023-04-03,1279,Monique Orr
3694,104,Product D,Category 2,12,40.0,2023-06-04,1456,Laura Vance
503,101,Product A,Category 1,11,10.0,2023-12-30,1191,Gabriella Bennett
4041,101,Product A,Category 1,9,10.0,2023-05-04,2001,Phillip Ballard
5436,104,Product D,Category 2,8,40.0,2023-12-23,1538,Margaret Garcia
3249,104,Product D,Category 2,3,40.0,2023-09-18,1296,John Walker MD
4853,101,Product A,Category 1,15,10.0,2023-03-20,1501,Jane Cruz
1597,104,Product D,Category 2,12,40.0,2023-11-03,1595,Belinda Santos
4137,101,Product A,Category 1,14,10.0,2023-09-26,1111,Christopher Smith
3240,101,Product A,Category 1,7,10.0,2023-01-31,1735,Antonio Petersen
3701,101,Product A,Category 1,10,10.0,2023-11-01,1996,Shelby Monroe
4312,102,Product B,Category 1,9,20.0,2023-06-11,1173,John Shaw
8572,103,Product C,Category 2,9,30.0,2023-02-15,1476,Mary Robinson
1770,103,Product C,Category 2,5,30.0,2023-03-14,1874,Thomas Sutton
8367,101,Product A,Category 1,8,10.0,2023-09-27,1575,Daniel Le
8963,104,Product D,Category 2,9,40.0,2023-09-11,1610,Mr. Kevin Wilson Jr.
9879,103,Product C,Category 2,5,30.0,2023-06-23,1481,Matthew Camacho
8401,104,Product D,Category 2,2,40.0,2023-05-16,1198,Roberta Woods
4532,101,Product A,Category 1,3,10.0,2023-07-25,1938,Mark Carlson
5913,103,Product C,Category 2,12,30.0,2023-12-08,1865,David Turner
1028,103,Product C,Category 2,13,30.0,2023-08-27,1859,Danielle Robinson
8567,101,Product A,Category 1,8,10.0,2023-06-16,1141,Brenda Gonzalez
2289,101,Product A,Category 1,5,10.0,2023-01-26,1232,Sonya Castillo
7339,103,Product C,Category 2,14,30.0,2023-04-19,1496,Ashley Williams
2627,102,Product B,Category 1,13,20.0,2023-05-07,1798,Joel Hill MD
6292,101,Product A,Category 1,14,10.0,2023-09-09,1675,Jessica Villa
737,102,Product B,Category 1,10,20.0,2023-08-24,1491,Michael Kaufman
5525,101,Product A,Category 1,2,10.0,2023-10-22,1077,Dana Evans
2149,103,Product C,Category 2,12,30.0,2023-06-07,1337,James Bryant
4939,104,Product D,Category 2,4,40.0,2023-03-17,1514,Julia Brown
390,102,Product B,Category 1,1,20.0,2023-11-01,1240,Troy Phillips
4123,101,Product A,Category 1,13,10.0,2023-11-04,1076,Mike Barnett
1354,102,Product B,Category 1,5,20.0,2023-07-30,1603,Wayne Shaw
141,103,Product C,Category 2,5,30.0,2023-10-17,1839,Christopher Shelton
7101,103,Product C,Category 2,5,30.0,2023-09-15,1566,Linda Henderson
3330,102,Product B,Category 1,2,20.0,2023-02-03,1325,Monica Becker
8422,104,Product D,Category 2,11,40.0,2023-02-05,1942,Joseph Martin
9450,101,Product A,Category 1,10,10.0,2023-07-04,1478,Beth Jackson
2918,101,Product A,Category 1,2,10.0,2023-09-28,1869,Charles Blair
7578,102,Product B,Category 1,8,20.0,2023-02-03,1407,Jennifer Brock
8589,101,Product A,Category 1,10,10.0,2023-01-26,1316,Stacey Miller
4457,102,Product B,Category 1,2,20.0,2023-07-27,1585,Heidi Luna
9255,102,Product B,Category 1,11,20.0,2023-03-24,1362,Jason Hurley
1329,101,Product A,Category 1,14,10.0,2023-06-09,1497,James Myers
5216,101,Product A,Category 1,11,10.0,2023-10-05,1799,Rita Romero
511,102,Product B,Category 1,2,20.0,2023-06-01,1871,Brent Garcia
1087,102,Product B,Category 1,3,20.0,2023-05-17,1629,Alexander Ramirez
8964,103,Product C,Category 2,10,30.0,2023-01-13,1277,Jessica Sheppard
8901,104,Product D,Category 2,14,40.0,2023-06-10,1397,Shannon Molina
4418,101,Product A,Category 1,10,10.0,2023-02-13,1235,Mario Leblanc
9668,101,Product A,Category 1,2,10.0,2023-07-10,1349,Teresa Chung
4950,101,Product A,Category 1,4,10.0,2023-03-17,1862,William Carroll
9327,104,Product D,Category 2,13,40.0,2023-05-12,1636,Jeffery Warner
2980,103,Product C,Category 2,15,30.0,2023-11-11,1132,Matthew Williams
8899,101,Product A,Category 1,2,10.0,2023-02-13,1923,Jessica Martin
7033,102,Product B,Category 1,4,20.0,2023-05-27,1088,Anthony Nelson
2917,102,Product B,Category 1,4,20.0,2023-12-26,1631,John Morris
6398,101,Product A,Category 1,7,10.0,2023-02-25,1747,Sherri Green
7989,102,Product B,Category 1,14,20.0,2023-11-01,1760,Elizabeth Wright
2744,101,Product A,Category 1,3,10.0,2023-08-06,1931,William Carson
7318,101,Product A,Category 1,13,10.0,2023-12-30,1959,Elizabeth Jefferson
6543,103,Product C,Category 2,10,30.0,2023-01-01,1476,Mary Robinson
9559,102,Product B,Category 1,12,20.0,2023-06-28,1417,Courtney Haley
5961,103,Product C,Category 2,9,30.0,2023-08-17,1058,Thomas Johnson
4565,103,Product C,Category 2,13,30.0,2023-03-10,1361,Steven Gray
4979,102,Product B,Category 1,13,20.0,2023-12-14,1485,Jonathan Arnold
2518,103,Product C,Category 2,12,30.0,2023-06-19,1885,Dustin Anderson
1342,102,Product B,Category 1,8,20.0,2023-02-14,1433,Cristian Mcknight
9669,102,Product B,Category 1,12,20.0,2023-10-21,1781,Christina Smith
3415,103,Product C,Category 2,5,30.0,2023-08-07,1894,Jamie Mcguire
373,101,Product A,Category 1,10,10.0,2023-07-08,1178,Connie Garcia
8585,101,Product A,Category 1,9,10.0,2023-03-04,1467,Taylor Glenn
6962,102,Product B,Category 1,4,20.0,2023-01-28,1310,Regina Turner
8237,104,Product D,Category 2,7,40.0,2023-12-04,1288,Hannah Stevens
5046,103,Product C,Category 2,15,30.0,2023-10-20,1492,Sarah Williams
609,101,Product A,Category 1,11,10.0,2023-01-23,1224,Taylor Johnson
9310,101,Product A,Category 1,9,10.0,2023-06-13,1222,Justin Berry
1746,104,Product D,Category 2,5,40.0,2023-06-29,1491,Michael Kaufman
306,102,Product B,Category 1,11,20.0,2023-03-25,1003,Katrina White
814,103,Product C,Category 2,14,30.0,2023-03-25,1826,Juan Weaver
1693,102,Product B,Category 1,15,20.0,2023-06-10,1528,Regina Brown
3232,102,Product B,Category 1,15,20.0,2023-11-08,1115,Matthew Duke
9755,102,Product B,Category 1,6,20.0,2023-05-04,1894,Jamie Mcguire
7911,102,Product B,Category 1,15,20.0,2023-05-02,1458,Marcus Lane
2663,101,Product A,Category 1,4,10.0,2023-09-13,1928,Marissa Mendoza
3774,101,Product A,Category 1,8,10.0,2023-02-02,1024,Curtis Campbell
6065,102,Product B,Category 1,4,20.0,2023-09-24,1606,Marcia Baker
9943,101,Product A,Category 1,14,10.0,2023-08-19,1546,Rebecca Thomas
2774,101,Product A,Category 1,11,10.0,2023-01-09,1289,Matthew Harding
4890,101,Product A,Category 1,6,10.0,2023-01-12,1464,Mercedes Allen
3339,101,Product A,Category 1,7,10.0,2023-07-05,1810,Dustin Rodriguez
3809,101,Product A,Category 1,2,10.0,2023-08-10,1008,Tracy Mcdaniel
1074,102,Product B,Category 1,11,20.0,2023-10-27,1011,Thomas Escobar
4916,104,Product D,Category 2,12,40.0,2023-02-25,1800,James Peterson
5182,103,Product C,Category 2,13,30.0,2023-11-04,1171,Craig Lyons
5629,101,Product A,Category 1,15,10.0,2023-04-01,1483,Tammy Martinez
9880,101,Product A,Category 1,10,10.0,2023-11-13,1708,Stephanie Hickman
1821,103,Product C,Category 2,2,30.0,2023-08-10,1193,Kendra Johns
2055,102,Product B,Category 1,5,20.0,2023-09-28,1510,Christopher Wright
3301,104,Product D,Category 2,4,40.0,2023-02-10,1393,Debra Bennett
325,102,Product B,Category 1,4,20.0,2023-08-15,1394,Lori Edwards
5570,102,Product B,Category 1,14,20.0,2023-01-29,1842,Christopher Martin
1777,104,Product D,Category 2,12,40.0,2023-08-10,1622,Jessica Richmond
8355,101,Product A,Category 1,3,10.0,2023-12-26,1946,David Ashley
8098,103,Product C,Category 2,5,30.0,2023-07-31,1101,Evan Mitchell
1252,102,Product B,Category 1,15,20.0,2023-08-15,1533,Julie Richardson
5708,101,Product A,Category 1,10,10.0,2023-07-06,1457,Carol Wood
6926,101,Product A,Category 1,1,10.0,2023-11-02,1521,Jonathan Jackson
2303,101,Product A,Category 1,9,10.0,2023-07-23,1056,Mark Rangel
5275,101,Product A,Category 1,13,10.0,2023-03-13,1972,Jason Vasquez
2255,104,Product D,Category 2,7,40.0,2023-07-17,1775,William Camacho
7144,104,Product D,Category 2,5,40.0,2023-02-09,1875,Morgan Roberson
8264,101,Product A,Category 1,6,10.0,2023-08-02,1643,Randy Ford
68,102,Product B,Category 1,15,20.0,2023-09-23,1488,Connor Schultz
150,104,Product D,Category 2,11,40.0,2023-03-29,1433,Cristian Mcknight
192,101,Product A,Category 1,2,10.0,2023-04-05,1774,Nathan Brown
4281,101,Product A,Category 1,2,10.0,2023-05-03,1491,Michael Kaufman
4513,102,Product B,Category 1,4,20.0,2023-06-19,1499,Justin Alvarado
1664,101,Product A,Category 1,4,10.0,2023-01-04,1459,Jacob White
1860,102,Product B,Category 1,14,20.0,2023-08-28,1596,Sharon Kramer
5868,101,Product A,Category 1,10,10.0,2023-08-29,1718,George Cox
7243,103,Product C,Category 2,4,30.0,2023-08-04,1042,Jessica Gibson
7652,101,Product A,Category 1,15,10.0,2023-12-11,1678,Kristen Jennings
2956,104,Product D,Category 2,3,40.0,2023-03-07,1496,Ashley Williams
6041,104,Product D,Category 2,3,40.0,2023-12-09,1741,Amy Sanchez
9369,102,Product B,Category 1,11,20.0,2023-06-06,1361,Steven Gray
4033,103,Product C,Category 2,14,30.0,2023-02-19,1031,Robert Silva
523,101,Product A,Category 1,4,10.0,2023-04-13,1614,Kathy Young
8789,102,Product B,Category 1,4,20.0,2023-01-03,1295,Jeffrey Ballard
8896,102,Product B,Category 1,11,20.0,2023-04-15,1472,Heather Fields
6847,102,Product B,Category 1,15,20.0,2023-10-25,1792,Kelly Kelley
4383,101,Product A,Category 1,2,10.0,2023-04-07,1923,Jessica Martin
295,101,Product A,Category 1,13,10.0,2023-05-09,1913,Diane Adams
4458,101,Product A,Category 1,5,10.0,2023-10-18,1759,James Herrera
7574,103,Product C,Category 2,6,30.0,2023-08-04,1469,Michael Jones
9593,102,Product B,Category 1,4,20.0,2023-03-30,1313,Crystal Johns
4355,102,Product B,Category 1,6,20.0,2023-11-05,1219,Kathleen White
8476,104,Product D,Category 2,2,40.0,2023-02-10,1939,Donna Ayala
2935,102,Product B,Category 1,8,20.0,2023-01-20,1277,Jessica Sheppard
7061,101,Product A,Category 1,4,10.0,2023-05-06,1224,Taylor Johnson
6119,101,Product A,Category 1,15,10.0,2023-04-26,1170,Deborah Wilson
2796,103,Product C,Category 2,3,30.0,2023-09-06,1881,Alicia Parrish
1790,104,Product D,Category 2,11,40.0,2023-09-18,1640,Dr. Kelly Walker
913,104,Product D,Category 2,7,40.0,2023-05-16,1484,Jeffrey Bennett
5635,103,Product C,Category 2,15,30.0,2023-11-22,1098,Brian Martin
6088,103,Product C,Category 2,6,30.0,2023-08-01,1868,James Martinez
2107,102,Product B,Category 1,12,20.0,2023-05-28,1847,Paul Smith
6187,101,Product A,Category 1,14,10.0,2023-02-27,1868,James Martinez
6528,101,Product A,Category 1,13,10.0,2023-04-07,1127,William Vega
3060,104,Product D,Category 2,10,40.0,2023-03-27,1512,Brian Austin
8497,101,Product A,Category 1,4,10.0,2023-08-18,1855,Monica Gonzalez
297,102,Product B,Category 1,15,20.0,2023-03-10,1657,Carla Anderson
7679,101,Product A,Category 1,8,10.0,2023-04-27,1237,Jorge Fisher
5267,101,Product A,Category 1,3,10.0,2023-04-17,1029,William Blackburn
9915,102,Product B,Category 1,1,20.0,2023-03-21,1346,Kelsey Martinez
2048,102,Product B,Category 1,9,20.0,2023-01-18,1065,Dr. Amber Flores
5810,103,Product C,Category 2,5,30.0,2023-09-24,1875,Morgan Roberson
7732,103,Product C,Category 2,7,30.0,2023-08-01,1188,Adrienne Weaver
3982,102,Product B,Category 1,14,20.0,2023-10-31,1778,Jennifer Rodriguez
4919,102,Product B,Category 1,15,20.0,2023-09-16,1191,Gabriella Bennett
6175,102,Product B,Category 1,3,20.0,2023-04-22,1911,Barbara Holmes
1494,103,Product C,Category 2,1,30.0,2023-08-28,1674,Adam Bullock
6349,101,Product A,Category 1,8,10.0,2023-05-03,1459,Jacob White
5925,104,Product D,Category 2,14,40.0,2023-07-18,1896,Margaret Odonnell
6391,101,Product A,Category 1,6,10.0,2023-05-30,1874,Thomas Sutton
9246,101,Product A,Category 1,1,10.0,2023-03-02,1898,Henry Wright
7138,103,Product C,Category 2,8,30.0,2023-01-16,1064,Alexis Price
7102,103,Product C,Category 2,3,30.0,2023-03-17,1467,Taylor Glenn
6906,102,Product B,Category 1,9,20.0,2023-08-03,1983,Pamela Griffin MD
7529,101,Product A,Category 1,14,10.0,2023-10-23,1800,James Peterson
4655,101,Product A,Category 1,14,10.0,2023-11-16,1130,Tracy Martinez
4172,102,Product B,Category 1,3,20.0,2023-05-29,1113,Jeffery Moran
7767,103,Product C,Category 2,4,30.0,2023-07-30,1868,James Martinez
5069,102,Product B,Category 1,2,20.0,2023-05-18,1602,Scott Nixon
8442,101,Product A,Category 1,7,10.0,2023-04-12,1491,Michael Kaufman
2622,103,Product C,Category 2,4,30.0,2023-01-18,1456,Laura Vance
3898,101,Product A,Category 1,14,10.0,2023-11-03,1757,Cynthia King
6859,102,Product B,Category 1,4,20.0,2023-02-03,1718,George Cox
784,103,Product C,Category 2,13,30.0,2023-04-13,1785,Matthew Martinez
7987,103,Product C,Category 2,15,30.0,2023-11-07,1260,Patricia Franklin
2954,102,Product B,Category 1,14,20.0,2023-12-30,1985,Latoya Campbell
7296,103,Product C,Category 2,8,30.0,2023-03-06,1579,Michele Hicks
3231,102,Product B,Category 1,11,20.0,2023-12-11,1865,David Turner
6282,102,Product B,Category 1,8,20.0,2023-05-08,1507,Bryan Myers
9315,101,Product A,Category 1,8,10.0,2023-11-23,1703,Lucas Gomez
8734,102,Product B,Category 1,4,20.0,2023-04-23,1955,Lindsay Woodward
2724,102,Product B,Category 1,6,20.0,2023-12-14,1075,Erin Ortiz MD
6004,103,Product C,Category 2,4,30.0,2023-11-30,1392,Kelly Johnson
3428,104,Product D,Category 2,7,40.0,2023-11-10,1488,Connor Schultz
9790,101,Product A,Category 1,6,10.0,2023-01-29,1416,Holly Graves
1175,102,Product B,Category 1,13,20.0,2023-06-09,1844,Sarah Smith
8716,101,Product A,Category 1,4,10.0,2023-08-06,1558,Dr. Kristin Miller
7554,102,Product B,Category 1,5,20.0,2023-11-12,1282,Allen Bell
4496,103,Product C,Category 2,2,30.0,2023-04-10,1843,Peter Garrison
9571,102,Product B,Category 1,4,20.0,2023-01-06,1671,Michael King
6786,101,Product A,Category 1,4,10.0,2023-12-11,1797,Todd Black
9606,101,Product A,Category 1,2,10.0,2023-08-22,1223,Briana Clark
6994,101,Product A,Category 1,7,10.0,2023-04-18,1056,Mark Rangel
7794,102,Product B,Category 1,10,20.0,2023-05-03,1216,Mason Hopkins
4804,103,Product C,Category 2,5,30.0,2023-06-20,1384,Joy Kelly
7441,103,Product C,Category 2,3,30.0,2023-07-15,1910,Savannah Ellison
6960,102,Product B,Category 1,12,20.0,2023-01-11,1233,Robert Hahn
9402,104,Product D,Category 2,4,40.0,2023-11-01,1503,Kenneth Young
9664,104,Product D,Category 2,2,40.0,2023-12-12,1338,Anthony Patton
8829,101,Product A,Category 1,10,10.0,2023-02-18,1582,Nicole Davis
8489,103,Product C,Category 2,15,30.0,2023-01-15,1329,Kristen Skinner
570,102,Product B,Category 1,4,20.0,2023-04-19,1948,Pamela Thompson
5139,102,Product B,Category 1,3,20.0,2023-11-23,1010,Karen Jacobs
9388,102,Product B,Category 1,1,20.0,2023-04-19,1607,Brendan Smith
1279,104,Product D,Category 2,7,40.0,2023-01-12,1737,Colleen Mcgee
2164,101,Product A,Category 1,11,10.0,2023-03-11,1914,Jennifer Davis
572,103,Product C,Category 2,5,30.0,2023-12-21,1116,Mathew Morris
4398,103,Product C,Category 2,4,30.0,2023-11-25,1078,Jacob King
7056,103,Product C,Category 2,15,30.0,2023-07-01,1294,Tammy Robinson
6567,103,Product C,Category 2,9,30.0,2023-03-17,1556,Anne Smith
3940,102,Product B,Category 1,11,20.0,2023-11-14,1008,Tracy Mcdaniel
6240,102,Product B,Category 1,15,20.0,2023-04-23,1224,Taylor Johnson
823,101,Product A,Category 1,4,10.0,2023-11-12,1602,Scott Nixon
7556,104,Product D,Category 2,14,40.0,2023-09-27,1414,Amanda Wilson
7456,102,Product B,Category 1,2,20.0,2023-09-22,1466,Alex Snow
387,104,Product D,Category 2,8,40.0,2023-10-10,1448,Mrs. Alisha Bowers
7590,104,Product D,Category 2,12,40.0,2023-12-11,1586,Sarah Jenkins
6006,101,Product A,Category 1,7,10.0,2023-05-14,1521,Jonathan Jackson
4720,101,Product A,Category 1,7,10.0,2023-10-05,1382,Dr. Martha Martin
3671,103,Product C,Category 2,12,30.0,2023-11-28,1756,Christopher Thompson
5079,102,Product B,Category 1,6,20.0,2023-12-21,1870,Joseph Cain
5359,104,Product D,Category 2,4,40.0,2023-01-25,1730,Jasmine Espinoza
9092,102,Product B,Category 1,12,20.0,2023-07-28,1228,Terrance Novak
5655,101,Product A,Category 1,6,10.0,2023-01-03,1472,Heather Fields
8131,103,Product C,Category 2,7,30.0,2023-06-15,1162,Annette Richardson
5917,102,Product B,Category 1,9,20.0,2023-10-23,1543,Patrick Williams
9595,104,Product D,Category 2,11,40.0,2023-09-08,1498,Angela Guerrero
746,101,Product A,Category 1,10,10.0,2023-03-19,1383,David Nielsen
5287,104,Product D,Category 2,9,40.0,2023-08-15,1557,Nicholas Caldwell
1794,101,Product A,Category 1,3,10.0,2023-09-25,1076,Mike Barnett
8733,102,Product B,Category 1,1,20.0,2023-01-30,1722,Cody Carroll
6269,102,Product B,Category 1,9,20.0,2023-06-13,1041,Colleen Roberts
9898,103,Product C,Category 2,15,30.0,2023-11-22,1295,Jeffrey Ballard
6618,103,Product C,Category 2,12,30.0,2023-08-29,1386,John Flowers
4942,101,Product A,Category 1,15,10.0,2023-07-03,1530,Christina Santiago
7146,102,Product B,Category 1,9,20.0,2023-09-20,1990,Tiffany Horne
3264,102,Product B,Category 1,13,20.0,2023-08-13,1641,Tanya Daugherty
9395,104,Product D,Category 2,7,40.0,2023-12-27,1211,Cassandra Escobar
9180,101,Product A,Category 1,13,10.0,2023-07-28,1367,Elizabeth Oconnor
1174,101,Product A,Category 1,7,10.0,2023-05-12,1581,Joe Beck
4535,103,Product C,Category 2,11,30.0,2023-01-22,1453,Robert Nelson
5613,101,Product A,Category 1,2,10.0,2023-12-25,1669,Tyrone Allen
2953,101,Product A,Category 1,8,10.0,2023-02-15,1274,Morgan Mcdonald
981,101,Product A,Category 1,2,10.0,2023-02-13,1717,Ricardo Kim
3120,101,Product A,Category 1,12,10.0,2023-11-30,1162,Annette Richardson
4555,104,Product D,Category 2,11,40.0,2023-09-27,1015,Dennis Castillo
1451,102,Product B,Category 1,14,20.0,2023-05-07,1782,Nancy Martinez
3287,101,Product A,Category 1,14,10.0,2023-04-28,1107,Thomas Noble
8765,104,Product D,Category 2,5,40.0,2023-01-25,1069,James Bell
4454,102,Product B,Category 1,4,20.0,2023-07-28,1272,Brittany Underwood
444,102,Product B,Category 1,11,20.0,2023-05-24,1097,Christopher Delgado
5042,104,Product D,Category 2,8,40.0,2023-01-04,1764,John Caldwell
7874,103,Product C,Category 2,7,30.0,2023-04-14,1515,Jorge Valdez
3061,101,Product A,Category 1,15,10.0,2023-07-25,1609,Alexandra Clark
6266,104,Product D,Category 2,12,40.0,2023-08-07,1975,Theresa Poole
1043,101,Product A,Category 1,5,10.0,2023-06-20,1265,Charles Nguyen
5219,103,Product C,Category 2,4,30.0,2023-09-06,1869,Charles Blair
4433,104,Product D,Category 2,2,40.0,2023-08-16,1790,Kathleen Dunn
1571,101,Product A,Category 1,1,10.0,2023-01-25,1469,Michael Jones
7413,103,Product C,Category 2,7,30.0,2023-06-07,1332,Brittany Lester
2314,103,Product C,Category 2,1,30.0,2023-07-22,1241,Stephanie Ramos
3260,101,Product A,Category 1,4,10.0,2023-11-26,1460,Kelly Haynes
3322,102,Product B,Category 1,1,20.0,2023-04-08,1578,Robert Green
5039,102,Product B,Category 1,7,20.0,2023-07-02,1868,James Martinez
2341,102,Product B,Category 1,8,20.0,2023-09-09,1507,Bryan Myers
5501,102,Product B,Category 1,14,20.0,2023-03-18,1347,Noah Fuentes
5009,104,Product D,Category 2,10,40.0,2023-01-17,1590,Frederick Hicks
8929,101,Product A,Category 1,6,10.0,2023-11-06,1118,Heather Proctor
1540,102,Product B,Category 1,15,20.0,2023-02-28,1227,Erin Barrera
4763,104,Product D,Category 2,12,40.0,2023-05-01,1472,Heather Fields
4995,104,Product D,Category 2,6,40.0,2023-11-18,1204,Keith Knight
7546,103,Product C,Category 2,6,30.0,2023-06-23,1094,Lisa Meyer
4750,104,Product D,Category 2,13,40.0,2023-08-15,1188,Adrienne Weaver
1981,101,Product A,Category 1,2,10.0,2023-03-05,1960,Gary Rhodes
6077,104,Product D,Category 2,8,40.0,2023-03-23,1212,Ryan Mcfarland
8276,103,Product C,Category 2,6,30.0,2023-10-22,1256,Kayla Torres
2268,104,Product D,Category 2,9,40.0,2023-08-23,1457,Carol Wood
1205,102,Product B,Category 1,10,20.0,2023-07-26,1186,Dr. Tammy Walker
9714,104,Product D,Category 2,5,40.0,2023-01-15,1839,Christopher Shelton
7218,101,Product A,Category 1,14,10.0,2023-07-11,1995,Kevin Burns
8122,104,Product D,Category 2,3,40.0,2023-03-12,1902,Michelle Walters
4961,102,Product B,Category 1,7,20.0,2023-09-16,1532,Meagan Contreras
6051,104,Product D,Category 2,9,40.0,2023-11-09,1342,Benjamin Sutton
7171,103,Product C,Category 2,3,30.0,2023-07-09,1462,Amy Wang
2155,103,Product C,Category 2,15,30.0,2023-06-05,1747,Sherri Green
1047,101,Product A,Category 1,6,10.0,2023-01-29,1206,Sheila Perez
594,101,Product A,Category 1,7,10.0,2023-03-31,1388,Gary Williams
7292,104,Product D,Category 2,9,40.0,2023-11-19,1815,Kirsten Tran
2749,103,Product C,Category 2,5,30.0,2023-01-01,1594,Amanda Bowers
4068,102,Product B,Category 1,8,20.0,2023-06-04,1351,Eileen Tucker
2452,103,Product C,Category 2,3,30.0,2023-07-09,1168,Maria Shah
1097,101,Product A,Category 1,1,10.0,2023-03-08,1525,Alexandra Young
7397,101,Product A,Category 1,4,10.0,2023-07-02,1306,Jim Gregory
7539,104,Product D,Category 2,15,40.0,2023-01-06,1794,Amanda Wells
5227,102,Product B,Category 1,3,20.0,2023-03-12,1378,Audrey Davis
550,101,Product A,Category 1,3,10.0,2023-08-14,1082,Donna Smith
1320,103,Product C,Category 2,1,30.0,2023-03-03,1078,Jacob King
2941,102,Product B,Category 1,2,20.0,2023-07-15,1340,Debra Kelly
3572,102,Product B,Category 1,8,20.0,2023-01-18,1022,Linda Campbell
5343,101,Product A,Category 1,5,10.0,2023-01-04,1838,Crystal Marsh
6527,101,Product A,Category 1,2,10.0,2023-05-02,1879,Timothy Randall
7106,102,Product B,Category 1,11,20.0,2023-09-01,1507,Bryan Myers
7279,103,Product C,Category 2,4,30.0,2023-07-02,1182,Zachary Ward
9183,101,Product A,Category 1,14,10.0,2023-01-26,1399,Eric Smith
9873,102,Product B,Category 1,5,20.0,2023-10-10,1839,Christopher Shelton
4914,104,Product D,Category 2,11,40.0,2023-04-21,1329,Kristen Skinner
6734,102,Product B,Category 1,12,20.0,2023-12-07,1610,Mr. Kevin Wilson Jr.
7309,102,Product B,Category 1,12,20.0,2023-08-24,1142,Tanya Davidson
483,104,Product D,Category 2,7,40.0,2023-04-10,1868,James Martinez
7257,102,Product B,Category 1,12,20.0,2023-04-07,1690,Ashley Ali
7553,103,Product C,Category 2,2,30.0,2023-09-14,1026,Bailey Middleton
7369,102,Product B,Category 1,7,20.0,2023-11-06,1040,Shawn Castillo
5152,104,Product D,Category 2,15,40.0,2023-09-19,1679,Christie Smith
3014,101,Product A,Category 1,8,10.0,2023-02-14,1229,Andrew Franklin
7311,101,Product A,Category 1,1,10.0,2023-09-27,1580,Cory Ross
9950,101,Product A,Category 1,6,10.0,2023-01-24,1099,Karl Smith
9168,102,Product B,Category 1,6,20.0,2023-01-09,1644,Heather Leonard
6389,101,Product A,Category 1,13,10.0,2023-12-05,1368,Heather Knight
6063,101,Product A,Category 1,1,10.0,2023-01-31,1553,Thomas Maynard
5617,101,Product A,Category 1,15,10.0,2023-08-02,1118,Heather Proctor
2986,104,Product D,Category 2,15,40.0,2023-03-31,1219,Kathleen White
6588,102,Product B,Category 1,15,20.0,2023-07-18,1657,Carla Anderson
4650,103,Product C,Category 2,5,30.0,2023-09-19,1865,David Turner
2970,103,Product C,Category 2,9,30.0,2023-06-12,1262,Patricia Garcia
9594,103,Product C,Category 2,3,30.0,2023-04-26,1810,Dustin Rodriguez
5511,104,Product D,Category 2,14,40.0,2023-01-06,1693,Paula Mcguire
3370,102,Product B,Category 1,8,20.0,2023-06-21,1141,Brenda Gonzalez
1595,104,Product D,Category 2,15,40.0,2023-01-04,1912,Joann Brown
3055,102,Product B,Category 1,8,20.0,2023-12-22,1437,Oscar Donaldson
6363,102,Product B,Category 1,3,20.0,2023-12-28,1346,Kelsey Martinez
3757,103,Product C,Category 2,9,30.0,2023-12-29,1026,Bailey Middleton
2368,101,Product A,Category 1,4,10.0,2023-10-13,1507,Bryan Myers
2673,101,Product A,Category 1,8,10.0,2023-01-03,1737,Colleen Mcgee
5623,101,Product A,Category 1,14,10.0,2023-10-19,1058,Thomas Johnson
4009,104,Product D,Category 2,10,40.0,2023-08-31,1370,Phillip Ferguson
394,101,Product A,Category 1,5,10.0,2023-08-20,1373,Melissa Johnson
6587,102,Product B,Category 1,15,20.0,2023-03-03,1933,Tracy Fields
1362,102,Product B,Category 1,6,20.0,2023-09-05,1271,Thomas Wu
2196,102,Product B,Category 1,11,20.0,2023-10-27,1996,Shelby Monroe
7960,104,Product D,Category 2,4,40.0,2023-05-14,1722,Cody Carroll
9648,102,Product B,Category 1,1,20.0,2023-08-12,1954,Samantha Moore
4164,101,Product A,Category 1,9,10.0,2023-02-28,1714,Cole Mcdowell
4471,103,Product C,Category 2,9,30.0,2023-12-02,1768,Thomas Cole
4324,101,Product A,Category 1,6,10.0,2023-05-31,1908,Tony Stephens
1287,102,Product B,Category 1,13,20.0,2023-01-09,1251,Christina Clark
9505,103,Product C,Category 2,9,30.0,2023-11-24,1892,Elizabeth Mercado
1889,101,Product A,Category 1,9,10.0,2023-09-18,1884,Donald Davis
3786,103,Product C,Category 2,9,30.0,2023-01-29,1491,Michael Kaufman
8907,104,Product D,Category 2,15,40.0,2023-09-19,1570,Andre Patel
8075,101,Product A,Category 1,8,10.0,2023-09-17,1793,Kevin Huffman
8754,101,Product A,Category 1,1,10.0,2023-12-20,1103,Ryan Turner
5448,102,Product B,Category 1,1,20.0,2023-05-23,1031,Robert Silva
2937,103,Product C,Category 2,11,30.0,2023-03-26,1566,Linda Henderson
3051,103,Product C,Category 2,6,30.0,2023-07-28,1448,Mrs. Alisha Bowers
6409,101,Product A,Category 1,3,10.0,2023-11-19,1795,Devin Beck
3122,101,Product A,Category 1,1,10.0,2023-06-18,1835,Chris Walker
6897,103,Product C,Category 2,1,30.0,2023-08-03,1616,Jonathan Morrow
6066,103,Product C,Category 2,10,30.0,2023-06-13,1620,Barbara Hamilton
1751,103,Product C,Category 2,5,30.0,2023-07-22,1147,Kevin Larson
6152,104,Product D,Category 2,11,40.0,2023-05-12,1937,Cody Miles
2304,101,Product A,Category 1,13,10.0,2023-07-02,1096,Jaime Young
2071,102,Product B,Category 1,6,20.0,2023-04-30,1358,Jonathan Franco
2533,101,Product A,Category 1,8,10.0,2023-05-15,1966,James Thomas
1340,102,Product B,Category 1,1,20.0,2023-06-04,1915,Sandra Bell
354,102,Product B,Category 1,14,20.0,2023-03-19,1177,Anthony Brown
7803,102,Product B,Category 1,14,20.0,2023-09-12,1994,Jennifer Thompson
8110,102,Product B,Category 1,11,20.0,2023-06-18,1189,Alyssa Delacruz
5940,103,Product C,Category 2,1,30.0,2023-01-03,1918,Mr. Wesley White
5469,102,Product B,Category 1,11,20.0,2023-10-29,1729,Karen Moyer
3129,103,Product C,Category 2,4,30.0,2023-11-17,1536,Christopher Hanson MD
7067,101,Product A,Category 1,11,10.0,2023-08-09,2000,Molly Martin
1363,102,Product B,Category 1,11,20.0,2023-03-29,1795,Devin Beck
6739,101,Product A,Category 1,5,10.0,2023-01-19,1028,Jeffrey Smith
7445,103,Product C,Category 2,14,30.0,2023-01-12,1540,Tina Thompson
4648,101,Product A,Category 1,12,10.0,2023-10-21,1522,Jack Medina
4623,102,Product B,Category 1,11,20.0,2023-08-27,1763,Shawn Graham
2871,102,Product B,Category 1,12,20.0,2023-11-28,1941,William Carroll
9854,102,Product B,Category 1,15,20.0,2023-10-27,1680,Angela Jenkins
856,104,Product D,Category 2,6,40.0,2023-08-28,1337,James Bryant
1836,103,Product C,Category 2,10,30.0,2023-11-23,1035,Robert Rodriguez
1387,103,Product C,Category 2,4,30.0,2023-07-20,1201,Matthew Mcdonald
3288,104,Product D,Category 2,1,40.0,2023-03-11,1726,Andrea Shah
1619,101,Product A,Category 1,6,10.0,2023-06-10,1565,Latoya Hayes
7868,103,Product C,Category 2,4,30.0,2023-02-18,1691,Brent Glenn
1145,102,Product B,Category 1,8,20.0,2023-05-14,1189,Alyssa Delacruz
4140,104,Product D,Category 2,7,40.0,2023-02-15,1942,Joseph Martin
4527,104,Product D,Category 2,7,40.0,2023-11-15,1311,Dr. Jennifer Byrd
4348,104,Product D,Category 2,9,40.0,2023-01-09,1277,Jessica Sheppard
9196,102,Product B,Category 1,7,20.0,2023-07-01,1286,Kevin Hebert
3613,101,Product A,Category 1,6,10.0,2023-01-07,1320,Cheryl Kennedy
8798,103,Product C,Category 2,9,30.0,2023-09-24,1291,Amanda Fernandez
4104,102,Product B,Category 1,12,20.0,2023-03-20,1579,Michele Hicks
4277,102,Product B,Category 1,14,20.0,2023-09-05,1830,Oscar Palmer
2002,102,Product B,Category 1,9,20.0,2023-05-27,1758,Dr. Adam Hudson MD
2399,101,Product A,Category 1,9,10.0,2023-09-21,1427,Brittney Robinson MD
4700,102,Product B,Category 1,2,20.0,2023-12-04,1796,Benjamin Henry
7382,104,Product D,Category 2,10,40.0,2023-11-28,1437,Oscar Donaldson
9961,102,Product B,Category 1,15,20.0,2023-08-26,1554,Robyn Trujillo
271,102,Product B,Category 1,12,20.0,2023-08-26,1925,Brenda Smith
4792,102,Product B,Category 1,4,20.0,2023-08-06,1569,Timothy Perkins
3856,104,Product D,Category 2,5,40.0,2023-02-01,1462,Amy Wang
3439,102,Product B,Category 1,9,20.0,2023-08-10,1770,Joseph Diaz
1222,101,Product A,Category 1,3,10.0,2023-08-25,1936,Heather Gordon
6616,102,Product B,Category 1,12,20.0,2023-10-29,1915,Sandra Bell
5747,102,Product B,Category 1,8,20.0,2023-10-27,1749,Scott Wright
8739,101,Product A,Category 1,7,10.0,2023-11-24,1016,Kayla Kelly
5252,101,Product A,Category 1,10,10.0,2023-01-31,1932,Philip Mack
2202,103,Product C,Category 2,6,30.0,2023-03-14,1950,Gregory Dickerson
585,101,Product A,Category 1,15,10.0,2023-04-13,1127,William Vega
5106,104,Product D,Category 2,12,40.0,2023-08-30,1482,Amanda Ayers
5919,103,Product C,Category 2,1,30.0,2023-07-27,1064,Alexis Price
3013,101,Product A,Category 1,1,10.0,2023-10-04,1117,Sonya Byrd
8448,101,Product A,Category 1,12,10.0,2023-03-05,1844,Sarah Smith
8335,102,Product B,Category 1,9,20.0,2023-04-11,1217,Jessica Harper
5322,101,Product A,Category 1,1,10.0,2023-10-09,1554,Robyn Trujillo
5996,102,Product B,Category 1,15,20.0,2023-08-25,1304,Justin Morse
8836,102,Product B,Category 1,5,20.0,2023-11-09,1710,Nicole Caldwell
6002,101,Product A,Category 1,4,10.0,2023-09-13,1358,Jonathan Franco
4863,102,Product B,Category 1,8,20.0,2023-04-13,1964,Christopher Gonzales
3727,102,Product B,Category 1,15,20.0,2023-10-20,1441,Kimberly Harris
6194,104,Product D,Category 2,8,40.0,2023-11-15,1748,Kelly Cooley
4499,103,Product C,Category 2,3,30.0,2023-05-17,1196,Steven Simon
3391,103,Product C,Category 2,10,30.0,2023-10-20,1161,Douglas Ortega
1966,102,Product B,Category 1,3,20.0,2023-02-12,1541,Bianca Sutton
4077,101,Product A,Category 1,14,10.0,2023-08-15,1046,Zachary Gonzales
5624,104,Product D,Category 2,10,40.0,2023-05-31,1756,Christopher Thompson
2355,101,Product A,Category 1,8,10.0,2023-06-30,1035,Robert Rodriguez
1456,102,Product B,Category 1,2,20.0,2023-03-01,1677,Jay Jarvis
8006,104,Product D,Category 2,2,40.0,2023-02-17,1647,Ronald Murphy
3156,102,Product B,Category 1,12,20.0,2023-01-23,1075,Erin Ortiz MD
4026,102,Product B,Category 1,1,20.0,2023-05-20,1548,Jasmine Perez
5291,102,Product B,Category 1,13,20.0,2023-11-21,1950,Gregory Dickerson
9786,104,Product D,Category 2,5,40.0,2023-09-02,1500,Mrs. Wendy Henderson
715,101,Product A,Category 1,2,10.0,2023-11-12,1747,Sherri Green
313,104,Product D,Category 2,4,40.0,2023-08-30,1967,Kristina Lyons
6278,104,Product D,Category 2,7,40.0,2023-08-25,1414,Amanda Wilson
4619,104,Product D,Category 2,10,40.0,2023-01-10,1444,Zachary Young
7744,101,Product A,Category 1,7,10.0,2023-05-30,1561,Sean Rivera
4248,102,Product B,Category 1,10,20.0,2023-06-25,1390,Danielle Cross
2423,102,Product B,Category 1,2,20.0,2023-11-01,1813,Cathy Hanna
8531,101,Product A,Category 1,2,10.0,2023-10-11,1432,Shelley Bullock
7432,102,Product B,Category 1,5,20.0,2023-07-08,1541,Bianca Sutton
6361,101,Product A,Category 1,13,10.0,2023-12-11,1245,Michelle Hampton
4031,101,Product A,Category 1,4,10.0,2023-07-14,1430,Pamela Pena DDS
1593,101,Product A,Category 1,2,10.0,2023-07-12,1915,Sandra Bell
9823,102,Product B,Category 1,4,20.0,2023-04-05,1695,Melissa Rodriguez
2535,103,Product C,Category 2,4,30.0,2023-12-14,1799,Rita Romero
5298,101,Product A,Category 1,13,10.0,2023-05-15,1662,Tracy Leach
3813,102,Product B,Category 1,6,20.0,2023-05-18,1066,Tyler Deleon
701,104,Product D,Category 2,8,40.0,2023-09-20,1503,Kenneth Young
3274,102,Product B,Category 1,13,20.0,2023-06-29,1561,Sean Rivera
8450,103,Product C,Category 2,8,30.0,2023-09-16,1210,Denise Anderson
5900,103,Product C,Category 2,4,30.0,2023-11-20,1912,Joann Brown
9708,104,Product D,Category 2,3,40.0,2023-10-09,1691,Brent Glenn
3619,101,Product A,Category 1,9,10.0,2023-01-05,1756,Christopher Thompson
9097,101,Product A,Category 1,12,10.0,2023-06-27,1510,Christopher Wright
8903,102,Product B,Category 1,15,20.0,2023-10-07,1538,Margaret Garcia
6346,102,Product B,Category 1,13,20.0,2023-10-18,1314,Shane Garcia
5606,103,Product C,Category 2,6,30.0,2023-01-08,1125,Melissa Long
6622,104,Product D,Category 2,3,40.0,2023-09-17,1310,Regina Turner
1482,103,Product C,Category 2,11,30.0,2023-01-29,1534,Michael Lozano
6869,102,Product B,Category 1,9,20.0,2023-06-29,1873,April Jacobs
9375,104,Product D,Category 2,8,40.0,2023-08-18,1809,Katherine King
4443,103,Product C,Category 2,6,30.0,2023-07-02,1611,Matthew Lucas
9982,101,Product A,Category 1,1,10.0,2023-10-16,1282,Allen Bell
4842,103,Product C,Category 2,12,30.0,2023-11-23,1914,Jennifer Davis
2802,102,Product B,Category 1,3,20.0,2023-10-17,1409,Lynn Shields
7090,101,Product A,Category 1,14,10.0,2023-09-18,1471,Sarah James
6717,101,Product A,Category 1,6,10.0,2023-01-18,1387,Gregory Phelps
3640,102,Product B,Category 1,1,20.0,2023-12-26,1579,Michele Hicks
3027,101,Product A,Category 1,15,10.0,2023-05-26,1023,Andrea Warren
1435,103,Product C,Category 2,11,30.0,2023-06-15,1556,Anne Smith
2262,104,Product D,Category 2,1,40.0,2023-09-18,1034,Sarah Thomas
9321,102,Product B,Category 1,7,20.0,2023-10-01,1694,Kyle Tapia
2113,104,Product D,Category 2,9,40.0,2023-10-30,1451,Ashley Silva
7548,104,Product D,Category 2,12,40.0,2023-10-04,1023,Andrea Warren
9649,104,Product D,Category 2,6,40.0,2023-06-24,1865,David Turner
2017,103,Product C,Category 2,5,30.0,2023-08-12,1806,Rose Sanchez
1033,102,Product B,Category 1,14,20.0,2023-06-29,1113,Jeffery Moran
8923,102,Product B,Category 1,5,20.0,2023-04-26,1548,Jasmine Perez
9448,101,Product A,Category 1,8,10.0,2023-12-05,1074,Charles Brown
1559,101,Product A,Category 1,2,10.0,2023-06-13,1890,Francisco Carlson
3238,101,Product A,Category 1,14,10.0,2023-08-13,1050,Michael Fisher
2997,101,Product A,Category 1,4,10.0,2023-09-20,1625,Timothy Marshall
1702,101,Product A,Category 1,6,10.0,2023-12-19,1797,Todd Black
3239,101,Product A,Category 1,7,10.0,2023-07-23,1097,Christopher Delgado
5507,104,Product D,Category 2,6,40.0,2023-02-28,1337,James Bryant
5834,102,Product B,Category 1,13,20.0,2023-08-18,1283,Luis Leonard MD
6953,102,Product B,Category 1,2,20.0,2023-07-10,1620,Barbara Hamilton
251,102,Product B,Category 1,2,20.0,2023-07-25,1590,Frederick Hicks
8594,102,Product B,Category 1,10,20.0,2023-02-24,1948,Pamela Thompson
7152,103,Product C,Category 2,9,30.0,2023-03-27,1211,Cassandra Escobar
6204,101,Product A,Category 1,11,10.0,2023-12-04,1529,Lucas Rogers
5099,101,Product A,Category 1,8,10.0,2023-11-24,1581,Joe Beck
1732,102,Product B,Category 1,11,20.0,2023-06-30,1176,Christina Wagner
2465,102,Product B,Category 1,4,20.0,2023-04-14,1754,Michael Potter
345,102,Product B,Category 1,8,20.0,2023-09-08,1545,Bruce Martin
1995,104,Product D,Category 2,13,40.0,2023-01-12,1725,Matthew Downs
5213,104,Product D,Category 2,12,40.0,2023-08-17,1709,Nicholas Pena
6366,101,Product A,Category 1,11,10.0,2023-01-13,1236,William Jones
4065,102,Product B,Category 1,6,20.0,2023-01-17,1978,James Boyer
6184,102,Product B,Category 1,9,20.0,2023-01-22,1363,Sylvia Williams
303,102,Product B,Category 1,11,20.0,2023-07-04,1011,Thomas Escobar
4139,102,Product B,Category 1,2,20.0,2023-05-27,1676,Craig Conner
1076,103,Product C,Category 2,11,30.0,2023-05-11,1413,Patrick Chung
634,101,Product A,Category 1,2,10.0,2023-09-05,1489,Renee Hines
7123,101,Product A,Category 1,8,10.0,2023-12-01,1598,Donna Li
8500,102,Product B,Category 1,9,20.0,2023-08-14,1458,Marcus Lane
8201,101,Product A,Category 1,14,10.0,2023-02-19,1647,Ronald Murphy
7932,103,Product C,Category 2,11,30.0,2023-12-01,1523,Phillip Meyer
2077,102,Product B,Category 1,4,20.0,2023-11-09,1552,Megan Crawford
428,102,Product B,Category 1,4,20.0,2023-12-28,1462,Amy Wang
2429,102,Product B,Category 1,8,20.0,2023-05-09,1671,Michael King
5762,103,Product C,Category 2,11,30.0,2023-10-31,1756,Christopher Thompson
4361,102,Product B,Category 1,7,20.0,2023-05-15,1865,David Turner
8254,102,Product B,Category 1,7,20.0,2023-10-04,1234,Denise Martinez
5353,103,Product C,Category 2,10,30.0,2023-03-12,1100,Sarah Evans
4860,101,Product A,Category 1,6,10.0,2023-02-28,1608,Nicole Ballard
2746,103,Product C,Category 2,10,30.0,2023-09-06,1576,Jason Ford
656,101,Product A,Category 1,14,10.0,2023-12-14,1393,Debra Bennett
563,103,Product C,Category 2,13,30.0,2023-01-06,1875,Morgan Roberson
5669,102,Product B,Category 1,8,20.0,2023-11-28,1487,Allen Montes
9903,103,Product C,Category 2,12,30.0,2023-10-01,1340,Debra Kelly
4393,103,Product C,Category 2,15,30.0,2023-07-07,1127,William Vega
3193,102,Product B,Category 1,14,20.0,2023-05-12,1712,Wendy Smith
7117,101,Product A,Category 1,9,10.0,2023-05-22,1513,Maria Barker
4445,102,Product B,Category 1,2,20.0,2023-08-14,1119,Matthew Rogers
2621,101,Product A,Category 1,11,10.0,2023-11-08,1978,James Boyer
5828,102,Product B,Category 1,10,20.0,2023-12-27,1417,Courtney Haley
6274,103,Product C,Category 2,12,30.0,2023-01-12,1386,John Flowers
3991,104,Product D,Category 2,4,40.0,2023-07-13,1063,Dr. Donna Shelton
9287,101,Product A,Category 1,1,10.0,2023-09-17,1138,Ashley Moore
1423,103,Product C,Category 2,15,30.0,2023-06-03,1011,Thomas Escobar
7389,102,Product B,Category 1,6,20.0,2023-07-03,1667,Matthew Delacruz
2450,102,Product B,Category 1,3,20.0,2023-02-11,1281,Julian Tate
5045,104,Product D,Category 2,4,40.0,2023-02-20,1807,Ronald Gibson
8530,104,Product D,Category 2,9,40.0,2023-03-09,1312,Sharon Singleton
8127,103,Product C,Category 2,9,30.0,2023-08-24,1333,Bryan Rodriguez
4073,102,Product B,Category 1,8,20.0,2023-05-30,1618,Allison Delgado
1667,101,Product A,Category 1,12,10.0,2023-08-23,1312,Sharon Singleton
1189,103,Product C,Category 2,9,30.0,2023-01-23,1794,Amanda Wells
126,101,Product A,Category 1,5,10.0,2023-03-06,1532,Meagan Contreras
8856,101,Product A,Category 1,9,10.0,2023-01-25,1011,Thomas Escobar
6998,103,Product C,Category 2,4,30.0,2023-03-11,1472,Heather Fields
3632,102,Product B,Category 1,3,20.0,2023-04-06,1919,Erica Russell
1260,101,Product A,Category 1,3,10.0,2023-11-27,1476,Mary Robinson
93,102,Product B,Category 1,11,20.0,2023-04-25,1057,Larry Clark
1327,101,Product A,Category 1,13,10.0,2023-05-26,1116,Mathew Morris
6238,102,Product B,Category 1,3,20.0,2023-02-25,1862,William Carroll
5180,101,Product A,Category 1,2,10.0,2023-10-06,1693,Paula Mcguire
1249,101,Product A,Category 1,14,10.0,2023-09-06,1761,Gregory Hodges
885,104,Product D,Category 2,12,40.0,2023-06-24,1034,Sarah Thomas
4175,102,Product B,Category 1,4,20.0,2023-05-04,1217,Jessica Harper
4093,104,Product D,Category 2,6,40.0,2023-02-14,1214,Angela Davis
2035,104,Product D,Category 2,3,40.0,2023-07-12,1580,Cory Ross
3379,101,Product A,Category 1,4,10.0,2023-06-09,1435,Dustin Best
9150,103,Product C,Category 2,3,30.0,2023-08-15,1765,David Fields
4042,101,Product A,Category 1,11,10.0,2023-05-29,1782,Nancy Martinez
6470,101,Product A,Category 1,15,10.0,2023-12-01,1178,Connie Garcia
7011,101,Product A,Category 1,13,10.0,2023-08-20,1268,Katelyn Abbott
2784,102,Product B,Category 1,14,20.0,2023-07-20,1375,Grace Lopez
1006,103,Product C,Category 2,9,30.0,2023-10-22,1567,Yvonne Banks
7608,102,Product B,Category 1,12,20.0,2023-07-09,1991,Jonathan Saunders
7789,102,Product B,Category 1,11,20.0,2023-11-13,1633,Dylan Hull
9998,101,Product A,Category 1,2,10.0,2023-12-14,1540,Tina Thompson
4415,103,Product C,Category 2,15,30.0,2023-04-11,1501,Jane Cruz
7918,104,Product D,Category 2,9,40.0,2023-12-17,1442,Lori Rosales
1209,101,Product A,Category 1,15,10.0,2023-01-15,1196,Steven Simon
9046,101,Product A,Category 1,7,10.0,2023-03-13,1038,Isaac Sexton
1678,102,Product B,Category 1,4,20.0,2023-09-09,1543,Patrick Williams
869,102,Product B,Category 1,15,20.0,2023-06-09,1828,Lisa Wright
155,101,Product A,Category 1,13,10.0,2023-05-05,1502,Jessica Young
5204,101,Product A,Category 1,2,10.0,2023-02-22,1947,Nicole Hall
8919,104,Product D,Category 2,7,40.0,2023-11-13,1264,Kathleen Jones
2446,102,Product B,Category 1,15,20.0,2023-06-05,1477,Louis Harris
3826,101,Product A,Category 1,7,10.0,2023-09-28,1905,Christopher Horne
3324,101,Product A,Category 1,3,10.0,2023-05-23,1617,Daniel Lewis
8791,101,Product A,Category 1,4,10.0,2023-03-08,1151,Thomas Romero
8350,104,Product D,Category 2,3,40.0,2023-08-28,1171,Craig Lyons
5339,101,Product A,Category 1,5,10.0,2023-06-05,1252,Melissa James
7624,101,Product A,Category 1,6,10.0,2023-09-16,1648,Pamela Rhodes
9993,104,Product D,Category 2,10,40.0,2023-01-14,1613,Philip Bowen
3966,103,Product C,Category 2,3,30.0,2023-04-27,1370,Phillip Ferguson
975,101,Product A,Category 1,7,10.0,2023-08-24,1091,Christine Monroe
3759,101,Product A,Category 1,10,10.0,2023-10-23,1278,Gilbert Villanueva
263,102,Product B,Category 1,14,20.0,2023-11-08,1673,Destiny Rivas
5271,104,Product D,Category 2,12,40.0,2023-03-22,1822,Patricia Ramos
1665,103,Product C,Category 2,6,30.0,2023-12-19,1355,Tracy Shepherd
7304,101,Product A,Category 1,1,10.0,2023-10-29,1260,Patricia Franklin
9348,101,Product A,Category 1,4,10.0,2023-11-06,1380,Matthew Kramer
9979,102,Product B,Category 1,9,20.0,2023-03-14,1616,Jonathan Morrow
4447,103,Product C,Category 2,1,30.0,2023-02-09,1829,Jill Nunez
2984,102,Product B,Category 1,13,20.0,2023-06-20,1790,Kathleen Dunn
8037,101,Product A,Category 1,3,10.0,2023-06-12,1676,Craig Conner
4733,104,Product D,Category 2,5,40.0,2023-05-04,1561,Sean Rivera
1941,101,Product A,Category 1,9,10.0,2023-09-13,1760,Elizabeth Wright
1808,102,Product B,Category 1,8,20.0,2023-06-23,1241,Stephanie Ramos
8678,104,Product D,Category 2,9,40.0,2023-08-20,1866,Richard Goodman
6131,102,Product B,Category 1,10,20.0,2023-07-22,1972,Jason Vasquez
1208,103,Product C,Category 2,3,30.0,2023-02-12,1761,Gregory Hodges
9403,104,Product D,Category 2,2,40.0,2023-04-01,1511,Kenneth Hardy
8274,102,Product B,Category 1,6,20.0,2023-01-29,1628,Diana Burns
9583,102,Product B,Category 1,5,20.0,2023-07-15,1022,Linda Campbell
6078,102,Product B,Category 1,5,20.0,2023-11-24,1497,James Myers
8927,102,Product B,Category 1,9,20.0,2023-10-23,1909,Billy Rowland
6287,103,Product C,Category 2,11,30.0,2023-07-20,1179,Michael Sexton
3948,103,Product C,Category 2,10,30.0,2023-05-30,1836,Sarah Murphy
2795,102,Product B,Category 1,15,20.0,2023-08-19,1553,Thomas Maynard
85,101,Product A,Category 1,4,10.0,2023-03-26,1117,Sonya Byrd
1955,102,Product B,Category 1,5,20.0,2023-07-27,1050,Michael Fisher
826,102,Product B,Category 1,15,20.0,2023-04-07,1665,Michele Sharp
5464,103,Product C,Category 2,3,30.0,2023-05-25,1084,Andrea Hayes
6239,101,Product A,Category 1,2,10.0,2023-05-11,1650,Joshua Turner
5320,101,Product A,Category 1,4,10.0,2023-07-17,1406,Lonnie Wolf
610,101,Product A,Category 1,7,10.0,2023-12-24,1589,Brandi Hill
7071,104,Product D,Category 2,10,40.0,2023-09-22,1127,William Vega
7331,104,Product D,Category 2,7,40.0,2023-10-17,1232,Sonya Castillo
8019,103,Product C,Category 2,3,30.0,2023-12-04,1059,Jessica Jackson
7080,103,Product C,Category 2,11,30.0,2023-10-30,1673,Destiny Rivas
4226,101,Product A,Category 1,1,10.0,2023-08-17,1655,Heather Anderson
194,102,Product B,Category 1,10,20.0,2023-10-03,1884,Donald Davis
7245,101,Product A,Category 1,3,10.0,2023-07-13,1068,Tina Thompson
733,104,Product D,Category 2,6,40.0,2023-03-20,1357,Calvin Brock
1462,102,Product B,Category 1,5,20.0,2023-01-05,1287,David Sanchez
7232,101,Product A,Category 1,3,10.0,2023-01-08,1877,Kelsey Bell
9340,102,Product B,Category 1,13,20.0,2023-10-14,1881,Alicia Parrish
2285,102,Product B,Category 1,2,20.0,2023-09-13,1412,Michele Myers MD
4741,102,Product B,Category 1,15,20.0,2023-03-20,1786,Linda Salinas
1682,101,Product A,Category 1,1,10.0,2023-03-17,1594,Amanda Bowers
2226,102,Product B,Category 1,8,20.0,2023-06-25,1411,Daniel Larsen
3599,101,Product A,Category 1,13,10.0,2023-09-17,1139,Katherine Evans
163,102,Product B,Category 1,12,20.0,2023-07-29,1262,Patricia Garcia
468,102,Product B,Category 1,6,20.0,2023-09-14,1259,Daniel Mcmillan
763,104,Product D,Category 2,14,40.0,2023-01-03,1282,Allen Bell
5944,102,Product B,Category 1,13,20.0,2023-12-21,1872,David Krueger
5745,102,Product B,Category 1,15,20.0,2023-12-01,1606,Marcia Baker
1271,103,Product C,Category 2,3,30.0,2023-04-12,1736,Emily George
4230,102,Product B,Category 1,14,20.0,2023-04-12,1113,Jeffery Moran
4310,101,Product A,Category 1,5,10.0,2023-06-13,1157,Christine Chase
726,102,Product B,Category 1,6,20.0,2023-09-24,1927,Elizabeth Barnett
7352,104,Product D,Category 2,8,40.0,2023-10-20,1676,Craig Conner
8472,102,Product B,Category 1,3,20.0,2023-12-03,1468,Colin Wiggins
5951,101,Product A,Category 1,13,10.0,2023-12-29,1060,Jennifer Carey
5109,102,Product B,Category 1,8,20.0,2023-04-25,1215,Lisa Sanders
6169,102,Product B,Category 1,12,20.0,2023-11-15,1931,William Carson
3174,101,Product A,Category 1,6,10.0,2023-08-25,1856,Patricia Green
5649,104,Product D,Category 2,7,40.0,2023-05-24,1626,Sally Wilson
6713,102,Product B,Category 1,10,20.0,2023-07-12,1726,Andrea Shah
5580,104,Product D,Category 2,7,40.0,2023-09-09,1284,Jessica Miles
7694,104,Product D,Category 2,10,40.0,2023-04-05,1535,Rebecca Snyder
5718,104,Product D,Category 2,9,40.0,2023-01-27,1877,Kelsey Bell
7585,101,Product A,Category 1,15,10.0,2023-02-01,1829,Jill Nunez
1840,101,Product A,Category 1,11,10.0,2023-05-18,1171,Craig Lyons
5843,103,Product C,Category 2,11,30.0,2023-12-09,1963,Kathleen Porter
3026,104,Product D,Category 2,14,40.0,2023-02-21,1334,Jennifer Burch
1369,101,Product A,Category 1,13,10.0,2023-01-01,1820,William Smith II
3577,101,Product A,Category 1,13,10.0,2023-05-10,1918,Mr. Wesley White
4293,101,Product A,Category 1,14,10.0,2023-09-18,1780,Erin Palmer
4342,102,Product B,Category 1,12,20.0,2023-06-12,1160,Andrea Lopez
1877,101,Product A,Category 1,10,10.0,2023-08-15,1082,Donna Smith
4907,101,Product A,Category 1,2,10.0,2023-04-06,1469,Michael Jones
3911,101,Product A,Category 1,11,10.0,2023-04-14,1507,Bryan Myers
3634,101,Product A,Category 1,3,10.0,2023-10-18,1639,James Macdonald
2808,101,Product A,Category 1,10,10.0,2023-05-23,1486,Jonathan Rodriguez
1395,101,Product A,Category 1,1,10.0,2023-03-09,1802,Sarah Moses
6107,103,Product C,Category 2,11,30.0,2023-06-25,1799,Rita Romero
847,103,Product C,Category 2,12,30.0,2023-07-05,1110,Justin Fletcher
7429,102,Product B,Category 1,1,20.0,2023-12-26,1724,Kevin Copeland
7692,102,Product B,Category 1,6,20.0,2023-05-25,1009,Nicole Bailey
6149,101,Product A,Category 1,5,10.0,2023-11-29,1145,James Bauer
3306,102,Product B,Category 1,12,20.0,2023-11-30,1077,Dana Evans
995,101,Product A,Category 1,11,10.0,2023-10-24,1083,Melanie Schultz
7759,101,Product A,Category 1,2,10.0,2023-03-12,1036,Elijah Parks
1768,101,Product A,Category 1,9,10.0,2023-10-27,1694,Kyle Tapia
7142,101,Product A,Category 1,15,10.0,2023-05-25,1131,Kurt Reed
2284,101,Product A,Category 1,12,10.0,2023-09-02,1426,Andrew Hill
6424,102,Product B,Category 1,7,20.0,2023-02-26,1769,Ricky Soto
1572,102,Product B,Category 1,4,20.0,2023-01-16,1407,Jennifer Brock
1550,101,Product A,Category 1,6,10.0,2023-06-21,1416,Holly Graves
3243,101,Product A,Category 1,11,10.0,2023-05-10,1634,Ann Rush
6017,102,Product B,Category 1,15,20.0,2023-04-17,1771,Rhonda Garrett
6126,104,Product D,Category 2,5,40.0,2023-01-09,1409,Lynn Shields
6787,104,Product D,Category 2,4,40.0,2023-01-25,1463,Tiffany Luna
1544,101,Product A,Category 1,10,10.0,2023-01-09,1898,Henry Wright
9496,103,Product C,Category 2,9,30.0,2023-10-18,1706,Susan Adams
9215,102,Product B,Category 1,9,20.0,2023-08-21,1248,Matthew May
849,101,Product A,Category 1,3,10.0,2023-01-22,1704,David Sanders
1402,102,Product B,Category 1,8,20.0,2023-02-10,1910,Savannah Ellison
1507,102,Product B,Category 1,3,20.0,2023-01-11,1901,Tammy Kennedy
6329,102,Product B,Category 1,12,20.0,2023-01-11,1332,Brittany Lester
3296,102,Product B,Category 1,2,20.0,2023-05-31,1395,Justin Mccarty
5641,101,Product A,Category 1,9,10.0,2023-02-04,1245,Michelle Hampton
7799,101,Product A,Category 1,10,10.0,2023-10-22,1639,James Macdonald
4598,101,Product A,Category 1,5,10.0,2023-12-23,1202,Joseph Stevens
2738,104,Product D,Category 2,12,40.0,2023-05-14,1278,Gilbert Villanueva
6568,102,Product B,Category 1,12,20.0,2023-08-14,1140,Samantha Collins
3945,101,Product A,Category 1,7,10.0,2023-01-05,1078,Jacob King
1517,101,Product A,Category 1,4,10.0,2023-07-25,1973,Vincent Beck
5119,102,Product B,Category 1,14,20.0,2023-01-07,1715,James Daniels
6114,103,Product C,Category 2,6,30.0,2023-01-01,2001,Phillip Ballard
6744,101,Product A,Category 1,5,10.0,2023-10-29,1959,Elizabeth Jefferson
5884,103,Product C,Category 2,13,30.0,2023-12-08,1701,Jennifer Hernandez
7248,103,Product C,Category 2,4,30.0,2023-07-14,1640,Dr. Kelly Walker
4008,101,Product A,Category 1,3,10.0,2023-05-25,1067,Barbara Coleman
7324,101,Product A,Category 1,5,10.0,2023-01-03,1319,Jennifer Clark
7134,102,Product B,Category 1,14,20.0,2023-04-18,1742,Michelle Hoover
3845,102,Product B,Category 1,5,20.0,2023-03-30,1081,Dana Kennedy
7645,102,Product B,Category 1,4,20.0,2023-02-21,1269,Sean Turner
9621,102,Product B,Category 1,2,20.0,2023-12-17,1469,Michael Jones
8952,102,Product B,Category 1,4,20.0,2023-04-02,1746,Samantha Taylor
1137,102,Product B,Category 1,3,20.0,2023-06-16,1442,Lori Rosales
8031,102,Product B,Category 1,2,20.0,2023-01-20,1930,Renee Guzman
5957,102,Product B,Category 1,5,20.0,2023-11-18,1886,Samantha Dorsey
6145,102,Product B,Category 1,13,20.0,2023-11-29,1076,Mike Barnett
3704,103,Product C,Category 2,14,30.0,2023-08-21,1506,Summer Stevens
6245,104,Product D,Category 2,10,40.0,2023-06-28,1745,Christy Bradford
6576,101,Product A,Category 1,2,10.0,2023-02-27,1847,Paul Smith
2058,101,Product A,Category 1,15,10.0,2023-06-28,1542,Christy Lynch
9713,102,Product B,Category 1,3,20.0,2023-09-01,1335,Anna Johnson
4296,101,Product A,Category 1,15,10.0,2023-08-10,1868,James Martinez
4846,102,Product B,Category 1,10,20.0,2023-11-20,1321,Linda Rivera
4481,103,Product C,Category 2,10,30.0,2023-09-01,1269,Sean Turner
3859,101,Product A,Category 1,4,10.0,2023-04-03,1473,Francisco Rodriguez
845,101,Product A,Category 1,13,10.0,2023-09-20,1587,Andrew Mayer
4233,101,Product A,Category 1,1,10.0,2023-07-26,1639,James Macdonald
6377,101,Product A,Category 1,2,10.0,2023-10-27,1314,Shane Garcia
1131,102,Product B,Category 1,14,20.0,2023-07-08,1081,Dana Kennedy
1563,104,Product D,Category 2,11,40.0,2023-05-10,1310,Regina Turner
8715,104,Product D,Category 2,11,40.0,2023-03-17,1261,Jaime Farmer
6959,101,Product A,Category 1,10,10.0,2023-09-18,1105,Kelly Gross
8755,102,Product B,Category 1,15,20.0,2023-03-04,1981,Elizabeth Peters
7688,104,Product D,Category 2,9,40.0,2023-06-15,1986,Joseph Vance
5432,101,Product A,Category 1,11,10.0,2023-07-05,1440,Alicia Davenport
9486,102,Product B,Category 1,14,20.0,2023-02-18,1166,Emma Sosa
8379,103,Product C,Category 2,2,30.0,2023-03-27,1375,Grace Lopez
6298,102,Product B,Category 1,15,20.0,2023-03-08,1318,Kimberly Cook
7697,104,Product D,Category 2,14,40.0,2023-06-28,1271,Thomas Wu
4220,102,Product B,Category 1,8,20.0,2023-03-14,1916,Scott Mathews
2337,104,Product D,Category 2,4,40.0,2023-07-30,1272,Brittany Underwood
3369,101,Product A,Category 1,2,10.0,2023-09-26,1584,Richard Madden
5312,101,Product A,Category 1,11,10.0,2023-06-23,1619,Angel Sanders
1192,103,Product C,Category 2,3,30.0,2023-08-13,1433,Cristian Mcknight
8306,102,Product B,Category 1,13,20.0,2023-08-30,1458,Marcus Lane
5365,104,Product D,Category 2,12,40.0,2023-06-15,1554,Robyn Trujillo
3049,102,Product B,Category 1,15,20.0,2023-12-06,1429,Charles Patel
8293,101,Product A,Category 1,2,10.0,2023-05-02,1777,William Morrison
7364,101,Product A,Category 1,9,10.0,2023-09-24,1016,Kayla Kelly
228,101,Product A,Category 1,4,10.0,2023-06-21,1304,Justin Morse
2643,102,Product B,Category 1,2,20.0,2023-06-25,1670,Isaac Solis
2094,101,Product A,Category 1,9,10.0,2023-07-27,1984,Lisa Martinez
6605,101,Product A,Category 1,12,10.0,2023-10-24,1671,Michael King
1923,101,Product A,Category 1,12,10.0,2023-01-17,1929,Matthew Scott
4028,102,Product B,Category 1,1,20.0,2023-02-08,1718,George Cox
7222,102,Product B,Category 1,7,20.0,2023-06-01,1844,Sarah Smith
6572,101,Product A,Category 1,7,10.0,2023-04-02,1225,Dustin Bird
1310,103,Product C,Category 2,6,30.0,2023-01-13,1812,Andrew Miller
3939,101,Product A,Category 1,14,10.0,2023-01-16,1282,Allen Bell
108,104,Product D,Category 2,1,40.0,2023-02-07,1709,Nicholas Pena
8421,102,Product B,Category 1,13,20.0,2023-11-10,1501,Jane Cruz
8736,101,Product A,Category 1,11,10.0,2023-11-20,1018,Jill Schwartz
678,104,Product D,Category 2,14,40.0,2023-12-24,1095,Lawrence Oneill
6798,101,Product A,Category 1,6,10.0,2023-05-28,1621,Samuel Johnston
6835,101,Product A,Category 1,11,10.0,2023-08-19,1942,Joseph Martin
2686,102,Product B,Category 1,12,20.0,2023-02-12,1790,Kathleen Dunn
2630,103,Product C,Category 2,2,30.0,2023-11-09,1146,Laura Ramos
462,102,Product B,Category 1,1,20.0,2023-10-11,1975,Theresa Poole
3208,102,Product B,Category 1,12,20.0,2023-08-17,1123,David Mccoy
128,101,Product A,Category 1,1,10.0,2023-03-11,1688,Robert Mclaughlin
9366,104,Product D,Category 2,11,40.0,2023-09-02,1786,Linda Salinas
3837,102,Product B,Category 1,11,20.0,2023-05-09,1698,Samuel Smith
8414,101,Product A,Category 1,12,10.0,2023-03-28,1987,Stephanie Patterson
1453,101,Product A,Category 1,9,10.0,2023-06-21,1946,David Ashley
3151,103,Product C,Category 2,14,30.0,2023-06-24,1088,Anthony Nelson
4161,101,Product A,Category 1,2,10.0,2023-08-20,1889,Scott Garcia
4746,103,Product C,Category 2,4,30.0,2023-10-14,1171,Craig Lyons
9199,103,Product C,Category 2,5,30.0,2023-03-21,1573,Jimmy Blanchard
340,103,Product C,Category 2,7,30.0,2023-11-07,1241,Stephanie Ramos
9876,102,Product B,Category 1,15,20.0,2023-11-17,1648,Pamela Rhodes
556,102,Product B,Category 1,5,20.0,2023-06-13,1016,Kayla Kelly
9225,102,Product B,Category 1,8,20.0,2023-08-03,1619,Angel Sanders
5990,101,Product A,Category 1,8,10.0,2023-09-08,1994,Jennifer Thompson
8520,103,Product C,Category 2,10,30.0,2023-07-11,1146,Laura Ramos
8746,102,Product B,Category 1,2,20.0,2023-09-13,1933,Tracy Fields
8534,104,Product D,Category 2,3,40.0,2023-05-02,1755,Jessica Craig
6708,101,Product A,Category 1,14,10.0,2023-02-15,1300,Barbara Peterson
8243,101,Product A,Category 1,5,10.0,2023-05-21,1856,Patricia Green
918,102,Product B,Category 1,8,20.0,2023-07-18,1116,Mathew Morris
6681,101,Product A,Category 1,1,10.0,2023-07-27,1644,Heather Leonard
3996,104,Product D,Category 2,7,40.0,2023-11-11,1991,Jonathan Saunders
2681,101,Product A,Category 1,1,10.0,2023-07-01,1544,Erika Bailey
330,102,Product B,Category 1,1,20.0,2023-07-23,1541,Bianca Sutton
3276,102,Product B,Category 1,14,20.0,2023-06-15,1982,Christine Flores
904,101,Product A,Category 1,5,10.0,2023-07-28,1544,Erika Bailey
4405,102,Product B,Category 1,14,20.0,2023-06-04,1048,Jessica Smith
8935,104,Product D,Category 2,2,40.0,2023-02-20,1929,Matthew Scott
3819,101,Product A,Category 1,6,10.0,2023-07-29,1076,Mike Barnett
7676,101,Product A,Category 1,3,10.0,2023-01-26,1367,Elizabeth Oconnor
2822,104,Product D,Category 2,14,40.0,2023-08-17,1990,Tiffany Horne
2444,103,Product C,Category 2,1,30.0,2023-01-21,1114,Daniel Reed
5578,104,Product D,Category 2,7,40.0,2023-11-27,1588,Edward Allen
9297,104,Product D,Category 2,2,40.0,2023-11-18,1252,Melissa James
5138,102,Product B,Category 1,5,20.0,2023-08-18,1445,Rebecca Martinez
9163,104,Product D,Category 2,10,40.0,2023-01-04,1689,Nicholas Dalton
749,102,Product B,Category 1,5,20.0,2023-11-30,1633,Dylan Hull
6732,103,Product C,Category 2,9,30.0,2023-08-25,1608,Nicole Ballard
7813,103,Product C,Category 2,15,30.0,2023-07-21,1549,Timothy Rogers
6258,103,Product C,Category 2,9,30.0,2023-09-02,1104,Alice Anderson
6375,101,Product A,Category 1,13,10.0,2023-10-08,1911,Barbara Holmes
8743,101,Product A,Category 1,1,10.0,2023-08-02,1828,Lisa Wright
1101,101,Product A,Category 1,14,10.0,2023-11-16,1524,Joshua Lane
2295,101,Product A,Category 1,7,10.0,2023-01-23,1896,Margaret Odonnell
8259,101,Product A,Category 1,9,10.0,2023-08-08,1125,Melissa Long
4480,102,Product B,Category 1,9,20.0,2023-12-18,1394,Lori Edwards
6421,102,Product B,Category 1,10,20.0,2023-10-16,1061,Wendy Cruz
9214,102,Product B,Category 1,10,20.0,2023-11-10,1613,Philip Bowen
5318,102,Product B,Category 1,6,20.0,2023-01-02,1430,Pamela Pena DDS
8961,101,Product A,Category 1,5,10.0,2023-01-31,1899,Daniel Smith
7460,102,Product B,Category 1,11,20.0,2023-05-10,1592,Taylor Dawson
414,102,Product B,Category 1,10,20.0,2023-07-24,1577,Christopher Hampton
7104,102,Product B,Category 1,2,20.0,2023-02-11,1472,Heather Fields
8826,101,Product A,Category 1,6,10.0,2023-04-13,1950,Gregory Dickerson
6270,102,Product B,Category 1,14,20.0,2023-08-31,1578,Robert Green
3944,103,Product C,Category 2,4,30.0,2023-05-10,1700,Robert Barton
596,101,Product A,Category 1,3,10.0,2023-04-02,1859,Danielle Robinson
9167,104,Product D,Category 2,4,40.0,2023-05-06,1163,Brian Hutchinson
3337,102,Product B,Category 1,5,20.0,2023-09-24,1210,Denise Anderson
8926,102,Product B,Category 1,1,20.0,2023-07-28,1287,David Sanchez
6071,104,Product D,Category 2,6,40.0,2023-02-18,1597,Michelle Robinson
2692,101,Product A,Category 1,5,10.0,2023-12-07,1994,Jennifer Thompson
8788,101,Product A,Category 1,15,10.0,2023-02-19,1780,Erin Palmer
2219,102,Product B,Category 1,9,20.0,2023-09-30,1599,Sean Carter
751,104,Product D,Category 2,3,40.0,2023-08-25,1760,Elizabeth Wright
7379,102,Product B,Category 1,11,20.0,2023-01-23,1370,Phillip Ferguson
1630,102,Product B,Category 1,4,20.0,2023-08-20,1261,Jaime Farmer
7859,103,Product C,Category 2,9,30.0,2023-08-18,1285,Zachary Smith
835,101,Product A,Category 1,5,10.0,2023-05-11,1391,Mario Williams
8847,101,Product A,Category 1,15,10.0,2023-07-29,1888,Fernando Williams
2000,102,Product B,Category 1,12,20.0,2023-01-09,1262,Patricia Garcia
4192,101,Product A,Category 1,1,10.0,2023-11-10,1219,Kathleen White
7356,103,Product C,Category 2,5,30.0,2023-10-26,1550,Robert Fox
8916,104,Product D,Category 2,4,40.0,2023-10-27,1884,Donald Davis
3241,101,Product A,Category 1,12,10.0,2023-08-28,1882,Wendy Edwards
1365,102,Product B,Category 1,3,20.0,2023-12-27,1415,Linda Jones
3486,101,Product A,Category 1,7,10.0,2023-06-26,1636,Jeffery Warner
1090,101,Product A,Category 1,11,10.0,2023-12-28,1144,Danielle Macias
5963,101,Product A,Category 1,7,10.0,2023-10-28,1004,Kevin Moyer
4271,104,Product D,Category 2,9,40.0,2023-03-31,1199,Michael Romero
5224,103,Product C,Category 2,13,30.0,2023-03-24,1670,Isaac Solis
7041,103,Product C,Category 2,12,30.0,2023-01-09,1433,Cristian Mcknight
6353,102,Product B,Category 1,8,20.0,2023-09-11,1810,Dustin Rodriguez
167,102,Product B,Category 1,9,20.0,2023-04-05,1006,Douglas Willis
7824,102,Product B,Category 1,6,20.0,2023-10-15,1469,Michael Jones
7667,101,Product A,Category 1,8,10.0,2023-09-01,1356,Chris Kelley
160,101,Product A,Category 1,4,10.0,2023-01-24,1759,James Herrera
1112,102,Product B,Category 1,13,20.0,2023-03-22,1282,Allen Bell
5396,103,Product C,Category 2,11,30.0,2023-08-03,1312,Sharon Singleton
623,103,Product C,Category 2,11,30.0,2023-01-23,1820,William Smith II
3171,101,Product A,Category 1,9,10.0,2023-02-11,1847,Paul Smith
6922,102,Product B,Category 1,14,20.0,2023-02-10,1781,Christina Smith
6849,102,Product B,Category 1,6,20.0,2023-02-12,1381,Courtney Hansen
2710,104,Product D,Category 2,15,40.0,2023-07-03,1977,Taylor Thomas
1298,101,Product A,Category 1,9,10.0,2023-01-03,1370,Phillip Ferguson
9203,102,Product B,Category 1,11,20.0,2023-06-15,1481,Matthew Camacho
5439,102,Product B,Category 1,14,20.0,2023-02-10,1264,Kathleen Jones
2379,103,Product C,Category 2,9,30.0,2023-08-04,1402,Wanda Sheppard
8602,103,Product C,Category 2,2,30.0,2023-10-01,1295,Jeffrey Ballard
3251,103,Product C,Category 2,6,30.0,2023-10-13,1789,Jennifer Edwards
699,103,Product C,Category 2,7,30.0,2023-07-18,1232,Sonya Castillo
8036,101,Product A,Category 1,5,10.0,2023-04-11,1759,James Herrera
5194,102,Product B,Category 1,15,20.0,2023-01-12,1601,Brett Cook
8190,103,Product C,Category 2,10,30.0,2023-08-19,1348,Wendy Small
8799,102,Product B,Category 1,14,20.0,2023-12-30,1809,Katherine King
6374,103,Product C,Category 2,14,30.0,2023-11-06,1008,Tracy Mcdaniel
7367,104,Product D,Category 2,7,40.0,2023-12-11,1534,Michael Lozano
9295,103,Product C,Category 2,7,30.0,2023-09-26,1330,Lance Larsen
8825,104,Product D,Category 2,6,40.0,2023-07-03,1987,Stephanie Patterson
5518,103,Product C,Category 2,7,30.0,2023-12-22,1115,Matthew Duke
94,101,Product A,Category 1,9,10.0,2023-01-20,1861,Matthew Orr
9222,102,Product B,Category 1,2,20.0,2023-01-02,1315,Alejandro Davis
8312,104,Product D,Category 2,14,40.0,2023-04-22,1369,Carolyn Collins
4767,101,Product A,Category 1,4,10.0,2023-10-26,1257,Brandon Leon
4918,101,Product A,Category 1,7,10.0,2023-01-02,1451,Ashley Silva
4904,101,Product A,Category 1,9,10.0,2023-11-19,1224,Taylor Johnson
2939,104,Product D,Category 2,10,40.0,2023-01-15,1155,Mark Sanchez
8140,102,Product B,Category 1,7,20.0,2023-09-25,1030,Craig Smith
2391,103,Product C,Category 2,6,30.0,2023-05-25,1813,Cathy Hanna
5035,102,Product B,Category 1,6,20.0,2023-02-12,1306,Jim Gregory
1263,102,Product B,Category 1,8,20.0,2023-10-06,1237,Jorge Fisher
2367,103,Product C,Category 2,3,30.0,2023-07-28,1745,Christy Bradford
6162,102,Product B,Category 1,9,20.0,2023-10-22,1854,Melissa Stanton
9122,103,Product C,Category 2,14,30.0,2023-02-12,1147,Kevin Larson
3447,104,Product D,Category 2,15,40.0,2023-10-24,1827,Sharon Summers
6198,104,Product D,Category 2,14,40.0,2023-01-15,1786,Linda Salinas
2743,101,Product A,Category 1,14,10.0,2023-08-29,1187,Bob Franklin
3056,101,Product A,Category 1,8,10.0,2023-10-19,1700,Robert Barton
858,104,Product D,Category 2,8,40.0,2023-07-18,1810,Dustin Rodriguez
6001,103,Product C,Category 2,15,30.0,2023-12-17,1812,Andrew Miller
6360,104,Product D,Category 2,15,40.0,2023-05-02,1588,Edward Allen
587,102,Product B,Category 1,10,20.0,2023-08-10,1592,Taylor Dawson
1961,102,Product B,Category 1,10,20.0,2023-12-12,1651,Natalie Moreno
3672,103,Product C,Category 2,14,30.0,2023-11-19,1913,Diane Adams
6325,101,Product A,Category 1,15,10.0,2023-06-10,1087,Jason Stewart
423,101,Product A,Category 1,3,10.0,2023-02-18,1487,Allen Montes
5591,101,Product A,Category 1,3,10.0,2023-02-24,1679,Christie Smith
9198,101,Product A,Category 1,12,10.0,2023-12-05,1336,Michael Richard
9725,101,Product A,Category 1,7,10.0,2023-11-04,1667,Matthew Delacruz
5661,101,Product A,Category 1,3,10.0,2023-04-05,1500,Mrs. Wendy Henderson
7839,104,Product D,Category 2,10,40.0,2023-04-08,1653,George Harris
6594,104,Product D,Category 2,12,40.0,2023-12-12,1737,Colleen Mcgee
5667,103,Product C,Category 2,6,30.0,2023-01-27,1031,Robert Silva
4844,101,Product A,Category 1,4,10.0,2023-04-10,1256,Kayla Torres
875,103,Product C,Category 2,13,30.0,2023-03-01,1374,Cynthia Morgan
429,104,Product D,Category 2,3,40.0,2023-01-20,1324,Tammy Clark
3298,102,Product B,Category 1,14,20.0,2023-07-16,1919,Erica Russell
7598,102,Product B,Category 1,14,20.0,2023-10-17,1058,Thomas Johnson
8544,103,Product C,Category 2,12,30.0,2023-11-16,1431,Donna Duffy
1835,102,Product B,Category 1,8,20.0,2023-02-11,1832,Phyllis Garcia
7341,101,Product A,Category 1,6,10.0,2023-06-30,1226,Tracy Moore
811,101,Product A,Category 1,3,10.0,2023-10-05,1115,Matthew Duke
5296,104,Product D,Category 2,4,40.0,2023-09-25,1655,Heather Anderson
2531,101,Product A,Category 1,11,10.0,2023-12-13,1317,Sharon Kennedy
6671,101,Product A,Category 1,10,10.0,2023-06-01,1713,Jeffery Brown
7885,101,Product A,Category 1,5,10.0,2023-01-19,1568,Sarah Harper
4541,104,Product D,Category 2,15,40.0,2023-08-06,1282,Allen Bell
7481,102,Product B,Category 1,6,20.0,2023-07-25,1226,Tracy Moore
7448,102,Product B,Category 1,4,20.0,2023-08-08,1701,Jennifer Hernandez
7785,101,Product A,Category 1,8,10.0,2023-05-27,1244,Nathan Leonard
3995,101,Product A,Category 1,14,10.0,2023-12-11,1552,Megan Crawford
9249,103,Product C,Category 2,9,30.0,2023-07-17,1966,James Thomas
4739,104,Product D,Category 2,5,40.0,2023-04-25,1352,Monica Liu
2134,102,Product B,Category 1,2,20.0,2023-09-28,1917,Robert Rivera
2132,101,Product A,Category 1,7,10.0,2023-01-17,1355,Tracy Shepherd
3550,101,Product A,Category 1,11,10.0,2023-07-05,1679,Christie Smith
4595,102,Product B,Category 1,6,20.0,2023-08-15,1962,Kaitlyn Douglas
3929,102,Product B,Category 1,3,20.0,2023-07-19,1204,Keith Knight
6127,101,Product A,Category 1,8,10.0,2023-10-14,1715,James Daniels
4144,102,Product B,Category 1,6,20.0,2023-07-31,1144,Danielle Macias
9534,102,Product B,Category 1,11,20.0,2023-12-09,1310,Regina Turner
1156,102,Product B,Category 1,3,20.0,2023-02-27,1925,Brenda Smith
3693,101,Product A,Category 1,1,10.0,2023-04-18,1773,Steven Mcdonald
4531,102,Product B,Category 1,14,20.0,2023-05-07,1640,Dr. Kelly Walker
4485,102,Product B,Category 1,15,20.0,2023-12-22,1290,Angela Hanson
6441,103,Product C,Category 2,9,30.0,2023-12-26,1195,Robert Ellis
8688,102,Product B,Category 1,10,20.0,2023-10-26,1904,Barbara Johnston
222,102,Product B,Category 1,12,20.0,2023-01-15,1719,Michael Williams
1725,102,Product B,Category 1,2,20.0,2023-05-19,1149,Matthew Love
8729,101,Product A,Category 1,13,10.0,2023-12-04,1830,Oscar Palmer
9141,102,Product B,Category 1,6,20.0,2023-03-13,1695,Melissa Rodriguez
3534,102,Product B,Category 1,5,20.0,2023-11-10,1042,Jessica Gibson
1858,101,Product A,Category 1,4,10.0,2023-10-21,1216,Mason Hopkins
1690,102,Product B,Category 1,5,20.0,2023-05-26,1792,Kelly Kelley
671,102,Product B,Category 1,4,20.0,2023-06-16,1606,Marcia Baker
8455,101,Product A,Category 1,14,10.0,2023-12-21,1469,Michael Jones
8581,101,Product A,Category 1,15,10.0,2023-11-14,1407,Jennifer Brock
9429,102,Product B,Category 1,12,20.0,2023-07-27,1107,Thomas Noble
3635,103,Product C,Category 2,6,30.0,2023-12-10,1024,Curtis Campbell
9652,104,Product D,Category 2,8,40.0,2023-12-18,1359,Nicole Matthews
5975,101,Product A,Category 1,5,10.0,2023-08-31,1451,Ashley Silva
6455,101,Product A,Category 1,4,10.0,2023-04-27,1971,Mark Mccann
3876,104,Product D,Category 2,7,40.0,2023-12-24,1301,Matthew Riley
4498,103,Product C,Category 2,6,30.0,2023-09-20,1651,Natalie Moreno
5307,103,Product C,Category 2,15,30.0,2023-05-20,1595,Belinda Santos
934,103,Product C,Category 2,9,30.0,2023-04-09,1894,Jamie Mcguire
1878,103,Product C,Category 2,13,30.0,2023-12-30,1232,Sonya Castillo
6044,101,Product A,Category 1,15,10.0,2023-12-20,1115,Matthew Duke
911,102,Product B,Category 1,15,20.0,2023-01-30,1729,Karen Moyer
6471,104,Product D,Category 2,14,40.0,2023-02-11,1562,Lisa Thompson
8305,104,Product D,Category 2,5,40.0,2023-04-14,1551,Robin Russo
9855,104,Product D,Category 2,9,40.0,2023-08-10,1422,Lindsay Miller
4885,103,Product C,Category 2,12,30.0,2023-11-06,1848,Amber Campbell
8745,103,Product C,Category 2,4,30.0,2023-10-24,1286,Kevin Hebert
5123,101,Product A,Category 1,5,10.0,2023-03-19,1121,Frank West
5971,103,Product C,Category 2,2,30.0,2023-09-30,1997,Kimberly Banks
4642,101,Product A,Category 1,10,10.0,2023-03-15,1604,Melissa Smith
5962,101,Product A,Category 1,4,10.0,2023-04-03,1354,Tiffany Franklin
4478,104,Product D,Category 2,2,40.0,2023-10-13,1057,Larry Clark
8637,102,Product B,Category 1,1,20.0,2023-12-14,1190,Dr. Debra Thomas
2928,102,Product B,Category 1,6,20.0,2023-10-25,1368,Heather Knight
8492,103,Product C,Category 2,7,30.0,2023-05-06,1270,Ashley Hernandez
2697,102,Product B,Category 1,5,20.0,2023-04-11,1280,Sarah Rivera
6368,103,Product C,Category 2,5,30.0,2023-11-01,1486,Jonathan Rodriguez
2575,101,Product A,Category 1,9,10.0,2023-09-19,1166,Emma Sosa
5158,104,Product D,Category 2,6,40.0,2023-06-12,1068,Tina Thompson
2398,101,Product A,Category 1,14,10.0,2023-06-28,1533,Julie Richardson
878,102,Product B,Category 1,1,20.0,2023-03-28,1100,Sarah Evans
5020,101,Product A,Category 1,5,10.0,2023-02-26,1636,Jeffery Warner
2995,102,Product B,Category 1,6,20.0,2023-10-10,1143,Albert Perkins
6479,101,Product A,Category 1,5,10.0,2023-02-25,1175,Michael Mendez
456,102,Product B,Category 1,8,20.0,2023-11-18,1843,Peter Garrison
1276,104,Product D,Category 2,9,40.0,2023-08-30,1021,Thomas Buckley
8221,104,Product D,Category 2,11,40.0,2023-05-04,1815,Kirsten Tran
3275,102,Product B,Category 1,5,20.0,2023-02-24,1823,Nicole Galloway
4022,101,Product A,Category 1,5,10.0,2023-09-04,1269,Sean Turner
4693,103,Product C,Category 2,6,30.0,2023-09-29,1497,James Myers
7846,103,Product C,Category 2,1,30.0,2023-12-24,1784,Sara Martin
7528,101,Product A,Category 1,1,10.0,2023-04-12,1062,Matthew Donovan
8054,101,Product A,Category 1,7,10.0,2023-03-04,1809,Katherine King
2340,101,Product A,Category 1,11,10.0,2023-11-08,1342,Benjamin Sutton
8673,102,Product B,Category 1,1,20.0,2023-07-29,1013,Michael Garcia
2004,101,Product A,Category 1,6,10.0,2023-12-28,1314,Shane Garcia
9590,103,Product C,Category 2,2,30.0,2023-08-29,1702,Kimberly Ramirez
6706,102,Product B,Category 1,11,20.0,2023-05-07,1984,Lisa Martinez
5712,101,Product A,Category 1,9,10.0,2023-03-22,1509,Levi Clark
850,101,Product A,Category 1,14,10.0,2023-03-31,1766,Scott Howard
232,102,Product B,Category 1,10,20.0,2023-08-06,1081,Dana Kennedy
189,102,Product B,Category 1,10,20.0,2023-07-24,1517,Diamond Williams
3289,101,Product A,Category 1,4,10.0,2023-10-16,1429,Charles Patel
2362,102,Product B,Category 1,3,20.0,2023-03-23,1050,Michael Fisher
7531,101,Product A,Category 1,12,10.0,2023-11-19,1348,Wendy Small
7013,101,Product A,Category 1,1,10.0,2023-05-20,1920,Shannon Maldonado
2610,101,Product A,Category 1,9,10.0,2023-06-28,1040,Shawn Castillo
5881,101,Product A,Category 1,3,10.0,2023-08-13,1381,Courtney Hansen
9116,104,Product D,Category 2,15,40.0,2023-10-29,1511,Kenneth Hardy
9077,104,Product D,Category 2,12,40.0,2023-05-28,1304,Justin Morse
3880,102,Product B,Category 1,12,20.0,2023-06-07,1638,Kyle Gibson
5385,101,Product A,Category 1,7,10.0,2023-07-12,1073,Darrell Malone
7016,103,Product C,Category 2,2,30.0,2023-08-27,1144,Danielle Macias
3593,102,Product B,Category 1,5,20.0,2023-05-02,1016,Kayla Kelly
8742,104,Product D,Category 2,1,40.0,2023-08-12,1632,James Guerrero
9331,102,Product B,Category 1,1,20.0,2023-01-16,1877,Kelsey Bell
3390,103,Product C,Category 2,1,30.0,2023-07-30,1387,Gregory Phelps
9778,101,Product A,Category 1,3,10.0,2023-04-27,1885,Dustin Anderson
1686,101,Product A,Category 1,9,10.0,2023-08-07,1573,Jimmy Blanchard
4303,101,Product A,Category 1,3,10.0,2023-05-23,1243,Patricia Sampson
5476,101,Product A,Category 1,4,10.0,2023-04-16,1518,Luis Keller
6217,102,Product B,Category 1,7,20.0,2023-06-16,1925,Brenda Smith
4838,101,Product A,Category 1,9,10.0,2023-06-05,1802,Sarah Moses
6914,103,Product C,Category 2,2,30.0,2023-01-07,1081,Dana Kennedy
5833,102,Product B,Category 1,3,20.0,2023-04-04,1013,Michael Garcia
3575,101,Product A,Category 1,14,10.0,2023-03-12,1597,Michelle Robinson
421,102,Product B,Category 1,4,20.0,2023-10-05,1600,Kimberly Gallegos
9592,103,Product C,Category 2,10,30.0,2023-04-22,1326,Arthur King
2121,102,Product B,Category 1,7,20.0,2023-05-23,1776,Deborah Hubbard
2040,101,Product A,Category 1,9,10.0,2023-06-28,1872,David Krueger
1983,102,Product B,Category 1,5,20.0,2023-11-26,1643,Randy Ford
9419,104,Product D,Category 2,1,40.0,2023-04-03,1091,Christine Monroe
7390,101,Product A,Category 1,13,10.0,2023-07-28,1275,Terry Collins
3643,101,Product A,Category 1,6,10.0,2023-11-21,1942,Joseph Martin
7018,101,Product A,Category 1,7,10.0,2023-10-24,1337,James Bryant
6780,101,Product A,Category 1,9,10.0,2023-06-08,1874,Thomas Sutton
5586,101,Product A,Category 1,5,10.0,2023-08-19,1967,Kristina Lyons
3491,104,Product D,Category 2,7,40.0,2023-08-20,1251,Christina Clark
5984,101,Product A,Category 1,4,10.0,2023-03-09,1175,Michael Mendez
9430,102,Product B,Category 1,15,20.0,2023-10-16,1483,Tammy Martinez
600,102,Product B,Category 1,15,20.0,2023-02-24,1632,James Guerrero
9829,103,Product C,Category 2,12,30.0,2023-09-09,1725,Matthew Downs
7929,101,Product A,Category 1,6,10.0,2023-08-14,1786,Linda Salinas
5062,102,Product B,Category 1,13,20.0,2023-04-03,1620,Barbara Hamilton
7050,101,Product A,Category 1,5,10.0,2023-03-06,1798,Joel Hill MD
2186,104,Product D,Category 2,9,40.0,2023-10-24,1576,Jason Ford
9475,101,Product A,Category 1,13,10.0,2023-09-02,1702,Kimberly Ramirez
2640,104,Product D,Category 2,12,40.0,2023-02-13,1459,Jacob White
6223,103,Product C,Category 2,12,30.0,2023-01-24,1683,Robert Bryant
8280,101,Product A,Category 1,13,10.0,2023-08-25,1028,Jeffrey Smith
2552,102,Product B,Category 1,2,20.0,2023-12-11,1591,Jennifer Ford
8187,102,Product B,Category 1,10,20.0,2023-07-17,1119,Matthew Rogers
1916,101,Product A,Category 1,4,10.0,2023-01-31,1677,Jay Jarvis
7189,102,Product B,Category 1,2,20.0,2023-01-30,1593,Joseph Williamson
6355,102,Product B,Category 1,9,20.0,2023-04-14,1149,Matthew Love
4397,101,Product A,Category 1,8,10.0,2023-08-12,1211,Cassandra Escobar
1124,101,Product A,Category 1,2,10.0,2023-12-06,1179,Michael Sexton
2109,101,Product A,Category 1,8,10.0,2023-11-03,1998,Paul Jones
7693,101,Product A,Category 1,4,10.0,2023-09-27,1613,Philip Bowen
2679,104,Product D,Category 2,15,40.0,2023-09-01,1749,Scott Wright
84,101,Product A,Category 1,14,10.0,2023-02-01,1991,Jonathan Saunders
1128,101,Product A,Category 1,11,10.0,2023-09-18,1153,Paul George
1488,101,Product A,Category 1,12,10.0,2023-05-31,1630,Susan Short
7228,102,Product B,Category 1,9,20.0,2023-02-06,1982,Christine Flores
3896,102,Product B,Category 1,10,20.0,2023-04-27,1423,George Nash
5491,103,Product C,Category 2,4,30.0,2023-04-06,1279,Monique Orr
1010,101,Product A,Category 1,10,10.0,2023-06-25,1814,Kimberly Hamilton
2182,104,Product D,Category 2,12,40.0,2023-12-25,1611,Matthew Lucas
5496,104,Product D,Category 2,5,40.0,2023-08-01,1820,William Smith II
8431,102,Product B,Category 1,10,20.0,2023-10-30,1459,Jacob White
2834,104,Product D,Category 2,11,40.0,2023-10-14,1978,James Boyer
4833,104,Product D,Category 2,2,40.0,2023-04-11,1325,Monica Becker
9268,102,Product B,Category 1,10,20.0,2023-08-07,1990,Tiffany Horne
6465,102,Product B,Category 1,13,20.0,2023-09-23,1464,Mercedes Allen
9688,102,Product B,Category 1,12,20.0,2023-10-29,1552,Megan Crawford
2167,102,Product B,Category 1,11,20.0,2023-06-02,1525,Alexandra Young
2056,102,Product B,Category 1,1,20.0,2023-04-27,1314,Shane Garcia
6251,101,Product A,Category 1,2,10.0,2023-09-23,1615,Meagan Hutchinson
4959,103,Product C,Category 2,4,30.0,2023-06-12,1304,Justin Morse
4422,102,Product B,Category 1,15,20.0,2023-11-06,1460,Kelly Haynes
8818,101,Product A,Category 1,4,10.0,2023-05-27,1044,Jasmine Huynh
5,104,Product D,Category 2,10,40.0,2023-01-25,1033,Tammy Jones
1945,101,Product A,Category 1,8,10.0,2023-11-14,1384,Joy Kelly
3798,104,Product D,Category 2,4,40.0,2023-02-15,1263,John Davis
344,102,Product B,Category 1,7,20.0,2023-12-30,1092,Shawn Zimmerman
9303,102,Product B,Category 1,13,20.0,2023-07-26,1926,Christina Patterson
2471,104,Product D,Category 2,11,40.0,2023-01-16,1100,Sarah Evans
8503,103,Product C,Category 2,6,30.0,2023-12-13,1809,Katherine King
5783,103,Product C,Category 2,10,30.0,2023-09-07,1724,Kevin Copeland
9539,102,Product B,Category 1,5,20.0,2023-06-03,1326,Arthur King
4858,101,Product A,Category 1,10,10.0,2023-08-28,1242,Lisa Choi
4088,104,Product D,Category 2,7,40.0,2023-05-10,1056,Mark Rangel
4837,104,Product D,Category 2,8,40.0,2023-06-05,1370,Phillip Ferguson
8563,102,Product B,Category 1,6,20.0,2023-05-01,1844,Sarah Smith
6206,102,Product B,Category 1,4,20.0,2023-07-03,1610,Mr. Kevin Wilson Jr.
7550,102,Product B,Category 1,7,20.0,2023-08-04,1967,Kristina Lyons
7861,101,Product A,Category 1,5,10.0,2023-11-27,1371,Jennifer Livingston
4827,101,Product A,Category 1,8,10.0,2023-11-04,1200,Alex Williamson
8970,104,Product D,Category 2,8,40.0,2023-10-11,1268,Katelyn Abbott
6029,101,Product A,Category 1,11,10.0,2023-08-14,1788,Megan Skinner
8203,101,Product A,Category 1,2,10.0,2023-06-18,1743,Roy Ryan
3716,103,Product C,Category 2,4,30.0,2023-04-09,1745,Christy Bradford
5666,101,Product A,Category 1,2,10.0,2023-05-27,1254,Donald Brown MD
8652,101,Product A,Category 1,14,10.0,2023-09-20,1915,Sandra Bell
2376,103,Product C,Category 2,9,30.0,2023-08-11,1147,Kevin Larson
1735,101,Product A,Category 1,4,10.0,2023-12-15,1317,Sharon Kennedy
9265,102,Product B,Category 1,2,20.0,2023-08-04,1109,Erik Roberts
9050,101,Product A,Category 1,1,10.0,2023-05-17,1069,James Bell
1541,101,Product A,Category 1,7,10.0,2023-01-24,1743,Roy Ryan
7388,101,Product A,Category 1,13,10.0,2023-09-25,1102,Nathaniel Noble
6082,102,Product B,Category 1,14,20.0,2023-06-11,1826,Juan Weaver
7853,103,Product C,Category 2,2,30.0,2023-12-26,1729,Karen Moyer
7886,102,Product B,Category 1,8,20.0,2023-09-13,1906,Brittany Morgan
557,101,Product A,Category 1,11,10.0,2023-08-19,1392,Kelly Johnson
9882,102,Product B,Category 1,12,20.0,2023-07-03,1722,Cody Carroll
4626,102,Product B,Category 1,7,20.0,2023-03-12,1568,Sarah Harper
8417,104,Product D,Category 2,11,40.0,2023-03-02,1009,Nicole Bailey
8310,104,Product D,Category 2,5,40.0,2023-08-01,1849,Bryan Cole
6101,102,Product B,Category 1,8,20.0,2023-06-06,1539,Charles Dixon
4414,104,Product D,Category 2,15,40.0,2023-05-04,1948,Pamela Thompson
5815,102,Product B,Category 1,5,20.0,2023-09-21,1881,Alicia Parrish
353,101,Product A,Category 1,15,10.0,2023-03-15,1502,Jessica Young
4121,101,Product A,Category 1,11,10.0,2023-12-26,1381,Courtney Hansen
7200,103,Product C,Category 2,15,30.0,2023-04-19,1709,Nicholas Pena
1910,103,Product C,Category 2,3,30.0,2023-02-14,1272,Brittany Underwood
5634,103,Product C,Category 2,15,30.0,2023-01-29,1005,Jesse Gonzalez
4036,104,Product D,Category 2,12,40.0,2023-02-24,1869,Charles Blair
1411,101,Product A,Category 1,15,10.0,2023-10-03,1634,Ann Rush
6564,101,Product A,Category 1,8,10.0,2023-10-14,1545,Bruce Martin
3597,101,Product A,Category 1,11,10.0,2023-07-18,1054,Crystal Chang
9935,101,Product A,Category 1,7,10.0,2023-03-30,1676,Craig Conner
9820,101,Product A,Category 1,11,10.0,2023-03-15,1838,Crystal Marsh
6751,103,Product C,Category 2,3,30.0,2023-11-21,1454,Christopher Nash
23,102,Product B,Category 1,3,20.0,2023-08-20,1343,Joshua Murphy
7160,101,Product A,Category 1,6,10.0,2023-08-10,1657,Carla Anderson
2790,104,Product D,Category 2,3,40.0,2023-11-09,1061,Wendy Cruz
5167,102,Product B,Category 1,15,20.0,2023-09-20,1146,Laura Ramos
8163,101,Product A,Category 1,5,10.0,2023-02-03,1649,Kimberly Hernandez
4628,103,Product C,Category 2,11,30.0,2023-01-14,1341,Craig Blake
3611,101,Product A,Category 1,13,10.0,2023-12-07,1161,Douglas Ortega
675,103,Product C,Category 2,12,30.0,2023-08-17,1555,Christopher Dawson DVM
6050,101,Product A,Category 1,15,10.0,2023-11-04,1409,Lynn Shields
4114,102,Product B,Category 1,13,20.0,2023-01-08,1389,Michelle Lopez
3650,102,Product B,Category 1,1,20.0,2023-09-24,1621,Samuel Johnston
6139,101,Product A,Category 1,2,10.0,2023-07-30,1492,Sarah Williams
7829,102,Product B,Category 1,6,20.0,2023-05-31,1366,Michael Baker MD
4019,102,Product B,Category 1,7,20.0,2023-12-09,1566,Linda Henderson
2215,103,Product C,Category 2,5,30.0,2023-01-10,1526,Kari Baker
1990,103,Product C,Category 2,12,30.0,2023-08-18,1200,Alex Williamson
4656,102,Product B,Category 1,3,20.0,2023-03-02,1026,Bailey Middleton
8207,102,Product B,Category 1,9,20.0,2023-01-07,1131,Kurt Reed
3148,102,Product B,Category 1,2,20.0,2023-09-01,1949,Christopher Rodriguez
6060,104,Product D,Category 2,10,40.0,2023-09-25,1977,Taylor Thomas
309,102,Product B,Category 1,5,20.0,2023-08-31,1364,Andrew Gibson
712,102,Product B,Category 1,7,20.0,2023-01-16,1251,Christina Clark
5553,103,Product C,Category 2,7,30.0,2023-07-30,1889,Scott Garcia
6791,101,Product A,Category 1,4,10.0,2023-08-25,1378,Audrey Davis
2631,101,Product A,Category 1,13,10.0,2023-08-17,1405,Gina Cain
6475,104,Product D,Category 2,5,40.0,2023-02-10,1677,Jay Jarvis
5531,101,Product A,Category 1,7,10.0,2023-10-27,1450,Eric Oconnor
8004,101,Product A,Category 1,12,10.0,2023-07-03,1104,Alice Anderson
1535,103,Product C,Category 2,15,30.0,2023-02-02,1155,Mark Sanchez
6634,101,Product A,Category 1,13,10.0,2023-08-12,1713,Jeffery Brown
8725,104,Product D,Category 2,7,40.0,2023-10-04,1190,Dr. Debra Thomas
3201,103,Product C,Category 2,6,30.0,2023-03-16,1359,Nicole Matthews
4038,104,Product D,Category 2,2,40.0,2023-08-23,1407,Jennifer Brock
2515,104,Product D,Category 2,1,40.0,2023-06-19,1397,Shannon Molina
6128,102,Product B,Category 1,1,20.0,2023-03-04,1924,Paul Brown
2174,104,Product D,Category 2,15,40.0,2023-05-01,1378,Audrey Davis
9811,102,Product B,Category 1,14,20.0,2023-08-15,1816,Maureen Olson
1394,104,Product D,Category 2,7,40.0,2023-07-27,1543,Patrick Williams
7412,102,Product B,Category 1,7,20.0,2023-08-01,1636,Jeffery Warner
5524,102,Product B,Category 1,13,20.0,2023-06-10,1006,Douglas Willis
2032,103,Product C,Category 2,8,30.0,2023-06-02,1890,Francisco Carlson
6862,103,Product C,Category 2,11,30.0,2023-12-27,1246,Jerry Stephens
395,104,Product D,Category 2,7,40.0,2023-06-07,1798,Joel Hill MD
1975,101,Product A,Category 1,6,10.0,2023-03-25,1499,Justin Alvarado
4173,102,Product B,Category 1,12,20.0,2023-02-04,1271,Thomas Wu
8275,102,Product B,Category 1,7,20.0,2023-05-10,1261,Jaime Farmer
5083,102,Product B,Category 1,5,20.0,2023-02-13,1473,Francisco Rodriguez
2655,101,Product A,Category 1,8,10.0,2023-09-12,1904,Barbara Johnston
4585,101,Product A,Category 1,14,10.0,2023-08-04,1409,Lynn Shields
6764,102,Product B,Category 1,10,20.0,2023-10-23,1966,James Thomas
8990,101,Product A,Category 1,11,10.0,2023-01-03,1852,Amy Frazier
9267,103,Product C,Category 2,9,30.0,2023-06-12,1751,Debbie Roth
4579,103,Product C,Category 2,13,30.0,2023-10-28,1587,Andrew Mayer
4168,103,Product C,Category 2,4,30.0,2023-11-26,1207,Ashley Powell
1367,101,Product A,Category 1,10,10.0,2023-08-14,1134,Tiffany Boyd DVM
8647,104,Product D,Category 2,9,40.0,2023-01-10,1023,Andrea Warren
9800,101,Product A,Category 1,4,10.0,2023-05-19,1259,Daniel Mcmillan
7163,104,Product D,Category 2,1,40.0,2023-12-26,1781,Christina Smith
8767,104,Product D,Category 2,8,40.0,2023-05-15,1617,Daniel Lewis
6179,102,Product B,Category 1,5,20.0,2023-10-02,1548,Jasmine Perez
3328,102,Product B,Category 1,8,20.0,2023-04-16,1003,Katrina White
3762,102,Product B,Category 1,2,20.0,2023-02-14,1419,Maria Wallace
3839,102,Product B,Category 1,8,20.0,2023-05-03,1545,Bruce Martin
8168,102,Product B,Category 1,6,20.0,2023-02-21,1195,Robert Ellis
8166,101,Product A,Category 1,15,10.0,2023-03-19,1264,Kathleen Jones
1138,103,Product C,Category 2,11,30.0,2023-10-24,1568,Sarah Harper
3675,102,Product B,Category 1,11,20.0,2023-05-13,1423,George Nash
5898,103,Product C,Category 2,3,30.0,2023-11-12,1327,James Stephens
6093,101,Product A,Category 1,10,10.0,2023-11-14,1823,Nicole Galloway
7423,101,Product A,Category 1,10,10.0,2023-10-03,1377,Juan Murphy
7277,101,Product A,Category 1,9,10.0,2023-06-27,1517,Diamond Williams
4106,102,Product B,Category 1,8,20.0,2023-10-06,1229,Andrew Franklin
5775,104,Product D,Category 2,8,40.0,2023-02-14,1799,Rita Romero
1795,102,Product B,Category 1,6,20.0,2023-03-23,1604,Melissa Smith
8249,104,Product D,Category 2,12,40.0,2023-02-16,1066,Tyler Deleon
5154,104,Product D,Category 2,5,40.0,2023-01-10,1732,Benjamin Zhang
7864,101,Product A,Category 1,9,10.0,2023-10-17,1695,Melissa Rodriguez
9941,103,Product C,Category 2,4,30.0,2023-08-01,1662,Tracy Leach
3520,102,Product B,Category 1,12,20.0,2023-12-18,1395,Justin Mccarty
317,102,Product B,Category 1,14,20.0,2023-12-17,1921,Kurt Tucker
3725,103,Product C,Category 2,10,30.0,2023-09-10,1788,Megan Skinner
424,101,Product A,Category 1,4,10.0,2023-07-30,1599,Sean Carter
1653,101,Product A,Category 1,7,10.0,2023-07-28,1772,Eric White
9686,103,Product C,Category 2,8,30.0,2023-10-17,1647,Ronald Murphy
6505,101,Product A,Category 1,6,10.0,2023-06-07,1983,Pamela Griffin MD
4228,104,Product D,Category 2,8,40.0,2023-03-06,1516,Hannah Anderson
851,103,Product C,Category 2,9,30.0,2023-08-25,1259,Daniel Mcmillan
5991,104,Product D,Category 2,13,40.0,2023-01-03,1414,Amanda Wilson
476,102,Product B,Category 1,7,20.0,2023-04-25,1059,Jessica Jackson
9062,101,Product A,Category 1,4,10.0,2023-07-19,1159,Marie Rivera
8574,102,Product B,Category 1,2,20.0,2023-09-09,1514,Julia Brown
5679,101,Product A,Category 1,5,10.0,2023-10-08,1587,Andrew Mayer
8340,102,Product B,Category 1,5,20.0,2023-01-28,1710,Nicole Caldwell
7351,102,Product B,Category 1,10,20.0,2023-06-16,1597,Michelle Robinson
7835,104,Product D,Category 2,14,40.0,2023-01-24,1308,Amy Barber
3418,102,Product B,Category 1,4,20.0,2023-07-17,1315,Alejandro Davis
5102,101,Product A,Category 1,8,10.0,2023-04-16,1006,Douglas Willis
2413,104,Product D,Category 2,12,40.0,2023-11-20,1283,Luis Leonard MD
4865,103,Product C,Category 2,8,30.0,2023-01-04,1483,Tammy Martinez
9968,102,Product B,Category 1,8,20.0,2023-01-11,1731,Stephen Francis
2604,102,Product B,Category 1,7,20.0,2023-02-12,1287,David Sanchez
2925,103,Product C,Category 2,10,30.0,2023-07-17,1292,Jamie Pitts
1069,102,Product B,Category 1,7,20.0,2023-03-19,1345,Karen West
8838,101,Product A,Category 1,9,10.0,2023-12-06,1275,Terry Collins
8537,103,Product C,Category 2,10,30.0,2023-10-16,1795,Devin Beck
4593,101,Product A,Category 1,1,10.0,2023-07-05,1848,Amber Campbell
7798,102,Product B,Category 1,12,20.0,2023-06-02,1956,Mrs. Sonya Jacobs MD
4799,103,Product C,Category 2,3,30.0,2023-10-20,1934,Lorraine Deleon
9934,101,Product A,Category 1,4,10.0,2023-02-27,1137,Joshua Hull
7043,103,Product C,Category 2,6,30.0,2023-05-06,1579,Michele Hicks
9792,103,Product C,Category 2,4,30.0,2023-09-14,1755,Jessica Craig
5122,102,Product B,Category 1,11,20.0,2023-09-15,1120,Dennis Green
4802,103,Product C,Category 2,3,30.0,2023-11-28,1348,Wendy Small
193,102,Product B,Category 1,6,20.0,2023-01-22,1666,Guy Reed Jr.
6510,101,Product A,Category 1,2,10.0,2023-10-05,1379,Samantha West
2617,103,Product C,Category 2,3,30.0,2023-09-23,1056,Mark Rangel
105,104,Product D,Category 2,3,40.0,2023-01-28,1042,Jessica Gibson
5225,101,Product A,Category 1,10,10.0,2023-01-17,1375,Grace Lopez
5793,102,Product B,Category 1,7,20.0,2023-11-30,1845,Jennifer Rosales
9252,103,Product C,Category 2,12,30.0,2023-11-24,1994,Jennifer Thompson
6853,103,Product C,Category 2,6,30.0,2023-08-24,1594,Amanda Bowers
2523,102,Product B,Category 1,12,20.0,2023-05-10,1305,Jennifer Gordon
2745,103,Product C,Category 2,1,30.0,2023-10-16,1599,Sean Carter
7357,101,Product A,Category 1,7,10.0,2023-12-24,1808,Abigail Williams
1868,103,Product C,Category 2,11,30.0,2023-01-24,1173,John Shaw
478,104,Product D,Category 2,6,40.0,2023-11-19,1996,Shelby Monroe
7048,103,Product C,Category 2,14,30.0,2023-01-28,1636,Jeffery Warner
2061,103,Product C,Category 2,7,30.0,2023-03-14,1346,Kelsey Martinez
7899,102,Product B,Category 1,6,20.0,2023-05-01,1752,Tammy Parrish
6788,103,Product C,Category 2,5,30.0,2023-06-25,1089,Nancy Ruiz
9278,102,Product B,Category 1,6,20.0,2023-01-08,1564,Brooke Howard
6247,103,Product C,Category 2,4,30.0,2023-11-07,1651,Natalie Moreno
8123,102,Product B,Category 1,1,20.0,2023-08-05,1061,Wendy Cruz
42,102,Product B,Category 1,6,20.0,2023-05-05,1700,Robert Barton
5743,104,Product D,Category 2,14,40.0,2023-02-02,1166,Emma Sosa
2788,101,Product A,Category 1,13,10.0,2023-10-07,1455,Brendan Flores
1675,104,Product D,Category 2,13,40.0,2023-05-26,1457,Carol Wood
3130,104,Product D,Category 2,15,40.0,2023-11-10,1624,Yvette Jackson
1372,102,Product B,Category 1,8,20.0,2023-03-27,1550,Robert Fox
8426,102,Product B,Category 1,13,20.0,2023-11-30,1844,Sarah Smith
6410,101,Product A,Category 1,9,10.0,2023-01-17,1482,Amanda Ayers
9323,103,Product C,Category 2,13,30.0,2023-12-29,1213,William Yates
6738,101,Product A,Category 1,3,10.0,2023-02-05,1388,Gary Williams
6822,104,Product D,Category 2,15,40.0,2023-03-31,1958,Joseph Irwin
5729,102,Product B,Category 1,11,20.0,2023-12-13,1260,Patricia Franklin
9363,102,Product B,Category 1,15,20.0,2023-08-29,1194,Michael Maldonado
1872,103,Product C,Category 2,3,30.0,2023-10-20,1233,Robert Hahn
6731,101,Product A,Category 1,8,10.0,2023-10-17,1338,Anthony Patton
5304,103,Product C,Category 2,8,30.0,2023-12-29,1380,Matthew Kramer
9078,102,Product B,Category 1,13,20.0,2023-02-07,1208,Lisa Smith
8361,103,Product C,Category 2,8,30.0,2023-06-23,1943,Jason Ortiz
4561,101,Product A,Category 1,12,10.0,2023-06-12,1563,Lori Wall
5726,101,Product A,Category 1,9,10.0,2023-05-01,1509,Levi Clark
6080,102,Product B,Category 1,5,20.0,2023-01-02,1844,Sarah Smith
8067,101,Product A,Category 1,1,10.0,2023-08-24,1226,Tracy Moore
8603,102,Product B,Category 1,10,20.0,2023-08-16,1101,Evan Mitchell
6037,102,Product B,Category 1,14,20.0,2023-01-28,1004,Kevin Moyer
2510,102,Product B,Category 1,4,20.0,2023-11-22,1495,Brittney Burnett
9160,102,Product B,Category 1,14,20.0,2023-06-17,1392,Kelly Johnson
3485,101,Product A,Category 1,5,10.0,2023-05-23,1471,Sarah James
304,103,Product C,Category 2,4,30.0,2023-04-26,1473,Francisco Rodriguez
9578,101,Product A,Category 1,1,10.0,2023-04-01,1355,Tracy Shepherd
9499,101,Product A,Category 1,8,10.0,2023-11-23,1014,Christine Roman
5690,104,Product D,Category 2,9,40.0,2023-02-04,1152,Timothy Schultz
9562,101,Product A,Category 1,8,10.0,2023-09-19,1671,Michael King
8669,101,Product A,Category 1,3,10.0,2023-02-22,1526,Kari Baker
7116,102,Product B,Category 1,7,20.0,2023-06-26,1947,Nicole Hall
532,102,Product B,Category 1,13,20.0,2023-01-12,1324,Tammy Clark
1578,101,Product A,Category 1,5,10.0,2023-02-25,1114,Daniel Reed
3488,101,Product A,Category 1,1,10.0,2023-08-06,1650,Joshua Turner
8363,104,Product D,Category 2,12,40.0,2023-04-08,1026,Bailey Middleton
6226,101,Product A,Category 1,9,10.0,2023-10-19,1790,Kathleen Dunn
8341,103,Product C,Category 2,12,30.0,2023-07-05,1573,Jimmy Blanchard
5017,104,Product D,Category 2,2,40.0,2023-07-28,1831,Jenny Perez
6655,102,Product B,Category 1,5,20.0,2023-06-07,1198,Roberta Woods
8370,101,Product A,Category 1,6,10.0,2023-10-15,1726,Andrea Shah
7313,102,Product B,Category 1,6,20.0,2023-06-09,1206,Sheila Perez
1806,102,Product B,Category 1,11,20.0,2023-06-10,1884,Donald Davis
4314,101,Product A,Category 1,3,10.0,2023-05-28,1882,Wendy Edwards
637,101,Product A,Category 1,12,10.0,2023-07-19,1864,Edward Cohen
825,102,Product B,Category 1,7,20.0,2023-02-04,1579,Michele Hicks
6991,101,Product A,Category 1,4,10.0,2023-06-27,1325,Monica Becker
5379,102,Product B,Category 1,6,20.0,2023-09-02,1386,John Flowers
1009,103,Product C,Category 2,9,30.0,2023-06-11,1624,Yvette Jackson
3247,102,Product B,Category 1,12,20.0,2023-03-11,1170,Deborah Wilson
9757,101,Product A,Category 1,3,10.0,2023-03-29,1520,Angela Moreno
4494,102,Product B,Category 1,7,20.0,2023-02-17,1743,Roy Ryan
7131,102,Product B,Category 1,12,20.0,2023-10-17,1091,Christine Monroe
3058,101,Product A,Category 1,14,10.0,2023-01-15,1382,Dr. Martha Martin
7700,101,Product A,Category 1,8,10.0,2023-04-21,1238,Laura Walker
9316,102,Product B,Category 1,14,20.0,2023-09-21,1584,Richard Madden
3068,102,Product B,Category 1,4,20.0,2023-01-04,1703,Lucas Gomez
8906,104,Product D,Category 2,5,40.0,2023-08-09,1446,Suzanne Flores MD
66,104,Product D,Category 2,10,40.0,2023-08-31,1167,Joseph Mccarty
7109,101,Product A,Category 1,11,10.0,2023-03-12,1405,Gina Cain
1248,103,Product C,Category 2,13,30.0,2023-10-08,1401,April Ramirez
9282,102,Product B,Category 1,9,20.0,2023-01-18,1802,Sarah Moses
8812,103,Product C,Category 2,3,30.0,2023-06-14,1201,Matthew Mcdonald
4836,101,Product A,Category 1,12,10.0,2023-09-15,1733,Diana Hopkins
7836,102,Product B,Category 1,13,20.0,2023-01-25,1246,Jerry Stephens
7168,104,Product D,Category 2,12,40.0,2023-04-29,1039,Matthew Garza
2538,102,Product B,Category 1,6,20.0,2023-09-08,1750,Steve Hamilton
4521,102,Product B,Category 1,10,20.0,2023-09-03,1073,Darrell Malone
4911,104,Product D,Category 2,14,40.0,2023-02-13,1457,Carol Wood
6911,102,Product B,Category 1,12,20.0,2023-07-28,1030,Craig Smith
6917,101,Product A,Category 1,2,10.0,2023-08-18,1898,Henry Wright
9770,101,Product A,Category 1,2,10.0,2023-09-05,1070,Miss Brittany Boyd
2665,101,Product A,Category 1,14,10.0,2023-07-25,1181,Tammy Flores
531,101,Product A,Category 1,5,10.0,2023-02-06,1206,Sheila Perez
5750,101,Product A,Category 1,7,10.0,2023-11-02,1864,Edward Cohen
1579,104,Product D,Category 2,8,40.0,2023-05-04,1304,Justin Morse
7537,102,Product B,Category 1,7,20.0,2023-01-24,1903,Caleb Brooks
3358,101,Product A,Category 1,1,10.0,2023-04-14,1252,Melissa James
7878,101,Product A,Category 1,7,10.0,2023-02-10,1703,Lucas Gomez
9121,101,Product A,Category 1,2,10.0,2023-08-08,1415,Linda Jones
8021,102,Product B,Category 1,11,20.0,2023-04-21,1997,Kimberly Banks
433,101,Product A,Category 1,11,10.0,2023-11-06,1323,Debra Hernandez
4435,103,Product C,Category 2,4,30.0,2023-05-20,1222,Justin Berry
2955,102,Product B,Category 1,1,20.0,2023-05-03,1861,Matthew Orr
8156,102,Product B,Category 1,15,20.0,2023-01-06,1708,Stephanie Hickman
3724,102,Product B,Category 1,7,20.0,2023-09-17,1939,Donna Ayala
5522,101,Product A,Category 1,3,10.0,2023-11-03,1157,Christine Chase
1247,102,Product B,Category 1,8,20.0,2023-06-11,1702,Kimberly Ramirez
3806,103,Product C,Category 2,9,30.0,2023-12-17,1562,Lisa Thompson
7840,102,Product B,Category 1,2,20.0,2023-11-09,1199,Michael Romero
4426,104,Product D,Category 2,12,40.0,2023-12-25,1953,Billy Wilson
6336,102,Product B,Category 1,5,20.0,2023-03-04,1286,Kevin Hebert
2609,101,Product A,Category 1,8,10.0,2023-04-07,1130,Tracy Martinez
6957,102,Product B,Category 1,4,20.0,2023-05-11,1552,Megan Crawford
9099,103,Product C,Category 2,1,30.0,2023-06-16,1193,Kendra Johns
2779,101,Product A,Category 1,3,10.0,2023-09-25,1491,Michael Kaufman
7655,102,Product B,Category 1,8,20.0,2023-04-06,1362,Jason Hurley
4584,101,Product A,Category 1,6,10.0,2023-05-15,1567,Yvonne Banks
5239,102,Product B,Category 1,1,20.0,2023-07-02,1356,Chris Kelley
636,102,Product B,Category 1,10,20.0,2023-04-11,1221,Matthew Hunter
5592,103,Product C,Category 2,3,30.0,2023-06-05,1915,Sandra Bell
6963,103,Product C,Category 2,4,30.0,2023-06-16,1699,Sabrina Schultz
6817,104,Product D,Category 2,1,40.0,2023-01-05,1786,Linda Salinas
502,104,Product D,Category 2,3,40.0,2023-02-22,1788,Megan Skinner
293,101,Product A,Category 1,7,10.0,2023-06-29,1617,Daniel Lewis
6358,103,Product C,Category 2,2,30.0,2023-02-09,1998,Paul Jones
3299,102,Product B,Category 1,2,20.0,2023-11-05,1142,Tanya Davidson
9615,104,Product D,Category 2,10,40.0,2023-11-22,1121,Frank West
9133,101,Product A,Category 1,8,10.0,2023-09-06,1236,William Jones
6111,101,Product A,Category 1,15,10.0,2023-08-13,1095,Lawrence Oneill
8410,101,Product A,Category 1,8,10.0,2023-01-16,1573,Jimmy Blanchard
4115,101,Product A,Category 1,8,10.0,2023-12-01,1747,Sherri Green
7479,102,Product B,Category 1,11,20.0,2023-11-08,1572,Nicholas Austin
1083,102,Product B,Category 1,12,20.0,2023-05-04,1318,Kimberly Cook
5705,101,Product A,Category 1,10,10.0,2023-10-09,1143,Albert Perkins
1526,102,Product B,Category 1,4,20.0,2023-07-29,1232,Sonya Castillo
1126,104,Product D,Category 2,12,40.0,2023-07-16,1265,Charles Nguyen
8285,104,Product D,Category 2,9,40.0,2023-07-22,1046,Zachary Gonzales
7221,102,Product B,Category 1,10,20.0,2023-11-14,1591,Jennifer Ford
915,104,Product D,Category 2,4,40.0,2023-03-13,1742,Michelle Hoover
6707,104,Product D,Category 2,14,40.0,2023-07-10,1167,Joseph Mccarty
7280,102,Product B,Category 1,7,20.0,2023-06-14,1614,Kathy Young
1347,102,Product B,Category 1,13,20.0,2023-01-07,1965,Emily Stevenson
9720,101,Product A,Category 1,1,10.0,2023-02-20,1020,Matthew Russell
4815,102,Product B,Category 1,3,20.0,2023-04-18,1779,Rebecca Wallace
4222,104,Product D,Category 2,12,40.0,2023-11-04,1337,James Bryant
3681,101,Product A,Category 1,11,10.0,2023-11-14,1929,Matthew Scott
689,103,Product C,Category 2,6,30.0,2023-01-02,1828,Lisa Wright
7098,101,Product A,Category 1,14,10.0,2023-09-13,1473,Francisco Rodriguez
5852,103,Product C,Category 2,11,30.0,2023-03-05,1609,Alexandra Clark
1403,103,Product C,Category 2,10,30.0,2023-08-29,1670,Isaac Solis
1937,104,Product D,Category 2,7,40.0,2023-10-14,1034,Sarah Thomas
6948,101,Product A,Category 1,7,10.0,2023-06-19,1666,Guy Reed Jr.
8456,101,Product A,Category 1,6,10.0,2023-06-25,1326,Arthur King
9845,101,Product A,Category 1,11,10.0,2023-10-06,1811,Ryan Webb
6370,101,Product A,Category 1,3,10.0,2023-08-07,1429,Charles Patel
601,101,Product A,Category 1,13,10.0,2023-10-13,1872,David Krueger
6492,101,Product A,Category 1,6,10.0,2023-08-29,1500,Mrs. Wendy Henderson
8979,101,Product A,Category 1,13,10.0,2023-02-06,1608,Nicole Ballard
624,102,Product B,Category 1,15,20.0,2023-05-16,1391,Mario Williams
8092,102,Product B,Category 1,8,20.0,2023-04-11,1426,Andrew Hill
9638,104,Product D,Category 2,1,40.0,2023-05-08,1573,Jimmy Blanchard
836,102,Product B,Category 1,15,20.0,2023-10-02,1237,Jorge Fisher
2467,104,Product D,Category 2,7,40.0,2023-05-26,1195,Robert Ellis
1813,102,Product B,Category 1,11,20.0,2023-11-13,1846,Jonathan Nunez
9965,104,Product D,Category 2,13,40.0,2023-12-19,1180,Joshua Raymond
8809,102,Product B,Category 1,7,20.0,2023-05-07,1684,Ronald Hamilton
2791,101,Product A,Category 1,4,10.0,2023-12-30,1168,Maria Shah
7986,104,Product D,Category 2,8,40.0,2023-07-03,1073,Darrell Malone
370,102,Product B,Category 1,15,20.0,2023-07-02,1811,Ryan Webb
452,101,Product A,Category 1,1,10.0,2023-09-12,1301,Matthew Riley
3794,101,Product A,Category 1,4,10.0,2023-07-25,1649,Kimberly Hernandez
3772,102,Product B,Category 1,1,20.0,2023-12-02,1637,Diane Thomas
195,104,Product D,Category 2,15,40.0,2023-12-23,1425,Gary Watkins
2302,103,Product C,Category 2,9,30.0,2023-08-30,1737,Colleen Mcgee
3700,101,Product A,Category 1,8,10.0,2023-04-11,1072,Maurice Peterson
6907,102,Product B,Category 1,4,20.0,2023-08-24,1549,Timothy Rogers
3559,101,Product A,Category 1,11,10.0,2023-05-24,1157,Christine Chase
9423,102,Product B,Category 1,15,20.0,2023-04-11,1251,Christina Clark
8549,104,Product D,Category 2,3,40.0,2023-07-28,1643,Randy Ford
7946,101,Product A,Category 1,5,10.0,2023-03-22,1117,Sonya Byrd
3104,104,Product D,Category 2,3,40.0,2023-05-30,1472,Heather Fields
1201,104,Product D,Category 2,10,40.0,2023-08-19,1037,Kyle Sanchez
741,102,Product B,Category 1,13,20.0,2023-11-13,1771,Rhonda Garrett
2393,102,Product B,Category 1,3,20.0,2023-06-21,1494,Destiny Robinson
5738,103,Product C,Category 2,3,30.0,2023-04-18,1139,Katherine Evans
8282,101,Product A,Category 1,9,10.0,2023-02-02,1340,Debra Kelly
301,102,Product B,Category 1,2,20.0,2023-02-08,1333,Bryan Rodriguez
3928,101,Product A,Category 1,14,10.0,2023-10-04,1591,Jennifer Ford
6612,101,Product A,Category 1,7,10.0,2023-06-21,1517,Diamond Williams
977,104,Product D,Category 2,7,40.0,2023-10-30,1776,Deborah Hubbard
8613,104,Product D,Category 2,11,40.0,2023-05-08,1439,Samantha Fields
6138,102,Product B,Category 1,8,20.0,2023-06-10,1015,Dennis Castillo
929,101,Product A,Category 1,3,10.0,2023-04-06,1018,Jill Schwartz
2708,101,Product A,Category 1,6,10.0,2023-09-28,1925,Brenda Smith
4983,104,Product D,Category 2,13,40.0,2023-01-10,1199,Michael Romero
9684,104,Product D,Category 2,7,40.0,2023-02-01,1711,Erica Mills
6831,102,Product B,Category 1,11,20.0,2023-01-17,1360,Christine Marshall
7678,102,Product B,Category 1,4,20.0,2023-01-18,1631,John Morris
8303,101,Product A,Category 1,13,10.0,2023-11-02,1008,Tracy Mcdaniel
2668,103,Product C,Category 2,15,30.0,2023-12-04,1739,Kristin Williams
3005,102,Product B,Category 1,12,20.0,2023-06-05,1952,Michael Perez
8608,101,Product A,Category 1,11,10.0,2023-12-26,1524,Joshua Lane
6532,102,Product B,Category 1,9,20.0,2023-12-06,1203,Joseph Larson
4195,104,Product D,Category 2,8,40.0,2023-02-06,1566,Linda Henderson
8409,103,Product C,Category 2,5,30.0,2023-11-07,1995,Kevin Burns
1565,103,Product C,Category 2,15,30.0,2023-04-21,1966,James Thomas
218,101,Product A,Category 1,8,10.0,2023-03-21,1679,Christie Smith
2369,102,Product B,Category 1,1,20.0,2023-08-09,1084,Andrea Hayes
7887,104,Product D,Category 2,9,40.0,2023-11-11,1964,Christopher Gonzales
6541,104,Product D,Category 2,4,40.0,2023-03-18,1733,Diana Hopkins
6712,102,Product B,Category 1,3,20.0,2023-01-26,1264,Kathleen Jones
1030,103,Product C,Category 2,9,30.0,2023-10-04,1849,Bryan Cole
1661,101,Product A,Category 1,6,10.0,2023-08-13,1779,Rebecca Wallace
4972,102,Product B,Category 1,11,20.0,2023-06-23,1102,Nathaniel Noble
5736,103,Product C,Category 2,10,30.0,2023-01-05,1904,Barbara Johnston
9541,103,Product C,Category 2,11,30.0,2023-10-12,1706,Susan Adams
6872,101,Product A,Category 1,15,10.0,2023-10-08,1979,Joseph Phillips
8485,103,Product C,Category 2,4,30.0,2023-04-11,1833,Benjamin Ellis
2309,103,Product C,Category 2,1,30.0,2023-06-06,1368,Heather Knight
5173,103,Product C,Category 2,5,30.0,2023-11-28,1359,Nicole Matthews
2457,102,Product B,Category 1,14,20.0,2023-01-29,1963,Kathleen Porter
4290,104,Product D,Category 2,1,40.0,2023-03-15,1577,Christopher Hampton
9411,101,Product A,Category 1,6,10.0,2023-12-13,1886,Samantha Dorsey
5076,101,Product A,Category 1,15,10.0,2023-10-20,1855,Monica Gonzalez
4856,104,Product D,Category 2,13,40.0,2023-02-12,1896,Margaret Odonnell
7763,101,Product A,Category 1,8,10.0,2023-09-05,1726,Andrea Shah
834,104,Product D,Category 2,9,40.0,2023-12-04,1780,Erin Palmer
9667,104,Product D,Category 2,3,40.0,2023-08-14,1195,Robert Ellis
5423,102,Product B,Category 1,10,20.0,2023-07-10,1272,Brittany Underwood
1562,102,Product B,Category 1,7,20.0,2023-09-23,1109,Erik Roberts
9281,101,Product A,Category 1,1,10.0,2023-12-11,1573,Jimmy Blanchard
4534,101,Product A,Category 1,13,10.0,2023-06-01,1101,Evan Mitchell
8633,101,Product A,Category 1,14,10.0,2023-09-16,1461,Julie Jensen
5364,101,Product A,Category 1,9,10.0,2023-01-08,1883,Nicole Barton
1075,101,Product A,Category 1,1,10.0,2023-05-01,1299,Michael Moreno
8501,103,Product C,Category 2,3,30.0,2023-11-20,1926,Christina Patterson
2778,102,Product B,Category 1,3,20.0,2023-07-25,1473,Francisco Rodriguez
3905,103,Product C,Category 2,14,30.0,2023-03-21,1119,Matthew Rogers
9330,101,Product A,Category 1,14,10.0,2023-12-05,1181,Tammy Flores
6188,104,Product D,Category 2,9,40.0,2023-07-26,1454,Christopher Nash
4508,104,Product D,Category 2,1,40.0,2023-09-17,1365,Samantha Wilson
7841,102,Product B,Category 1,14,20.0,2023-04-29,1984,Lisa Martinez
7888,101,Product A,Category 1,9,10.0,2023-09-13,1439,Samantha Fields
7288,101,Product A,Category 1,3,10.0,2023-12-25,1457,Carol Wood
818,102,Product B,Category 1,1,20.0,2023-07-29,1538,Margaret Garcia
1793,103,Product C,Category 2,5,30.0,2023-12-11,1648,Pamela Rhodes
6680,104,Product D,Category 2,2,40.0,2023-07-25,1688,Robert Mclaughlin
3893,102,Product B,Category 1,4,20.0,2023-03-08,1917,Robert Rivera
6182,102,Product B,Category 1,4,20.0,2023-02-18,1565,Latoya Hayes
4500,104,Product D,Category 2,4,40.0,2023-11-02,1086,Angela Cunningham
3735,102,Product B,Category 1,7,20.0,2023-11-24,1209,Joseph Baker
9662,102,Product B,Category 1,12,20.0,2023-04-05,1937,Cody Miles
9810,104,Product D,Category 2,7,40.0,2023-08-22,1488,Connor Schultz
2517,101,Product A,Category 1,6,10.0,2023-09-14,1377,Juan Murphy
4550,101,Product A,Category 1,11,10.0,2023-10-30,1138,Ashley Moore
1566,102,Product B,Category 1,10,20.0,2023-02-08,1619,Angel Sanders
9187,101,Product A,Category 1,7,10.0,2023-09-12,1757,Cynthia King
2759,102,Product B,Category 1,14,20.0,2023-04-21,1054,Crystal Chang
8706,101,Product A,Category 1,11,10.0,2023-09-23,1066,Tyler Deleon
8268,103,Product C,Category 2,15,30.0,2023-09-02,1724,Kevin Copeland
2625,102,Product B,Category 1,12,20.0,2023-03-07,1667,Matthew Delacruz
2927,102,Product B,Category 1,2,20.0,2023-05-15,1954,Samantha Moore
8783,103,Product C,Category 2,5,30.0,2023-12-08,1272,Brittany Underwood
2598,101,Product A,Category 1,12,10.0,2023-04-13,1717,Ricardo Kim
1152,104,Product D,Category 2,12,40.0,2023-12-12,1862,William Carroll
56,101,Product A,Category 1,3,10.0,2023-07-16,1979,Joseph Phillips
7743,104,Product D,Category 2,11,40.0,2023-08-02,1412,Michele Myers MD
5185,102,Product B,Category 1,5,20.0,2023-10-11,1729,Karen Moyer
3345,101,Product A,Category 1,15,10.0,2023-03-24,1593,Joseph Williamson
4728,104,Product D,Category 2,1,40.0,2023-05-21,1180,Joshua Raymond
3318,104,Product D,Category 2,6,40.0,2023-07-07,1542,Christy Lynch
5789,102,Product B,Category 1,8,20.0,2023-04-23,1297,Russell Gomez
9145,101,Product A,Category 1,4,10.0,2023-01-14,1928,Marissa Mendoza
941,102,Product B,Category 1,7,20.0,2023-01-27,1891,Justin Phillips
3844,102,Product B,Category 1,12,20.0,2023-12-07,1627,Daniel Lopez
99,104,Product D,Category 2,12,40.0,2023-02-24,1196,Steven Simon
9863,102,Product B,Category 1,9,20.0,2023-12-21,1217,Jessica Harper
661,102,Product B,Category 1,5,20.0,2023-11-29,1468,Colin Wiggins
4282,103,Product C,Category 2,13,30.0,2023-03-16,1131,Kurt Reed
1057,102,Product B,Category 1,1,20.0,2023-04-02,1297,Russell Gomez
1879,102,Product B,Category 1,2,20.0,2023-09-12,1236,William Jones
1166,102,Product B,Category 1,15,20.0,2023-08-17,1919,Erica Russell
5837,102,Product B,Category 1,3,20.0,2023-05-19,1744,Bruce Murray
4002,102,Product B,Category 1,12,20.0,2023-08-22,1897,Sean Galloway
4204,101,Product A,Category 1,7,10.0,2023-07-23,1978,James Boyer
6974,104,Product D,Category 2,11,40.0,2023-12-14,1927,Elizabeth Barnett
2875,102,Product B,Category 1,1,20.0,2023-06-11,1910,Savannah Ellison
3366,101,Product A,Category 1,12,10.0,2023-12-13,1729,Karen Moyer
3057,103,Product C,Category 2,13,30.0,2023-01-17,1377,Juan Murphy
3432,103,Product C,Category 2,11,30.0,2023-12-15,1328,Thomas Mcdonald
65,101,Product A,Category 1,8,10.0,2023-02-27,1690,Ashley Ali
3043,103,Product C,Category 2,9,30.0,2023-09-14,1621,Samuel Johnston
5420,101,Product A,Category 1,7,10.0,2023-11-08,1544,Erika Bailey
4251,102,Product B,Category 1,1,20.0,2023-09-29,1463,Tiffany Luna
5072,101,Product A,Category 1,7,10.0,2023-10-03,1107,Thomas Noble
328,103,Product C,Category 2,1,30.0,2023-05-04,1277,Jessica Sheppard
8135,102,Product B,Category 1,12,20.0,2023-04-14,1474,Michael Wallace
9111,104,Product D,Category 2,5,40.0,2023-04-30,1886,Samantha Dorsey
3325,103,Product C,Category 2,4,30.0,2023-10-09,1409,Lynn Shields
3607,101,Product A,Category 1,12,10.0,2023-01-25,2001,Phillip Ballard
5763,103,Product C,Category 2,12,30.0,2023-04-08,1382,Dr. Martha Martin
8934,102,Product B,Category 1,14,20.0,2023-11-25,1143,Albert Perkins
646,101,Product A,Category 1,13,10.0,2023-05-30,1811,Ryan Webb
8657,104,Product D,Category 2,9,40.0,2023-03-06,1973,Vincent Beck
3106,101,Product A,Category 1,4,10.0,2023-05-23,1422,Lindsay Miller
5487,102,Product B,Category 1,11,20.0,2023-05-19,1203,Joseph Larson
2859,101,Product A,Category 1,13,10.0,2023-12-04,1430,Pamela Pena DDS
6592,102,Product B,Category 1,1,20.0,2023-01-05,1477,Louis Harris
7702,102,Product B,Category 1,14,20.0,2023-10-27,1390,Danielle Cross
4775,102,Product B,Category 1,5,20.0,2023-03-08,1116,Mathew Morris
3624,101,Product A,Category 1,5,10.0,2023-05-22,1496,Ashley Williams
7270,104,Product D,Category 2,7,40.0,2023-08-14,1617,Daniel Lewis
203,102,Product B,Category 1,1,20.0,2023-07-31,1271,Thomas Wu
6526,103,Product C,Category 2,11,30.0,2023-07-13,1841,Kelly Burke
338,103,Product C,Category 2,12,30.0,2023-11-28,1619,Angel Sanders
5143,102,Product B,Category 1,1,20.0,2023-07-14,1800,James Peterson
1826,102,Product B,Category 1,6,20.0,2023-09-14,1438,Mr. Robert Jones
1020,102,Product B,Category 1,2,20.0,2023-04-21,1458,Marcus Lane
5823,103,Product C,Category 2,5,30.0,2023-02-18,1822,Patricia Ramos
6506,102,Product B,Category 1,11,20.0,2023-10-19,1552,Megan Crawford
2213,102,Product B,Category 1,6,20.0,2023-01-06,1005,Jesse Gonzalez
5699,101,Product A,Category 1,2,10.0,2023-11-30,1654,Suzanne Johnson
1996,102,Product B,Category 1,13,20.0,2023-06-16,1659,Diana Taylor
2929,101,Product A,Category 1,13,10.0,2023-03-28,1016,Kayla Kelly
4812,102,Product B,Category 1,14,20.0,2023-03-22,1579,Michele Hicks
7201,102,Product B,Category 1,5,20.0,2023-01-06,1061,Wendy Cruz
3589,102,Product B,Category 1,11,20.0,2023-11-13,1516,Hannah Anderson
7818,102,Product B,Category 1,1,20.0,2023-04-10,1753,Bradley Townsend
7095,103,Product C,Category 2,15,30.0,2023-12-10,1607,Brendan Smith
1448,102,Product B,Category 1,7,20.0,2023-08-15,1517,Diamond Williams
9205,102,Product B,Category 1,6,20.0,2023-10-10,1887,Diane Bauer
7269,103,Product C,Category 2,10,30.0,2023-09-15,1841,Kelly Burke
2127,104,Product D,Category 2,1,40.0,2023-03-29,1251,Christina Clark
305,104,Product D,Category 2,2,40.0,2023-11-28,1104,Alice Anderson
3069,102,Product B,Category 1,2,20.0,2023-08-02,1247,Cory Allen
9932,102,Product B,Category 1,9,20.0,2023-06-08,1170,Deborah Wilson
983,102,Product B,Category 1,8,20.0,2023-07-15,1608,Nicole Ballard
3989,101,Product A,Category 1,5,10.0,2023-07-15,1638,Kyle Gibson
2402,102,Product B,Category 1,8,20.0,2023-09-19,1633,Dylan Hull
1900,102,Product B,Category 1,2,20.0,2023-03-13,1275,Terry Collins
9434,104,Product D,Category 2,13,40.0,2023-09-27,1459,Jacob White
4909,104,Product D,Category 2,4,40.0,2023-06-06,1048,Jessica Smith
3992,104,Product D,Category 2,12,40.0,2023-05-22,1204,Keith Knight
1044,102,Product B,Category 1,5,20.0,2023-05-24,1490,Robert Bishop
3833,102,Product B,Category 1,2,20.0,2023-02-10,1783,Adrian Guerra
685,101,Product A,Category 1,8,10.0,2023-07-17,1583,Susan Zimmerman
7319,104,Product D,Category 2,3,40.0,2023-08-06,1770,Joseph Diaz
5866,102,Product B,Category 1,14,20.0,2023-02-15,1162,Annette Richardson
1904,101,Product A,Category 1,14,10.0,2023-07-24,1466,Alex Snow
4449,101,Product A,Category 1,11,10.0,2023-02-12,1353,Isabella Park
9871,101,Product A,Category 1,3,10.0,2023-07-14,1446,Suzanne Flores MD
991,102,Product B,Category 1,1,20.0,2023-05-08,1892,Elizabeth Mercado
1066,103,Product C,Category 2,3,30.0,2023-09-27,1924,Paul Brown
2540,103,Product C,Category 2,7,30.0,2023-01-27,1898,Henry Wright
7261,101,Product A,Category 1,15,10.0,2023-03-08,1141,Brenda Gonzalez
6985,103,Product C,Category 2,9,30.0,2023-07-23,1245,Michelle Hampton
530,103,Product C,Category 2,11,30.0,2023-04-22,1270,Ashley Hernandez
3145,102,Product B,Category 1,2,20.0,2023-04-12,1822,Patricia Ramos
8863,103,Product C,Category 2,15,30.0,2023-06-07,1126,Anthony Kaiser
8941,101,Product A,Category 1,7,10.0,2023-02-10,1592,Taylor Dawson
1127,101,Product A,Category 1,6,10.0,2023-06-05,1544,Erika Bailey
5791,104,Product D,Category 2,3,40.0,2023-09-29,1910,Savannah Ellison
2659,102,Product B,Category 1,13,20.0,2023-03-14,1413,Patrick Chung
4773,102,Product B,Category 1,5,20.0,2023-12-09,1651,Natalie Moreno
4176,102,Product B,Category 1,8,20.0,2023-02-25,1247,Cory Allen
3451,103,Product C,Category 2,15,30.0,2023-03-05,1423,George Nash
5678,102,Product B,Category 1,8,20.0,2023-02-03,1604,Melissa Smith
1257,102,Product B,Category 1,11,20.0,2023-01-28,1248,Matthew May
8879,102,Product B,Category 1,9,20.0,2023-10-18,1138,Ashley Moore
7298,101,Product A,Category 1,8,10.0,2023-10-07,1487,Allen Montes
5025,101,Product A,Category 1,9,10.0,2023-10-04,1130,Tracy Martinez
7849,103,Product C,Category 2,14,30.0,2023-07-19,1116,Mathew Morris
5273,101,Product A,Category 1,15,10.0,2023-08-28,1947,Nicole Hall
1625,102,Product B,Category 1,2,20.0,2023-11-14,1505,Melissa Myers
7091,101,Product A,Category 1,8,10.0,2023-08-09,1719,Michael Williams
2082,101,Product A,Category 1,7,10.0,2023-11-14,1187,Bob Franklin
9106,101,Product A,Category 1,10,10.0,2023-05-24,1031,Robert Silva
6550,103,Product C,Category 2,10,30.0,2023-05-01,1234,Denise Martinez
1834,103,Product C,Category 2,8,30.0,2023-05-20,1488,Connor Schultz
3338,101,Product A,Category 1,1,10.0,2023-10-25,1378,Audrey Davis
2888,102,Product B,Category 1,4,20.0,2023-10-17,1668,Brian Bridges
666,103,Product C,Category 2,3,30.0,2023-12-02,1133,Zachary Moore
3250,104,Product D,Category 2,11,40.0,2023-07-25,1671,Michael King
2022,101,Product A,Category 1,9,10.0,2023-07-21,1777,William Morrison
5444,102,Product B,Category 1,8,20.0,2023-06-19,1128,Adam Bell
331,101,Product A,Category 1,10,10.0,2023-10-28,1651,Natalie Moreno
4081,101,Product A,Category 1,11,10.0,2023-08-09,1361,Steven Gray
3750,102,Product B,Category 1,2,20.0,2023-01-11,1166,Emma Sosa
2165,104,Product D,Category 2,14,40.0,2023-03-28,1999,Diane Steele
5033,104,Product D,Category 2,9,40.0,2023-04-28,1125,Melissa Long
9466,102,Product B,Category 1,12,20.0,2023-10-03,1471,Sarah James
72,101,Product A,Category 1,8,10.0,2023-09-05,1434,Scott Johnston
4493,101,Product A,Category 1,6,10.0,2023-08-21,1604,Melissa Smith
4239,103,Product C,Category 2,2,30.0,2023-01-17,1831,Jenny Perez
1742,102,Product B,Category 1,15,20.0,2023-10-09,1516,Hannah Anderson
8373,101,Product A,Category 1,3,10.0,2023-11-24,1107,Thomas Noble
7658,102,Product B,Category 1,5,20.0,2023-09-28,1897,Sean Galloway
1314,102,Product B,Category 1,7,20.0,2023-03-02,1340,Debra Kelly
7014,102,Product B,Category 1,10,20.0,2023-05-06,1069,James Bell
9620,102,Product B,Category 1,6,20.0,2023-11-19,1024,Curtis Campbell
6086,102,Product B,Category 1,6,20.0,2023-12-30,1916,Scott Mathews
7956,102,Product B,Category 1,4,20.0,2023-03-09,1052,Eric Parker
4712,102,Product B,Category 1,3,20.0,2023-01-15,1219,Kathleen White
4154,102,Product B,Category 1,12,20.0,2023-02-15,1579,Michele Hicks
4801,102,Product B,Category 1,8,20.0,2023-06-18,1468,Colin Wiggins
9208,102,Product B,Category 1,3,20.0,2023-12-01,1383,David Nielsen
3698,101,Product A,Category 1,11,10.0,2023-08-04,1523,Phillip Meyer
6828,101,Product A,Category 1,15,10.0,2023-07-27,1157,Christine Chase
8550,104,Product D,Category 2,5,40.0,2023-11-03,1658,John Abbott
2735,104,Product D,Category 2,7,40.0,2023-03-06,1094,Lisa Meyer
4503,101,Product A,Category 1,8,10.0,2023-05-12,1567,Yvonne Banks
3396,101,Product A,Category 1,6,10.0,2023-07-21,1837,Robert Larson
8106,102,Product B,Category 1,3,20.0,2023-12-23,1653,George Harris
6110,101,Product A,Category 1,11,10.0,2023-08-16,1989,Jason Smith
7982,102,Product B,Category 1,10,20.0,2023-01-09,1645,Scott Shaffer
6484,102,Product B,Category 1,15,20.0,2023-01-16,1312,Sharon Singleton
2616,101,Product A,Category 1,2,10.0,2023-10-21,1502,Jessica Young
8752,103,Product C,Category 2,13,30.0,2023-01-29,1448,Mrs. Alisha Bowers
2100,101,Product A,Category 1,6,10.0,2023-02-14,1958,Joseph Irwin
8960,101,Product A,Category 1,15,10.0,2023-06-24,1178,Connie Garcia
7731,104,Product D,Category 2,3,40.0,2023-07-19,1758,Dr. Adam Hudson MD
4196,102,Product B,Category 1,7,20.0,2023-08-28,1857,Jessica Oconnor
8999,104,Product D,Category 2,6,40.0,2023-01-19,1115,Matthew Duke
8218,103,Product C,Category 2,1,30.0,2023-08-19,1595,Belinda Santos
8139,104,Product D,Category 2,3,40.0,2023-08-31,1283,Luis Leonard MD
9443,102,Product B,Category 1,11,20.0,2023-04-08,1543,Patrick Williams
1679,101,Product A,Category 1,7,10.0,2023-10-15,1273,David Jackson
2310,103,Product C,Category 2,11,30.0,2023-01-08,1620,Barbara Hamilton
8950,102,Product B,Category 1,1,20.0,2023-12-01,1783,Adrian Guerra
2123,101,Product A,Category 1,4,10.0,2023-01-22,1913,Diane Adams
3732,101,Product A,Category 1,5,10.0,2023-12-07,1608,Nicole Ballard
6812,102,Product B,Category 1,2,20.0,2023-01-26,1754,Michael Potter
6602,102,Product B,Category 1,3,20.0,2023-09-05,1624,Yvette Jackson
1417,102,Product B,Category 1,1,20.0,2023-02-20,1516,Hannah Anderson
6385,101,Product A,Category 1,5,10.0,2023-09-25,1263,John Davis
583,102,Product B,Category 1,8,20.0,2023-06-29,1261,Jaime Farmer
5236,101,Product A,Category 1,9,10.0,2023-09-08,1741,Amy Sanchez
6675,101,Product A,Category 1,14,10.0,2023-10-06,1668,Brian Bridges
6874,103,Product C,Category 2,11,30.0,2023-02-07,1256,Kayla Torres
6069,102,Product B,Category 1,7,20.0,2023-09-24,1895,Miranda Taylor
4615,102,Product B,Category 1,9,20.0,2023-06-22,1357,Calvin Brock
5098,101,Product A,Category 1,11,10.0,2023-10-09,1698,Samuel Smith
1958,103,Product C,Category 2,5,30.0,2023-01-02,1375,Grace Lopez
2328,102,Product B,Category 1,8,20.0,2023-07-31,1277,Jessica Sheppard
5976,102,Product B,Category 1,2,20.0,2023-11-22,1633,Dylan Hull
8375,102,Product B,Category 1,13,20.0,2023-01-24,1060,Jennifer Carey
7953,103,Product C,Category 2,6,30.0,2023-05-18,1873,April Jacobs
2331,102,Product B,Category 1,4,20.0,2023-12-10,1748,Kelly Cooley
1894,102,Product B,Category 1,2,20.0,2023-03-31,1452,Heather Payne
7961,102,Product B,Category 1,1,20.0,2023-12-24,1743,Roy Ryan
9602,101,Product A,Category 1,4,10.0,2023-02-25,1551,Robin Russo
1441,104,Product D,Category 2,4,40.0,2023-08-07,1096,Jaime Young
4507,101,Product A,Category 1,1,10.0,2023-12-24,1687,Ryan Archer
6903,101,Product A,Category 1,6,10.0,2023-07-17,1791,Mrs. Wanda Mullins
635,102,Product B,Category 1,2,20.0,2023-04-21,1248,Matthew May
8917,103,Product C,Category 2,12,30.0,2023-09-09,1245,Michelle Hampton
8619,104,Product D,Category 2,14,40.0,2023-03-30,1273,David Jackson
1358,103,Product C,Category 2,12,30.0,2023-11-14,1446,Suzanne Flores MD
7122,101,Product A,Category 1,8,10.0,2023-11-02,1465,Katelyn Garcia
2727,104,Product D,Category 2,1,40.0,2023-11-30,1385,Mrs. Brandi Shaw
971,101,Product A,Category 1,6,10.0,2023-05-15,1651,Natalie Moreno
622,102,Product B,Category 1,14,20.0,2023-07-15,1773,Steven Mcdonald
8625,102,Product B,Category 1,6,20.0,2023-03-07,1016,Kayla Kelly
3562,101,Product A,Category 1,9,10.0,2023-01-18,1164,Brian Mccann
8858,102,Product B,Category 1,12,20.0,2023-03-28,1305,Jennifer Gordon
4333,103,Product C,Category 2,15,30.0,2023-06-14,1483,Tammy Martinez
3252,101,Product A,Category 1,9,10.0,2023-05-07,1188,Adrienne Weaver
8349,102,Product B,Category 1,10,20.0,2023-01-07,1157,Christine Chase
3087,101,Product A,Category 1,14,10.0,2023-12-07,1866,Richard Goodman
9495,102,Product B,Category 1,1,20.0,2023-09-30,1628,Diana Burns
3175,101,Product A,Category 1,12,10.0,2023-01-26,1683,Robert Bryant
4908,101,Product A,Category 1,10,10.0,2023-08-27,1365,Samantha Wilson
8735,102,Product B,Category 1,8,20.0,2023-11-18,1845,Jennifer Rosales
6894,102,Product B,Category 1,11,20.0,2023-12-04,1183,Samuel Cook
7416,103,Product C,Category 2,10,30.0,2023-07-04,1007,Katherine Stephens
4687,103,Product C,Category 2,13,30.0,2023-08-09,1080,Joshua Becker
1957,101,Product A,Category 1,4,10.0,2023-12-30,1838,Crystal Marsh
3427,104,Product D,Category 2,7,40.0,2023-10-20,1452,Heather Payne
9988,103,Product C,Category 2,13,30.0,2023-11-25,1735,Antonio Petersen
8447,102,Product B,Category 1,3,20.0,2023-11-07,1427,Brittney Robinson MD
2906,102,Product B,Category 1,13,20.0,2023-09-01,1761,Gregory Hodges
1749,101,Product A,Category 1,2,10.0,2023-02-12,1465,Katelyn Garcia
8391,101,Product A,Category 1,14,10.0,2023-11-06,1364,Andrew Gibson
8598,101,Product A,Category 1,2,10.0,2023-11-11,1069,James Bell
1659,101,Product A,Category 1,5,10.0,2023-12-24,1291,Amanda Fernandez
5593,103,Product C,Category 2,7,30.0,2023-06-20,1939,Donna Ayala
1325,103,Product C,Category 2,1,30.0,2023-11-15,1719,Michael Williams
3895,104,Product D,Category 2,5,40.0,2023-01-14,1627,Daniel Lopez
6657,102,Product B,Category 1,1,20.0,2023-04-12,1849,Bryan Cole
8184,102,Product B,Category 1,9,20.0,2023-04-20,1516,Hannah Anderson
1297,103,Product C,Category 2,5,30.0,2023-05-24,1890,Francisco Carlson
5323,103,Product C,Category 2,6,30.0,2023-08-14,1937,Cody Miles
3064,101,Product A,Category 1,2,10.0,2023-11-18,1663,Miss Crystal Butler
4001,104,Product D,Category 2,12,40.0,2023-05-30,1546,Rebecca Thomas
5614,104,Product D,Category 2,7,40.0,2023-01-08,1857,Jessica Oconnor
6775,101,Product A,Category 1,12,10.0,2023-11-20,1568,Sarah Harper
2330,103,Product C,Category 2,12,30.0,2023-03-30,1449,Joshua Reyes
2572,101,Product A,Category 1,10,10.0,2023-05-09,1522,Jack Medina
2238,101,Product A,Category 1,13,10.0,2023-07-20,1401,April Ramirez
405,102,Product B,Category 1,10,20.0,2023-11-07,1507,Bryan Myers
3417,104,Product D,Category 2,5,40.0,2023-02-01,1831,Jenny Perez
4381,102,Product B,Category 1,11,20.0,2023-05-14,1308,Amy Barber
8833,101,Product A,Category 1,2,10.0,2023-11-24,1673,Destiny Rivas
3652,102,Product B,Category 1,3,20.0,2023-12-13,1002,Jeffrey Knapp
3409,104,Product D,Category 2,15,40.0,2023-01-26,1415,Linda Jones
1802,101,Product A,Category 1,2,10.0,2023-06-11,2000,Molly Martin
7439,102,Product B,Category 1,10,20.0,2023-09-11,1345,Karen West
4267,103,Product C,Category 2,14,30.0,2023-06-24,1632,James Guerrero
1800,102,Product B,Category 1,14,20.0,2023-12-11,1947,Nicole Hall
5739,104,Product D,Category 2,15,40.0,2023-06-20,1388,Gary Williams
1881,102,Product B,Category 1,4,20.0,2023-03-01,1330,Lance Larsen
4178,102,Product B,Category 1,10,20.0,2023-10-29,1169,Mark Stewart
8495,102,Product B,Category 1,10,20.0,2023-08-24,1887,Diane Bauer
8051,102,Product B,Category 1,6,20.0,2023-10-05,1515,Jorge Valdez
7236,101,Product A,Category 1,6,10.0,2023-08-04,1724,Kevin Copeland
1805,101,Product A,Category 1,8,10.0,2023-12-12,1910,Savannah Ellison
7155,101,Product A,Category 1,13,10.0,2023-04-01,1408,Jesus Williams
3886,101,Product A,Category 1,7,10.0,2023-04-14,1270,Ashley Hernandez
9975,102,Product B,Category 1,14,20.0,2023-01-03,1018,Jill Schwartz
6593,101,Product A,Category 1,1,10.0,2023-12-25,1555,Christopher Dawson DVM
2236,101,Product A,Category 1,11,10.0,2023-12-24,1550,Robert Fox
1558,102,Product B,Category 1,13,20.0,2023-08-01,1321,Linda Rivera
6743,102,Product B,Category 1,9,20.0,2023-04-02,1762,Stephen Douglas
2247,104,Product D,Category 2,6,40.0,2023-01-21,1715,James Daniels
9206,103,Product C,Category 2,15,30.0,2023-09-04,1630,Susan Short
771,102,Product B,Category 1,12,20.0,2023-01-28,1780,Erin Palmer
7393,101,Product A,Category 1,11,10.0,2023-10-02,1932,Philip Mack
9294,101,Product A,Category 1,14,10.0,2023-09-20,1062,Matthew Donovan
2651,102,Product B,Category 1,4,20.0,2023-10-09,1589,Brandi Hill
7935,102,Product B,Category 1,3,20.0,2023-04-19,1442,Lori Rosales
5749,103,Product C,Category 2,15,30.0,2023-11-05,1254,Donald Brown MD
3852,101,Product A,Category 1,9,10.0,2023-03-25,1325,Monica Becker
8705,104,Product D,Category 2,2,40.0,2023-06-08,1757,Cynthia King
644,102,Product B,Category 1,15,20.0,2023-06-20,1321,Linda Rivera
9700,101,Product A,Category 1,8,10.0,2023-05-15,1681,Charles Sheppard
772,104,Product D,Category 2,11,40.0,2023-09-25,1679,Christie Smith
7172,102,Product B,Category 1,10,20.0,2023-09-07,1523,Phillip Meyer
3753,101,Product A,Category 1,10,10.0,2023-10-04,1595,Belinda Santos
8611,104,Product D,Category 2,13,40.0,2023-01-07,1720,Laura Smith
912,103,Product C,Category 2,2,30.0,2023-09-16,1474,Michael Wallace
7074,103,Product C,Category 2,8,30.0,2023-06-18,1359,Nicole Matthews
2647,101,Product A,Category 1,8,10.0,2023-04-29,1326,Arthur King
5091,104,Product D,Category 2,2,40.0,2023-08-27,1747,Sherri Green
4489,102,Product B,Category 1,12,20.0,2023-12-20,1868,James Martinez
519,104,Product D,Category 2,12,40.0,2023-03-17,1594,Amanda Bowers
9661,103,Product C,Category 2,11,30.0,2023-03-26,1519,Tiffany Johnson
37,103,Product C,Category 2,14,30.0,2023-12-23,1594,Amanda Bowers
5973,101,Product A,Category 1,14,10.0,2023-11-20,1033,Tammy Jones
7730,104,Product D,Category 2,12,40.0,2023-05-04,1336,Michael Richard
5301,102,Product B,Category 1,10,20.0,2023-02-24,1669,Tyrone Allen
4166,101,Product A,Category 1,15,10.0,2023-10-15,1783,Adrian Guerra
129,102,Product B,Category 1,2,20.0,2023-11-16,1006,Douglas Willis
6032,101,Product A,Category 1,7,10.0,2023-04-11,1720,Laura Smith
4012,103,Product C,Category 2,7,30.0,2023-09-16,1302,Michelle Jones
5200,101,Product A,Category 1,15,10.0,2023-09-17,1476,Mary Robinson
8629,102,Product B,Category 1,1,20.0,2023-07-29,1112,Rachel Graham
832,104,Product D,Category 2,15,40.0,2023-04-23,1197,Erica Wang
7788,103,Product C,Category 2,2,30.0,2023-07-29,1321,Linda Rivera
8381,101,Product A,Category 1,14,10.0,2023-12-20,1057,Larry Clark
8443,103,Product C,Category 2,8,30.0,2023-09-03,1199,Michael Romero
6483,104,Product D,Category 2,4,40.0,2023-04-17,1262,Patricia Garcia
5078,103,Product C,Category 2,2,30.0,2023-06-13,1986,Joseph Vance
2126,101,Product A,Category 1,2,10.0,2023-05-22,1591,Jennifer Ford
789,102,Product B,Category 1,11,20.0,2023-03-18,1287,David Sanchez
5016,101,Product A,Category 1,14,10.0,2023-11-27,1177,Anthony Brown
2933,102,Product B,Category 1,6,20.0,2023-06-26,1207,Ashley Powell
8750,104,Product D,Category 2,12,40.0,2023-04-24,1521,Jonathan Jackson
7167,104,Product D,Category 2,4,40.0,2023-05-13,1155,Mark Sanchez
3259,102,Product B,Category 1,12,20.0,2023-06-30,1581,Joe Beck
4518,103,Product C,Category 2,2,30.0,2023-04-23,1038,Isaac Sexton
2899,101,Product A,Category 1,6,10.0,2023-03-30,1529,Lucas Rogers
4078,103,Product C,Category 2,7,30.0,2023-08-23,1973,Vincent Beck
1600,102,Product B,Category 1,10,20.0,2023-05-03,1801,Katherine Delacruz
1106,101,Product A,Category 1,13,10.0,2023-06-28,1318,Kimberly Cook
3226,101,Product A,Category 1,11,10.0,2023-09-05,1228,Terrance Novak
7614,102,Product B,Category 1,1,20.0,2023-02-01,1234,Denise Martinez
3022,101,Product A,Category 1,5,10.0,2023-01-11,1129,Mary Ray
1745,104,Product D,Category 2,12,40.0,2023-07-24,1248,Matthew May
2923,101,Product A,Category 1,12,10.0,2023-08-13,1569,Timothy Perkins
2843,101,Product A,Category 1,5,10.0,2023-03-07,1294,Tammy Robinson
5621,101,Product A,Category 1,3,10.0,2023-03-27,1729,Karen Moyer
1500,102,Product B,Category 1,3,20.0,2023-10-30,1238,Laura Walker
1019,102,Product B,Category 1,10,20.0,2023-09-01,1928,Marissa Mendoza
1949,101,Product A,Category 1,1,10.0,2023-12-04,1320,Cheryl Kennedy
217,102,Product B,Category 1,7,20.0,2023-10-26,1683,Robert Bryant
5766,101,Product A,Category 1,14,10.0,2023-11-05,1184,Maria Mccall
73,102,Product B,Category 1,6,20.0,2023-05-20,1557,Nicholas Caldwell
6540,102,Product B,Category 1,8,20.0,2023-07-15,1673,Destiny Rivas
8971,104,Product D,Category 2,1,40.0,2023-12-29,1709,Nicholas Pena
7547,101,Product A,Category 1,11,10.0,2023-01-19,1793,Kevin Huffman
6709,103,Product C,Category 2,15,30.0,2023-12-15,1053,Hannah Mclaughlin
7333,101,Product A,Category 1,2,10.0,2023-05-17,1483,Tammy Martinez
9836,103,Product C,Category 2,1,30.0,2023-09-19,1548,Jasmine Perez
2479,102,Product B,Category 1,6,20.0,2023-06-27,1784,Sara Martin
4805,102,Product B,Category 1,12,20.0,2023-12-14,1104,Alice Anderson
5186,101,Product A,Category 1,7,10.0,2023-06-09,1326,Arthur King
5499,102,Product B,Category 1,9,20.0,2023-06-29,1025,Tanya Walton
6919,103,Product C,Category 2,11,30.0,2023-02-18,1887,Diane Bauer
9463,102,Product B,Category 1,10,20.0,2023-07-17,1382,Dr. Martha Martin
1490,102,Product B,Category 1,10,20.0,2023-07-16,1328,Thomas Mcdonald
5803,103,Product C,Category 2,8,30.0,2023-05-24,1145,James Bauer
6698,103,Product C,Category 2,15,30.0,2023-07-19,1365,Samantha Wilson
641,101,Product A,Category 1,7,10.0,2023-12-29,1225,Dustin Bird
5382,101,Product A,Category 1,15,10.0,2023-04-08,1366,Michael Baker MD
1274,101,Product A,Category 1,2,10.0,2023-02-01,1727,Christopher Herrera
536,102,Product B,Category 1,1,20.0,2023-08-19,1887,Diane Bauer
6599,101,Product A,Category 1,12,10.0,2023-12-17,1325,Monica Becker
2850,102,Product B,Category 1,11,20.0,2023-08-10,1658,John Abbott
2354,101,Product A,Category 1,4,10.0,2023-10-20,1381,Courtney Hansen
5603,101,Product A,Category 1,2,10.0,2023-06-25,1324,Tammy Clark
4940,102,Product B,Category 1,4,20.0,2023-06-17,1941,William Carroll
3225,102,Product B,Category 1,10,20.0,2023-01-10,1011,Thomas Escobar
8861,101,Product A,Category 1,11,10.0,2023-01-03,1443,Shannon Garcia
4784,104,Product D,Category 2,15,40.0,2023-12-03,1078,Jacob King
4575,104,Product D,Category 2,2,40.0,2023-12-02,1438,Mr. Robert Jones
9931,101,Product A,Category 1,14,10.0,2023-05-17,1480,Kimberly Johnson
4525,101,Product A,Category 1,6,10.0,2023-10-17,1104,Alice Anderson
2463,103,Product C,Category 2,7,30.0,2023-09-14,1770,Joseph Diaz
2105,102,Product B,Category 1,2,20.0,2023-02-12,1493,Mary Ferguson
1833,103,Product C,Category 2,11,30.0,2023-05-31,1499,Justin Alvarado
2826,101,Product A,Category 1,11,10.0,2023-01-15,1919,Erica Russell
7092,102,Product B,Category 1,1,20.0,2023-12-15,1581,Joe Beck
9477,103,Product C,Category 2,6,30.0,2023-08-25,1941,William Carroll
7571,102,Product B,Category 1,8,20.0,2023-06-24,1001,Laura Brooks
9940,104,Product D,Category 2,6,40.0,2023-03-21,1792,Kelly Kelley
8654,102,Product B,Category 1,14,20.0,2023-06-16,1832,Phyllis Garcia
1027,103,Product C,Category 2,12,30.0,2023-09-16,1424,Justin Snyder
4645,102,Product B,Category 1,8,20.0,2023-01-15,1951,Stephanie Stark
3783,101,Product A,Category 1,7,10.0,2023-05-10,1150,Terri Smith
7545,102,Product B,Category 1,9,20.0,2023-08-15,1670,Isaac Solis
7219,101,Product A,Category 1,2,10.0,2023-08-02,1341,Craig Blake
4109,102,Product B,Category 1,13,20.0,2023-01-23,1241,Stephanie Ramos
5023,103,Product C,Category 2,14,30.0,2023-10-13,1116,Mathew Morris
8487,104,Product D,Category 2,10,40.0,2023-01-25,1312,Sharon Singleton
6642,104,Product D,Category 2,14,40.0,2023-09-09,1598,Donna Li
2084,102,Product B,Category 1,12,20.0,2023-01-25,1804,Paul Patterson
4352,101,Product A,Category 1,15,10.0,2023-09-05,1152,Timothy Schultz
4506,101,Product A,Category 1,6,10.0,2023-05-13,1425,Gary Watkins
6808,101,Product A,Category 1,12,10.0,2023-07-13,1802,Sarah Moses
819,101,Product A,Category 1,4,10.0,2023-06-29,1995,Kevin Burns
8513,103,Product C,Category 2,13,30.0,2023-11-25,1128,Adam Bell
9075,103,Product C,Category 2,3,30.0,2023-02-23,1870,Joseph Cain
9999,104,Product D,Category 2,10,40.0,2023-02-16,1229,Andrew Franklin
2605,102,Product B,Category 1,7,20.0,2023-05-24,1476,Mary Robinson
8605,102,Product B,Category 1,4,20.0,2023-11-23,1966,James Thomas
8627,101,Product A,Category 1,2,10.0,2023-05-05,1413,Patrick Chung
1226,104,Product D,Category 2,9,40.0,2023-12-15,1187,Bob Franklin
4206,103,Product C,Category 2,15,30.0,2023-02-26,1260,Patricia Franklin
1294,101,Product A,Category 1,2,10.0,2023-02-12,1457,Carol Wood
3738,104,Product D,Category 2,11,40.0,2023-02-17,1256,Kayla Torres
5933,101,Product A,Category 1,9,10.0,2023-09-11,1622,Jessica Richmond
5759,102,Product B,Category 1,15,20.0,2023-07-02,1375,Grace Lopez
4057,101,Product A,Category 1,7,10.0,2023-05-12,1852,Amy Frazier
7699,103,Product C,Category 2,4,30.0,2023-01-16,1215,Lisa Sanders
5115,103,Product C,Category 2,12,30.0,2023-02-21,1991,Jonathan Saunders
1368,102,Product B,Category 1,8,20.0,2023-04-18,1400,Michelle Brewer
1906,101,Product A,Category 1,7,10.0,2023-05-31,1354,Tiffany Franklin
9780,101,Product A,Category 1,13,10.0,2023-04-30,1948,Pamela Thompson
8475,103,Product C,Category 2,11,30.0,2023-02-14,1986,Joseph Vance
1654,101,Product A,Category 1,8,10.0,2023-12-04,1534,Michael Lozano
7015,101,Product A,Category 1,12,10.0,2023-09-10,1418,Gary Gonzales
3976,103,Product C,Category 2,13,30.0,2023-05-31,1890,Francisco Carlson
4651,101,Product A,Category 1,11,10.0,2023-12-12,1594,Amanda Bowers
2484,103,Product C,Category 2,14,30.0,2023-09-16,1887,Diane Bauer
7239,102,Product B,Category 1,2,20.0,2023-12-17,1435,Dustin Best
8908,102,Product B,Category 1,7,20.0,2023-04-28,1856,Patricia Green
3737,102,Product B,Category 1,15,20.0,2023-08-07,1758,Dr. Adam Hudson MD
936,102,Product B,Category 1,6,20.0,2023-12-12,1454,Christopher Nash
2460,104,Product D,Category 2,8,40.0,2023-09-23,1047,Suzanne Avila
3483,104,Product D,Category 2,8,40.0,2023-10-20,1683,Robert Bryant
6382,102,Product B,Category 1,6,20.0,2023-02-03,1535,Rebecca Snyder
3543,101,Product A,Category 1,4,10.0,2023-12-28,1124,Carrie Crawford
7671,104,Product D,Category 2,10,40.0,2023-01-27,1207,Ashley Powell
1915,104,Product D,Category 2,7,40.0,2023-07-15,1267,Jordan Johnson
794,101,Product A,Category 1,4,10.0,2023-09-19,1104,Alice Anderson
9491,104,Product D,Category 2,1,40.0,2023-12-10,1259,Daniel Mcmillan
5003,101,Product A,Category 1,15,10.0,2023-07-07,1540,Tina Thompson
8234,104,Product D,Category 2,5,40.0,2023-04-11,1147,Kevin Larson
5435,103,Product C,Category 2,7,30.0,2023-07-03,1970,Laura Fox
1710,103,Product C,Category 2,12,30.0,2023-01-26,1929,Matthew Scott
2317,101,Product A,Category 1,6,10.0,2023-05-13,1412,Michele Myers MD
9231,102,Product B,Category 1,11,20.0,2023-02-12,1330,Lance Larsen
9332,101,Product A,Category 1,6,10.0,2023-01-13,1881,Alicia Parrish
7358,102,Product B,Category 1,7,20.0,2023-10-05,1792,Kelly Kelley
4292,104,Product D,Category 2,2,40.0,2023-11-27,1624,Yvette Jackson
774,103,Product C,Category 2,15,30.0,2023-01-13,1296,John Walker MD
5044,102,Product B,Category 1,4,20.0,2023-01-28,1515,Jorge Valdez
6802,104,Product D,Category 2,11,40.0,2023-03-30,1125,Melissa Long
1585,101,Product A,Category 1,2,10.0,2023-07-31,1679,Christie Smith
1449,102,Product B,Category 1,7,20.0,2023-04-12,1941,William Carroll
8662,102,Product B,Category 1,12,20.0,2023-08-04,1581,Joe Beck
979,101,Product A,Category 1,6,10.0,2023-08-13,1520,Angela Moreno
134,101,Product A,Category 1,14,10.0,2023-09-13,1225,Dustin Bird
753,102,Product B,Category 1,3,20.0,2023-03-17,1772,Eric White
1715,102,Product B,Category 1,14,20.0,2023-06-06,1351,Eileen Tucker
5384,101,Product A,Category 1,7,10.0,2023-03-08,1093,Lisa Hester
1155,102,Product B,Category 1,14,20.0,2023-04-26,1137,Joshua Hull
6885,101,Product A,Category 1,8,10.0,2023-05-20,1729,Karen Moyer
8142,104,Product D,Category 2,4,40.0,2023-03-25,1952,Michael Perez
6312,103,Product C,Category 2,14,30.0,2023-07-25,1784,Sara Martin
7904,102,Product B,Category 1,12,20.0,2023-02-20,1466,Alex Snow
765,103,Product C,Category 2,15,30.0,2023-02-15,1218,Ricardo Mills
6183,101,Product A,Category 1,1,10.0,2023-11-16,1254,Donald Brown MD
967,102,Product B,Category 1,8,20.0,2023-06-24,1437,Oscar Donaldson
2750,103,Product C,Category 2,2,30.0,2023-08-02,1397,Shannon Molina
657,102,Product B,Category 1,6,20.0,2023-07-05,1597,Michelle Robinson
7268,103,Product C,Category 2,9,30.0,2023-01-09,1851,Jessica Golden
5926,104,Product D,Category 2,12,40.0,2023-11-26,1897,Sean Galloway
3779,104,Product D,Category 2,4,40.0,2023-10-13,1808,Abigail Williams
7562,101,Product A,Category 1,4,10.0,2023-07-26,1134,Tiffany Boyd DVM
5790,103,Product C,Category 2,8,30.0,2023-09-05,1953,Billy Wilson
9233,102,Product B,Category 1,1,20.0,2023-05-13,1207,Ashley Powell
6167,102,Product B,Category 1,2,20.0,2023-07-29,1799,Rita Romero
1384,101,Product A,Category 1,2,10.0,2023-03-10,1860,Michael Sanford
621,101,Product A,Category 1,7,10.0,2023-11-26,1809,Katherine King
6308,104,Product D,Category 2,10,40.0,2023-07-19,1081,Dana Kennedy
6967,103,Product C,Category 2,7,30.0,2023-03-21,1329,Kristen Skinner
4283,104,Product D,Category 2,7,40.0,2023-07-10,1378,Audrey Davis
9851,103,Product C,Category 2,11,30.0,2023-11-04,1825,Andrew Sweeney
415,101,Product A,Category 1,1,10.0,2023-09-01,1591,Jennifer Ford
1744,101,Product A,Category 1,11,10.0,2023-08-26,1326,Arthur King
7930,101,Product A,Category 1,4,10.0,2023-04-06,1349,Teresa Chung
1285,101,Product A,Category 1,11,10.0,2023-08-24,1265,Charles Nguyen
8698,102,Product B,Category 1,4,20.0,2023-05-30,1187,Bob Franklin
2608,102,Product B,Category 1,12,20.0,2023-04-28,1331,Katherine Oliver
2966,101,Product A,Category 1,3,10.0,2023-12-03,1355,Tracy Shepherd
9478,101,Product A,Category 1,1,10.0,2023-03-15,1468,Colin Wiggins
2907,101,Product A,Category 1,3,10.0,2023-04-30,1953,Billy Wilson
7258,102,Product B,Category 1,10,20.0,2023-08-10,1869,Charles Blair
5776,104,Product D,Category 2,4,40.0,2023-12-16,1894,Jamie Mcguire
7170,101,Product A,Category 1,7,10.0,2023-09-23,1469,Michael Jones
4734,104,Product D,Category 2,14,40.0,2023-01-02,1497,James Myers
241,102,Product B,Category 1,11,20.0,2023-10-12,1955,Lindsay Woodward
9156,104,Product D,Category 2,5,40.0,2023-12-22,1507,Bryan Myers
2650,104,Product D,Category 2,5,40.0,2023-10-20,1224,Taylor Johnson
9515,104,Product D,Category 2,11,40.0,2023-06-21,1717,Ricardo Kim
7314,101,Product A,Category 1,2,10.0,2023-09-15,1604,Melissa Smith
4872,101,Product A,Category 1,12,10.0,2023-06-16,1006,Douglas Willis
5746,101,Product A,Category 1,10,10.0,2023-11-15,1366,Michael Baker MD
3555,102,Product B,Category 1,2,20.0,2023-07-23,1620,Barbara Hamilton
5342,102,Product B,Category 1,2,20.0,2023-11-23,1053,Hannah Mclaughlin
1505,103,Product C,Category 2,15,30.0,2023-12-29,1524,Joshua Lane
9716,102,Product B,Category 1,14,20.0,2023-11-11,1769,Ricky Soto
9467,101,Product A,Category 1,7,10.0,2023-12-01,1344,Katherine Diaz
3472,101,Product A,Category 1,3,10.0,2023-09-21,1436,Mary Howard
9285,101,Product A,Category 1,3,10.0,2023-01-14,1129,Mary Ray
540,102,Product B,Category 1,14,20.0,2023-05-02,1558,Dr. Kristin Miller
5931,102,Product B,Category 1,10,20.0,2023-09-21,1224,Taylor Johnson
6790,104,Product D,Category 2,9,40.0,2023-07-30,1904,Barbara Johnston
1548,101,Product A,Category 1,7,10.0,2023-09-13,1265,Charles Nguyen
9891,101,Product A,Category 1,15,10.0,2023-10-14,1268,Katelyn Abbott
6639,101,Product A,Category 1,15,10.0,2023-06-15,1523,Phillip Meyer
4309,102,Product B,Category 1,5,20.0,2023-12-27,1086,Angela Cunningham
8515,101,Product A,Category 1,14,10.0,2023-04-25,1029,William Blackburn
6977,103,Product C,Category 2,11,30.0,2023-04-10,1315,Alejandro Davis
8083,102,Product B,Category 1,11,20.0,2023-10-20,1612,Cindy Miller
9313,102,Product B,Category 1,1,20.0,2023-12-18,1473,Francisco Rodriguez
1382,102,Product B,Category 1,14,20.0,2023-08-07,1064,Alexis Price
9897,102,Product B,Category 1,8,20.0,2023-03-09,1785,Matthew Martinez
7872,101,Product A,Category 1,12,10.0,2023-01-04,1145,James Bauer
2846,101,Product A,Category 1,6,10.0,2023-05-13,1930,Renee Guzman
965,101,Product A,Category 1,3,10.0,2023-02-17,1552,Megan Crawford
47,101,Product A,Category 1,6,10.0,2023-07-27,1926,Christina Patterson
3108,103,Product C,Category 2,10,30.0,2023-12-20,1409,Lynn Shields
7790,103,Product C,Category 2,7,30.0,2023-02-21,1011,Thomas Escobar
2252,103,Product C,Category 2,7,30.0,2023-07-24,1608,Nicole Ballard
899,101,Product A,Category 1,12,10.0,2023-10-28,1137,Joshua Hull
5292,102,Product B,Category 1,4,20.0,2023-01-18,1357,Calvin Brock
7453,101,Product A,Category 1,13,10.0,2023-03-19,1950,Gregory Dickerson
1338,104,Product D,Category 2,13,40.0,2023-05-24,1505,Melissa Myers
3377,103,Product C,Category 2,15,30.0,2023-09-10,1603,Wayne Shaw
6392,102,Product B,Category 1,9,20.0,2023-03-03,1409,Lynn Shields
9746,104,Product D,Category 2,8,40.0,2023-11-09,1984,Lisa Martinez
9813,102,Product B,Category 1,15,20.0,2023-10-09,1967,Kristina Lyons
4933,102,Product B,Category 1,14,20.0,2023-10-13,1629,Alexander Ramirez
9765,104,Product D,Category 2,13,40.0,2023-02-06,1721,Jordan Curtis
9029,101,Product A,Category 1,1,10.0,2023-11-20,1817,Christopher Morris
8938,102,Product B,Category 1,4,20.0,2023-12-15,1945,Deborah Weber
2319,102,Product B,Category 1,9,20.0,2023-10-06,1666,Guy Reed Jr.
4868,101,Product A,Category 1,12,10.0,2023-12-13,1497,James Myers
4210,102,Product B,Category 1,14,20.0,2023-03-28,1384,Joy Kelly
7506,102,Product B,Category 1,9,20.0,2023-11-11,1098,Brian Martin
3403,101,Product A,Category 1,12,10.0,2023-04-03,1109,Erik Roberts
493,102,Product B,Category 1,9,20.0,2023-12-02,1226,Tracy Moore
4781,101,Product A,Category 1,8,10.0,2023-06-21,1086,Angela Cunningham
7272,102,Product B,Category 1,10,20.0,2023-07-25,1013,Michael Garcia
582,103,Product C,Category 2,12,30.0,2023-12-11,1914,Jennifer Davis
9672,101,Product A,Category 1,2,10.0,2023-06-27,1369,Carolyn Collins
3788,102,Product B,Category 1,12,20.0,2023-09-08,1957,Todd Aguilar
8517,102,Product B,Category 1,15,20.0,2023-06-26,1682,Evan Garcia
3331,104,Product D,Category 2,4,40.0,2023-07-13,1400,Michelle Brewer
8330,102,Product B,Category 1,9,20.0,2023-12-06,1506,Summer Stevens
2855,101,Product A,Category 1,15,10.0,2023-12-24,1768,Thomas Cole
45,101,Product A,Category 1,11,10.0,2023-02-01,1774,Nathan Brown
3778,101,Product A,Category 1,6,10.0,2023-12-15,1879,Timothy Randall
8653,101,Product A,Category 1,7,10.0,2023-06-14,1790,Kathleen Dunn
6515,101,Product A,Category 1,14,10.0,2023-03-26,1233,Robert Hahn
1458,102,Product B,Category 1,14,20.0,2023-01-17,1383,David Nielsen
57,102,Product B,Category 1,9,20.0,2023-05-31,1489,Renee Hines
6855,101,Product A,Category 1,8,10.0,2023-10-08,1564,Brooke Howard
7161,104,Product D,Category 2,3,40.0,2023-06-08,1704,David Sanders
2312,102,Product B,Category 1,1,20.0,2023-08-06,1820,William Smith II
1370,101,Product A,Category 1,8,10.0,2023-06-10,1904,Barbara Johnston
7908,102,Product B,Category 1,10,20.0,2023-02-18,1108,Katie Hill
6544,101,Product A,Category 1,10,10.0,2023-10-23,1646,Tyler Nunez
3629,103,Product C,Category 2,15,30.0,2023-01-23,1524,Joshua Lane
1275,103,Product C,Category 2,3,30.0,2023-09-24,1264,Kathleen Jones
3066,101,Product A,Category 1,13,10.0,2023-07-06,1105,Kelly Gross
4340,104,Product D,Category 2,1,40.0,2023-10-23,1712,Wendy Smith
3582,101,Product A,Category 1,9,10.0,2023-11-25,1238,Laura Walker
3800,102,Product B,Category 1,6,20.0,2023-09-29,1291,Amanda Fernandez
2777,102,Product B,Category 1,5,20.0,2023-03-06,1527,Brandon Howell
7329,101,Product A,Category 1,2,10.0,2023-03-26,1626,Sally Wilson
5380,103,Product C,Category 2,3,30.0,2023-06-05,1111,Christopher Smith
9619,101,Product A,Category 1,10,10.0,2023-01-02,1797,Todd Black
4695,103,Product C,Category 2,12,30.0,2023-04-28,1128,Adam Bell
4459,102,Product B,Category 1,13,20.0,2023-11-30,1861,Matthew Orr
9857,104,Product D,Category 2,7,40.0,2023-03-06,1363,Sylvia Williams
3538,103,Product C,Category 2,4,30.0,2023-09-18,1937,Cody Miles
5767,101,Product A,Category 1,13,10.0,2023-03-23,1698,Samuel Smith
6437,101,Product A,Category 1,1,10.0,2023-09-28,1896,Margaret Odonnell
3616,104,Product D,Category 2,13,40.0,2023-07-04,1251,Christina Clark
5663,102,Product B,Category 1,14,20.0,2023-06-11,1907,Whitney Carrillo
1317,102,Product B,Category 1,15,20.0,2023-11-27,1506,Summer Stevens
4193,101,Product A,Category 1,2,10.0,2023-12-22,1003,Katrina White
5362,101,Product A,Category 1,6,10.0,2023-03-07,1634,Ann Rush
5698,101,Product A,Category 1,14,10.0,2023-03-13,1254,Donald Brown MD
3657,101,Product A,Category 1,6,10.0,2023-06-12,1474,Michael Wallace
7674,102,Product B,Category 1,14,20.0,2023-06-09,1049,Alexander Wilson
4385,103,Product C,Category 2,8,30.0,2023-03-17,1732,Benjamin Zhang
1013,102,Product B,Category 1,9,20.0,2023-01-06,1194,Michael Maldonado
2908,102,Product B,Category 1,10,20.0,2023-03-02,1784,Sara Martin
6687,102,Product B,Category 1,9,20.0,2023-12-15,1137,Joshua Hull
9169,101,Product A,Category 1,10,10.0,2023-12-19,1572,Nicholas Austin
1269,104,Product D,Category 2,12,40.0,2023-09-01,1034,Sarah Thomas
7825,104,Product D,Category 2,15,40.0,2023-06-20,1602,Scott Nixon
3726,102,Product B,Category 1,10,20.0,2023-03-26,1742,Michelle Hoover
7983,104,Product D,Category 2,2,40.0,2023-09-19,1314,Shane Garcia
4379,104,Product D,Category 2,12,40.0,2023-11-17,1583,Susan Zimmerman
7917,103,Product C,Category 2,10,30.0,2023-01-30,1874,Thomas Sutton
268,101,Product A,Category 1,15,10.0,2023-01-15,1534,Michael Lozano
4987,102,Product B,Category 1,6,20.0,2023-09-21,1028,Jeffrey Smith
8749,104,Product D,Category 2,4,40.0,2023-11-14,1335,Anna Johnson
4337,102,Product B,Category 1,15,20.0,2023-03-13,1670,Isaac Solis
5805,102,Product B,Category 1,10,20.0,2023-07-10,1038,Isaac Sexton
1737,102,Product B,Category 1,10,20.0,2023-08-15,1613,Philip Bowen
9894,102,Product B,Category 1,13,20.0,2023-07-10,1734,Brian Webster
2571,101,Product A,Category 1,6,10.0,2023-04-07,1882,Wendy Edwards
6590,103,Product C,Category 2,10,30.0,2023-01-12,1576,Jason Ford
9520,102,Product B,Category 1,4,20.0,2023-07-21,1610,Mr. Kevin Wilson Jr.
3003,103,Product C,Category 2,7,30.0,2023-10-12,1040,Shawn Castillo
5844,104,Product D,Category 2,8,40.0,2023-08-13,1518,Luis Keller
1944,101,Product A,Category 1,14,10.0,2023-12-07,1852,Amy Frazier
2570,102,Product B,Category 1,9,20.0,2023-12-01,1278,Gilbert Villanueva
7489,104,Product D,Category 2,4,40.0,2023-07-07,1643,Randy Ford
9679,101,Product A,Category 1,10,10.0,2023-07-10,1864,Edward Cohen
4299,102,Product B,Category 1,9,20.0,2023-10-23,1076,Mike Barnett
2840,102,Product B,Category 1,12,20.0,2023-10-13,1763,Shawn Graham
8756,102,Product B,Category 1,1,20.0,2023-02-16,1074,Charles Brown
7577,104,Product D,Category 2,13,40.0,2023-06-11,1459,Jacob White
1446,103,Product C,Category 2,15,30.0,2023-01-23,1718,George Cox
6815,102,Product B,Category 1,12,20.0,2023-11-30,1790,Kathleen Dunn
9047,102,Product B,Category 1,14,20.0,2023-12-30,1590,Frederick Hicks
6902,104,Product D,Category 2,3,40.0,2023-05-26,1715,James Daniels
1871,102,Product B,Category 1,5,20.0,2023-11-26,1749,Scott Wright
158,104,Product D,Category 2,14,40.0,2023-10-08,1624,Yvette Jackson
2539,102,Product B,Category 1,5,20.0,2023-01-26,1535,Rebecca Snyder
8587,102,Product B,Category 1,14,20.0,2023-04-22,1473,Francisco Rodriguez
4327,101,Product A,Category 1,6,10.0,2023-11-26,1226,Tracy Moore
680,104,Product D,Category 2,12,40.0,2023-03-08,1574,Amy Moore
8888,101,Product A,Category 1,15,10.0,2023-07-23,1636,Jeffery Warner
8864,103,Product C,Category 2,14,30.0,2023-01-23,1861,Matthew Orr
3501,101,Product A,Category 1,14,10.0,2023-06-23,1669,Tyrone Allen
4895,101,Product A,Category 1,12,10.0,2023-07-18,1593,Joseph Williamson
7291,104,Product D,Category 2,2,40.0,2023-09-25,1321,Linda Rivera
1928,102,Product B,Category 1,15,20.0,2023-10-06,1879,Timothy Randall
5268,103,Product C,Category 2,4,30.0,2023-03-03,1899,Daniel Smith
9157,103,Product C,Category 2,11,30.0,2023-07-13,1412,Michele Myers MD
7009,104,Product D,Category 2,7,40.0,2023-02-02,1471,Sarah James
2013,101,Product A,Category 1,1,10.0,2023-01-23,1432,Shelley Bullock
7959,102,Product B,Category 1,6,20.0,2023-04-12,1935,John Hall
1264,102,Product B,Category 1,12,20.0,2023-07-18,1239,Melissa Owens
8912,102,Product B,Category 1,1,20.0,2023-10-29,1971,Mark Mccann
8878,103,Product C,Category 2,8,30.0,2023-03-31,1994,Jennifer Thompson
8913,102,Product B,Category 1,2,20.0,2023-08-19,1261,Jaime Farmer
7231,102,Product B,Category 1,7,20.0,2023-04-03,1499,Justin Alvarado
8149,104,Product D,Category 2,11,40.0,2023-07-17,1412,Michele Myers MD
5410,102,Product B,Category 1,9,20.0,2023-09-13,1130,Tracy Martinez
7685,102,Product B,Category 1,12,20.0,2023-04-30,1093,Lisa Hester
6288,103,Product C,Category 2,1,30.0,2023-07-08,1390,Danielle Cross
5288,101,Product A,Category 1,10,10.0,2023-11-01,1951,Stephanie Stark
310,103,Product C,Category 2,4,30.0,2023-01-31,1048,Jessica Smith
6235,101,Product A,Category 1,14,10.0,2023-09-22,1220,Julie Kim
8223,102,Product B,Category 1,5,20.0,2023-02-01,1187,Bob Franklin
7496,103,Product C,Category 2,12,30.0,2023-01-22,1469,Michael Jones
9497,103,Product C,Category 2,1,30.0,2023-07-25,1252,Melissa James
1852,102,Product B,Category 1,9,20.0,2023-11-22,1505,Melissa Myers
8372,101,Product A,Category 1,6,10.0,2023-08-26,1595,Belinda Santos
2666,102,Product B,Category 1,7,20.0,2023-03-21,1008,Tracy Mcdaniel
5031,101,Product A,Category 1,3,10.0,2023-07-29,1629,Alexander Ramirez
9304,102,Product B,Category 1,2,20.0,2023-02-11,1449,Joshua Reyes
9317,103,Product C,Category 2,5,30.0,2023-07-29,1533,Julie Richardson
8536,101,Product A,Category 1,8,10.0,2023-09-08,1312,Sharon Singleton
2205,102,Product B,Category 1,3,20.0,2023-04-07,1252,Melissa James
3359,103,Product C,Category 2,11,30.0,2023-04-15,1907,Whitney Carrillo
8584,102,Product B,Category 1,11,20.0,2023-12-22,1589,Brandi Hill
2092,102,Product B,Category 1,2,20.0,2023-12-30,1481,Matthew Camacho
7719,102,Product B,Category 1,14,20.0,2023-10-03,1180,Joshua Raymond
7913,102,Product B,Category 1,5,20.0,2023-07-14,1474,Michael Wallace
3223,102,Product B,Category 1,13,20.0,2023-08-31,1548,Jasmine Perez
3556,101,Product A,Category 1,13,10.0,2023-09-08,1148,Veronica Delgado
302,102,Product B,Category 1,7,20.0,2023-02-15,1198,Roberta Woods
9929,103,Product C,Category 2,5,30.0,2023-02-04,1975,Theresa Poole
4559,101,Product A,Category 1,7,10.0,2023-03-02,1523,Phillip Meyer
5401,101,Product A,Category 1,1,10.0,2023-01-16,1462,Amy Wang
571,103,Product C,Category 2,7,30.0,2023-10-30,1389,Michelle Lopez
8524,102,Product B,Category 1,4,20.0,2023-08-03,1351,Eileen Tucker
2983,101,Product A,Category 1,15,10.0,2023-09-26,1518,Luis Keller
5953,104,Product D,Category 2,12,40.0,2023-09-11,1773,Steven Mcdonald
3437,102,Product B,Category 1,15,20.0,2023-01-12,1968,Jeremiah Ramirez
1350,103,Product C,Category 2,2,30.0,2023-08-27,1522,Jack Medina
2844,102,Product B,Category 1,1,20.0,2023-07-24,1766,Scott Howard
5778,101,Product A,Category 1,15,10.0,2023-07-23,1733,Diana Hopkins
289,101,Product A,Category 1,6,10.0,2023-06-12,1117,Sonya Byrd
285,101,Product A,Category 1,3,10.0,2023-11-02,1189,Alyssa Delacruz
4533,103,Product C,Category 2,4,30.0,2023-04-12,1883,Nicole Barton
3185,101,Product A,Category 1,1,10.0,2023-11-19,1997,Kimberly Banks
7532,101,Product A,Category 1,9,10.0,2023-05-27,1033,Tammy Jones
1455,102,Product B,Category 1,3,20.0,2023-01-27,1450,Eric Oconnor
4823,101,Product A,Category 1,9,10.0,2023-09-03,1171,Craig Lyons
7064,102,Product B,Category 1,14,20.0,2023-12-24,1414,Amanda Wilson
12,102,Product B,Category 1,9,20.0,2023-11-05,1191,Gabriella Bennett
5906,101,Product A,Category 1,7,10.0,2023-12-15,1746,Samantha Taylor
5321,102,Product B,Category 1,4,20.0,2023-08-23,1758,Dr. Adam Hudson MD
6052,101,Product A,Category 1,1,10.0,2023-10-31,1986,Joseph Vance
5493,102,Product B,Category 1,9,20.0,2023-01-02,1970,Laura Fox
2730,102,Product B,Category 1,10,20.0,2023-10-13,1807,Ronald Gibson
6440,102,Product B,Category 1,8,20.0,2023-07-24,1914,Jennifer Davis
8553,104,Product D,Category 2,3,40.0,2023-07-29,1285,Zachary Smith
605,103,Product C,Category 2,11,30.0,2023-06-05,1700,Robert Barton
9960,101,Product A,Category 1,6,10.0,2023-02-04,1929,Matthew Scott
4929,101,Product A,Category 1,2,10.0,2023-03-28,1982,Christine Flores
7178,104,Product D,Category 2,12,40.0,2023-07-22,1486,Jonathan Rodriguez
3688,102,Product B,Category 1,7,20.0,2023-05-29,1215,Lisa Sanders
1351,103,Product C,Category 2,11,30.0,2023-04-18,1266,John Banks
5955,103,Product C,Category 2,4,30.0,2023-06-06,1661,Jamie Murphy
1557,101,Product A,Category 1,1,10.0,2023-11-07,1330,Lance Larsen
2944,101,Product A,Category 1,5,10.0,2023-07-07,1819,Michele Hamilton
4621,102,Product B,Category 1,6,20.0,2023-03-23,1377,Juan Murphy
4401,102,Product B,Category 1,8,20.0,2023-05-29,1626,Sally Wilson
9290,104,Product D,Category 2,11,40.0,2023-05-01,1897,Sean Galloway
8314,102,Product B,Category 1,5,20.0,2023-12-26,1271,Thomas Wu
88,101,Product A,Category 1,1,10.0,2023-01-30,1920,Shannon Maldonado
6019,103,Product C,Category 2,15,30.0,2023-08-19,1979,Joseph Phillips
6988,101,Product A,Category 1,2,10.0,2023-09-04,1519,Tiffany Johnson
2342,102,Product B,Category 1,1,20.0,2023-02-07,1193,Kendra Johns
2903,102,Product B,Category 1,6,20.0,2023-03-08,1030,Craig Smith
9557,103,Product C,Category 2,7,30.0,2023-09-03,1505,Melissa Myers
1266,102,Product B,Category 1,3,20.0,2023-07-10,1768,Thomas Cole
2707,102,Product B,Category 1,15,20.0,2023-12-06,1550,Robert Fox
7718,102,Product B,Category 1,4,20.0,2023-02-24,1960,Gary Rhodes
7823,104,Product D,Category 2,4,40.0,2023-03-11,1924,Paul Brown
938,103,Product C,Category 2,4,30.0,2023-02-19,1773,Steven Mcdonald
824,102,Product B,Category 1,4,20.0,2023-06-07,1718,George Cox
6200,101,Product A,Category 1,7,10.0,2023-12-17,1823,Nicole Galloway
773,101,Product A,Category 1,4,10.0,2023-09-03,1719,Michael Williams
3024,101,Product A,Category 1,14,10.0,2023-05-29,1105,Kelly Gross
3105,101,Product A,Category 1,2,10.0,2023-11-24,1507,Bryan Myers
4155,102,Product B,Category 1,2,20.0,2023-04-12,1459,Jacob White
2315,103,Product C,Category 2,14,30.0,2023-12-12,1326,Arthur King
1421,102,Product B,Category 1,4,20.0,2023-12-17,1538,Margaret Garcia
2237,102,Product B,Category 1,3,20.0,2023-03-23,1418,Gary Gonzales
6300,101,Product A,Category 1,10,10.0,2023-03-18,1757,Cynthia King
8369,103,Product C,Category 2,9,30.0,2023-01-30,1150,Terri Smith
2500,101,Product A,Category 1,15,10.0,2023-06-11,1012,Lee Randolph
6782,104,Product D,Category 2,14,40.0,2023-02-09,1447,Ashley Long
1224,104,Product D,Category 2,10,40.0,2023-10-28,1923,Jessica Martin
9207,102,Product B,Category 1,6,20.0,2023-07-10,1356,Chris Kelley
4263,103,Product C,Category 2,15,30.0,2023-06-09,1898,Henry Wright
7157,102,Product B,Category 1,5,20.0,2023-02-19,1962,Kaitlyn Douglas
39,101,Product A,Category 1,2,10.0,2023-01-05,1205,Joe Wright
1397,101,Product A,Category 1,6,10.0,2023-12-14,1679,Christie Smith
928,101,Product A,Category 1,11,10.0,2023-09-29,1644,Heather Leonard
5610,104,Product D,Category 2,11,40.0,2023-09-29,1163,Brian Hutchinson
109,103,Product C,Category 2,6,30.0,2023-07-28,1043,Danielle Bell
8989,101,Product A,Category 1,10,10.0,2023-04-29,1582,Nicole Davis
7321,102,Product B,Category 1,14,20.0,2023-07-27,1982,Christine Flores
6284,104,Product D,Category 2,11,40.0,2023-02-13,1836,Sarah Murphy
2212,102,Product B,Category 1,7,20.0,2023-08-02,1661,Jamie Murphy
3881,101,Product A,Category 1,10,10.0,2023-11-13,1516,Hannah Anderson
7968,102,Product B,Category 1,5,20.0,2023-02-09,1243,Patricia Sampson
48,104,Product D,Category 2,7,40.0,2023-08-20,1048,Jessica Smith
6244,102,Product B,Category 1,1,20.0,2023-02-01,1048,Jessica Smith
7738,101,Product A,Category 1,5,10.0,2023-09-09,1292,Jamie Pitts
7029,102,Product B,Category 1,3,20.0,2023-01-04,1283,Luis Leonard MD
3523,101,Product A,Category 1,1,10.0,2023-01-19,1387,Gregory Phelps
8997,102,Product B,Category 1,6,20.0,2023-02-01,1268,Katelyn Abbott
5922,102,Product B,Category 1,5,20.0,2023-12-14,1518,Luis Keller
777,103,Product C,Category 2,3,30.0,2023-10-22,1425,Gary Watkins
2981,102,Product B,Category 1,7,20.0,2023-05-20,1919,Erica Russell
6542,104,Product D,Category 2,15,40.0,2023-01-20,1250,Bruce Walsh
6388,101,Product A,Category 1,12,10.0,2023-08-10,1063,Dr. Donna Shelton
4834,102,Product B,Category 1,10,20.0,2023-03-24,1466,Alex Snow
9533,102,Product B,Category 1,7,20.0,2023-12-13,1232,Sonya Castillo
9383,102,Product B,Category 1,8,20.0,2023-08-24,1651,Natalie Moreno
2505,101,Product A,Category 1,12,10.0,2023-09-22,1417,Courtney Haley
1008,101,Product A,Category 1,8,10.0,2023-02-24,1333,Bryan Rodriguez
92,101,Product A,Category 1,11,10.0,2023-07-30,1668,Brian Bridges
2439,102,Product B,Category 1,4,20.0,2023-09-08,1877,Kelsey Bell
5934,101,Product A,Category 1,8,10.0,2023-06-10,1888,Fernando Williams
6556,104,Product D,Category 2,10,40.0,2023-08-29,1358,Jonathan Franco
8693,101,Product A,Category 1,9,10.0,2023-11-10,1442,Lori Rosales
7035,101,Product A,Category 1,13,10.0,2023-02-21,1518,Luis Keller
1149,104,Product D,Category 2,10,40.0,2023-01-13,1733,Diana Hopkins
6165,102,Product B,Category 1,11,20.0,2023-09-10,1558,Dr. Kristin Miller
8230,104,Product D,Category 2,4,40.0,2023-02-04,1280,Sarah Rivera
2045,103,Product C,Category 2,15,30.0,2023-01-13,1448,Mrs. Alisha Bowers
3924,103,Product C,Category 2,2,30.0,2023-02-03,1910,Savannah Ellison
709,101,Product A,Category 1,6,10.0,2023-12-29,1444,Zachary Young
6641,101,Product A,Category 1,10,10.0,2023-12-04,1976,Joshua Parker
142,101,Product A,Category 1,12,10.0,2023-11-18,1218,Ricardo Mills
625,102,Product B,Category 1,14,20.0,2023-06-26,1983,Pamela Griffin MD
3540,104,Product D,Category 2,9,40.0,2023-09-07,1897,Sean Galloway
7922,103,Product C,Category 2,4,30.0,2023-06-13,1302,Michelle Jones
2513,101,Product A,Category 1,15,10.0,2023-02-17,1741,Amy Sanchez
9705,101,Product A,Category 1,2,10.0,2023-12-22,1545,Bruce Martin
2849,101,Product A,Category 1,2,10.0,2023-04-07,1554,Robyn Trujillo
4730,101,Product A,Category 1,11,10.0,2023-03-28,1413,Patrick Chung
2765,102,Product B,Category 1,4,20.0,2023-05-04,1365,Samantha Wilson
3277,101,Product A,Category 1,1,10.0,2023-06-05,1469,Michael Jones
5480,103,Product C,Category 2,6,30.0,2023-03-28,1388,Gary Williams
8620,104,Product D,Category 2,8,40.0,2023-10-04,1473,Francisco Rodriguez
3224,101,Product A,Category 1,15,10.0,2023-06-01,1772,Eric White
5492,103,Product C,Category 2,11,30.0,2023-10-16,1581,Joe Beck
38,103,Product C,Category 2,7,30.0,2023-02-10,1011,Thomas Escobar
4052,102,Product B,Category 1,13,20.0,2023-05-11,1222,Justin Berry
8034,104,Product D,Category 2,11,40.0,2023-03-18,1880,Jody Cain
7673,101,Product A,Category 1,12,10.0,2023-05-24,1980,Micheal Murphy
4572,102,Product B,Category 1,11,20.0,2023-02-21,1135,Laura Wagner
3404,102,Product B,Category 1,13,20.0,2023-06-06,1665,Michele Sharp
4951,101,Product A,Category 1,9,10.0,2023-05-07,1757,Cynthia King
8616,101,Product A,Category 1,2,10.0,2023-06-28,1162,Annette Richardson
5057,104,Product D,Category 2,4,40.0,2023-02-11,1918,Mr. Wesley White
3498,101,Product A,Category 1,8,10.0,2023-08-18,1371,Jennifer Livingston
4756,102,Product B,Category 1,4,20.0,2023-06-02,1288,Hannah Stevens
4266,102,Product B,Category 1,2,20.0,2023-12-21,1791,Mrs. Wanda Mullins
4647,102,Product B,Category 1,2,20.0,2023-12-17,1706,Susan Adams
2612,103,Product C,Category 2,14,30.0,2023-09-16,1458,Marcus Lane
383,104,Product D,Category 2,12,40.0,2023-09-04,1960,Gary Rhodes
9036,103,Product C,Category 2,13,30.0,2023-04-17,1381,Courtney Hansen
7125,103,Product C,Category 2,2,30.0,2023-09-11,1129,Mary Ray
9719,101,Product A,Category 1,6,10.0,2023-05-11,1447,Ashley Long
2208,102,Product B,Category 1,6,20.0,2023-12-09,1953,Billy Wilson
9191,102,Product B,Category 1,4,20.0,2023-10-15,1060,Jennifer Carey
2166,104,Product D,Category 2,4,40.0,2023-02-13,1742,Michelle Hoover
1555,102,Product B,Category 1,2,20.0,2023-02-15,1672,Jennifer Lowe
2785,104,Product D,Category 2,4,40.0,2023-11-29,1976,Joshua Parker
1801,104,Product D,Category 2,11,40.0,2023-01-31,1585,Heidi Luna
3777,102,Product B,Category 1,12,20.0,2023-12-02,1775,William Camacho
3362,103,Product C,Category 2,7,30.0,2023-05-23,1174,Jacob Moore
7392,104,Product D,Category 2,4,40.0,2023-09-28,1033,Tammy Jones
2606,101,Product A,Category 1,8,10.0,2023-12-15,1844,Sarah Smith
1811,102,Product B,Category 1,3,20.0,2023-10-14,1733,Diana Hopkins
5959,104,Product D,Category 2,5,40.0,2023-03-15,1615,Meagan Hutchinson
8052,102,Product B,Category 1,14,20.0,2023-05-16,1996,Shelby Monroe
9258,101,Product A,Category 1,15,10.0,2023-04-11,1884,Donald Davis
4047,103,Product C,Category 2,12,30.0,2023-05-26,1219,Kathleen White
8255,101,Product A,Category 1,10,10.0,2023-02-06,1621,Samuel Johnston
1265,101,Product A,Category 1,9,10.0,2023-03-30,1286,Kevin Hebert
7852,102,Product B,Category 1,5,20.0,2023-12-30,1621,Samuel Johnston
9241,104,Product D,Category 2,9,40.0,2023-10-28,1356,Chris Kelley
2512,104,Product D,Category 2,14,40.0,2023-05-20,1074,Charles Brown
4046,103,Product C,Category 2,2,30.0,2023-08-16,1315,Alejandro Davis
9471,102,Product B,Category 1,5,20.0,2023-03-24,1084,Andrea Hayes
8482,102,Product B,Category 1,6,20.0,2023-08-01,1636,Jeffery Warner
4567,104,Product D,Category 2,5,40.0,2023-06-11,1301,Matthew Riley
1818,102,Product B,Category 1,14,20.0,2023-01-21,1930,Renee Guzman
7406,102,Product B,Category 1,13,20.0,2023-04-14,1454,Christopher Nash
3500,103,Product C,Category 2,12,30.0,2023-07-07,1910,Savannah Ellison
3412,101,Product A,Category 1,6,10.0,2023-09-14,1881,Alicia Parrish
8969,102,Product B,Category 1,2,20.0,2023-08-30,1935,John Hall
8707,104,Product D,Category 2,13,40.0,2023-09-01,1290,Angela Hanson
6273,101,Product A,Category 1,9,10.0,2023-05-27,1066,Tyler Deleon
607,103,Product C,Category 2,2,30.0,2023-05-31,1226,Tracy Moore
4223,101,Product A,Category 1,15,10.0,2023-07-14,1330,Lance Larsen
7565,104,Product D,Category 2,13,40.0,2023-01-16,1599,Sean Carter
7689,102,Product B,Category 1,15,20.0,2023-02-13,1377,Juan Murphy
2189,103,Product C,Category 2,3,30.0,2023-03-24,1931,William Carson
2364,103,Product C,Category 2,5,30.0,2023-03-11,1245,Michelle Hampton
3263,103,Product C,Category 2,7,30.0,2023-08-31,1464,Mercedes Allen
4311,103,Product C,Category 2,3,30.0,2023-01-14,1567,Yvonne Banks
9243,103,Product C,Category 2,12,30.0,2023-03-24,1266,John Banks
1514,103,Product C,Category 2,9,30.0,2023-01-09,1225,Dustin Bird
4075,102,Product B,Category 1,13,20.0,2023-08-26,1701,Jennifer Hernandez
1899,104,Product D,Category 2,2,40.0,2023-08-28,1238,Laura Walker
1987,102,Product B,Category 1,11,20.0,2023-11-28,1971,Mark Mccann
7596,101,Product A,Category 1,5,10.0,2023-04-10,1198,Roberta Woods
4636,101,Product A,Category 1,6,10.0,2023-03-14,1215,Lisa Sanders
7998,101,Product A,Category 1,9,10.0,2023-06-26,1661,Jamie Murphy
6909,104,Product D,Category 2,1,40.0,2023-08-01,1018,Jill Schwartz
5374,103,Product C,Category 2,1,30.0,2023-09-11,1481,Matthew Camacho
8711,101,Product A,Category 1,14,10.0,2023-04-21,1826,Juan Weaver
7973,102,Product B,Category 1,2,20.0,2023-07-30,1356,Chris Kelley
3150,102,Product B,Category 1,6,20.0,2023-01-25,1279,Monique Orr
7715,102,Product B,Category 1,2,20.0,2023-03-28,1463,Tiffany Luna
3393,102,Product B,Category 1,10,20.0,2023-04-03,1641,Tanya Daugherty
3849,102,Product B,Category 1,1,20.0,2023-10-09,1872,David Krueger
7449,103,Product C,Category 2,12,30.0,2023-12-10,1056,Mark Rangel
529,102,Product B,Category 1,13,20.0,2023-08-01,1206,Sheila Perez
6181,103,Product C,Category 2,11,30.0,2023-04-24,1339,Mary Mccoy MD
2296,104,Product D,Category 2,7,40.0,2023-12-07,1975,Theresa Poole
7937,102,Product B,Category 1,8,20.0,2023-06-23,1375,Grace Lopez
2766,104,Product D,Category 2,5,40.0,2023-07-15,1678,Kristen Jennings
5946,104,Product D,Category 2,7,40.0,2023-09-23,1146,Laura Ramos
3180,104,Product D,Category 2,9,40.0,2023-09-22,1563,Lori Wall
7437,102,Product B,Category 1,5,20.0,2023-01-06,1293,Andrea Vega
8315,101,Product A,Category 1,10,10.0,2023-03-04,1832,Phyllis Garcia
6454,102,Product B,Category 1,12,20.0,2023-06-25,1876,Dustin Fletcher
2564,104,Product D,Category 2,15,40.0,2023-11-08,1434,Scott Johnston
3922,103,Product C,Category 2,11,30.0,2023-07-02,1762,Stephen Douglas
4832,102,Product B,Category 1,9,20.0,2023-01-09,1862,William Carroll
4408,102,Product B,Category 1,8,20.0,2023-05-09,1979,Joseph Phillips
7493,103,Product C,Category 2,8,30.0,2023-06-23,1491,Michael Kaufman
6966,101,Product A,Category 1,10,10.0,2023-09-03,1960,Gary Rhodes
3265,104,Product D,Category 2,11,40.0,2023-12-28,1717,Ricardo Kim
8722,101,Product A,Category 1,7,10.0,2023-10-08,1848,Amber Campbell
954,101,Product A,Category 1,1,10.0,2023-05-06,1382,Dr. Martha Martin
5910,101,Product A,Category 1,13,10.0,2023-06-18,1829,Jill Nunez
1242,104,Product D,Category 2,9,40.0,2023-01-20,1901,Tammy Kennedy
4570,104,Product D,Category 2,2,40.0,2023-01-19,1989,Jason Smith
2842,101,Product A,Category 1,2,10.0,2023-08-28,1960,Gary Rhodes
9286,104,Product D,Category 2,7,40.0,2023-08-01,1895,Miranda Taylor
897,104,Product D,Category 2,10,40.0,2023-07-12,1247,Cory Allen
9775,102,Product B,Category 1,15,20.0,2023-02-12,1038,Isaac Sexton
1930,101,Product A,Category 1,10,10.0,2023-10-28,1077,Dana Evans
7450,101,Product A,Category 1,1,10.0,2023-11-17,1871,Brent Garcia
4768,101,Product A,Category 1,13,10.0,2023-03-19,1778,Jennifer Rodriguez
2239,101,Product A,Category 1,9,10.0,2023-10-14,1450,Eric Oconnor
9433,102,Product B,Category 1,14,20.0,2023-11-08,1518,Luis Keller
6557,103,Product C,Category 2,15,30.0,2023-05-28,1551,Robin Russo
7675,101,Product A,Category 1,6,10.0,2023-02-01,1200,Alex Williamson
168,101,Product A,Category 1,3,10.0,2023-09-22,1541,Bianca Sutton
4183,102,Product B,Category 1,10,20.0,2023-05-03,1469,Michael Jones
7038,101,Product A,Category 1,9,10.0,2023-02-11,1607,Brendan Smith
9493,103,Product C,Category 2,14,30.0,2023-05-24,1062,Matthew Donovan
940,101,Product A,Category 1,8,10.0,2023-11-17,1743,Roy Ryan
4971,101,Product A,Category 1,11,10.0,2023-12-29,1896,Margaret Odonnell
6644,104,Product D,Category 2,6,40.0,2023-02-02,1811,Ryan Webb
2926,101,Product A,Category 1,2,10.0,2023-04-30,1209,Joseph Baker
1914,101,Product A,Category 1,3,10.0,2023-08-01,1235,Mario Leblanc
6821,103,Product C,Category 2,12,30.0,2023-01-06,1183,Samuel Cook
7711,103,Product C,Category 2,1,30.0,2023-07-12,1398,Katherine Parker
722,102,Product B,Category 1,15,20.0,2023-04-29,1157,Christine Chase
9138,102,Product B,Category 1,2,20.0,2023-04-17,1352,Monica Liu
4722,102,Product B,Category 1,2,20.0,2023-03-07,1646,Tyler Nunez
802,102,Product B,Category 1,5,20.0,2023-02-09,1006,Douglas Willis
9536,102,Product B,Category 1,11,20.0,2023-10-19,1244,Nathan Leonard
9069,102,Product B,Category 1,1,20.0,2023-01-05,1525,Alexandra Young
4358,103,Product C,Category 2,4,30.0,2023-10-01,1727,Christopher Herrera
9043,101,Product A,Category 1,11,10.0,2023-05-31,1305,Jennifer Gordon
8471,102,Product B,Category 1,10,20.0,2023-07-07,1303,Ashley Lopez
8327,101,Product A,Category 1,13,10.0,2023-12-03,1938,Mark Carlson
9608,102,Product B,Category 1,14,20.0,2023-02-16,1832,Phyllis Garcia
7971,101,Product A,Category 1,6,10.0,2023-03-12,1578,Robert Green
5422,104,Product D,Category 2,2,40.0,2023-04-07,1523,Phillip Meyer
2146,101,Product A,Category 1,5,10.0,2023-12-29,1179,Michael Sexton
7274,102,Product B,Category 1,5,20.0,2023-12-23,1826,Juan Weaver
5542,101,Product A,Category 1,10,10.0,2023-02-14,1324,Tammy Clark
226,101,Product A,Category 1,8,10.0,2023-11-27,1432,Shelley Bullock
5082,102,Product B,Category 1,14,20.0,2023-06-08,1742,Michelle Hoover
9699,103,Product C,Category 2,9,30.0,2023-01-05,1554,Robyn Trujillo
2556,101,Product A,Category 1,9,10.0,2023-11-27,1669,Tyrone Allen
5010,101,Product A,Category 1,13,10.0,2023-01-21,1096,Jaime Young
1179,101,Product A,Category 1,10,10.0,2023-07-05,1312,Sharon Singleton
4235,103,Product C,Category 2,4,30.0,2023-12-02,1201,Matthew Mcdonald
1668,102,Product B,Category 1,2,20.0,2023-04-18,1338,Anthony Patton
2176,101,Product A,Category 1,9,10.0,2023-09-10,1220,Julie Kim
2979,102,Product B,Category 1,11,20.0,2023-05-23,1943,Jason Ortiz
6654,101,Product A,Category 1,15,10.0,2023-06-16,1966,James Thomas
1107,104,Product D,Category 2,2,40.0,2023-12-05,1934,Lorraine Deleon
8514,101,Product A,Category 1,4,10.0,2023-03-15,1845,Jennifer Rosales
1444,102,Product B,Category 1,3,20.0,2023-09-21,1964,Christopher Gonzales
4719,101,Product A,Category 1,10,10.0,2023-07-28,1130,Tracy Martinez
9828,102,Product B,Category 1,6,20.0,2023-05-06,1765,David Fields
9182,101,Product A,Category 1,14,10.0,2023-01-07,1587,Andrew Mayer
3569,101,Product A,Category 1,3,10.0,2023-12-01,1196,Steven Simon
4881,103,Product C,Category 2,9,30.0,2023-08-26,1611,Matthew Lucas
8296,102,Product B,Category 1,11,20.0,2023-05-19,1344,Katherine Diaz
3743,101,Product A,Category 1,8,10.0,2023-07-22,1274,Morgan Mcdonald
7338,103,Product C,Category 2,15,30.0,2023-12-13,1687,Ryan Archer
6236,102,Product B,Category 1,13,20.0,2023-06-03,1123,David Mccoy
6232,102,Product B,Category 1,1,20.0,2023-10-09,1204,Keith Knight
1214,101,Product A,Category 1,7,10.0,2023-09-17,1003,Katrina White
5006,101,Product A,Category 1,8,10.0,2023-09-04,1150,Terri Smith
24,102,Product B,Category 1,8,20.0,2023-05-22,1122,Kristopher Lee
9631,102,Product B,Category 1,5,20.0,2023-08-20,1216,Mason Hopkins
2060,102,Product B,Category 1,15,20.0,2023-10-14,1372,Ashley Campbell
4992,103,Product C,Category 2,1,30.0,2023-04-28,1644,Heather Leonard
8821,104,Product D,Category 2,12,40.0,2023-10-01,1554,Robyn Trujillo
6857,104,Product D,Category 2,5,40.0,2023-07-17,1697,Michelle Mendoza
6627,101,Product A,Category 1,15,10.0,2023-01-23,1925,Brenda Smith
4260,102,Product B,Category 1,9,20.0,2023-06-29,1879,Timothy Randall
7315,104,Product D,Category 2,6,40.0,2023-10-01,1042,Jessica Gibson
3227,104,Product D,Category 2,1,40.0,2023-01-01,1683,Robert Bryant
1627,101,Product A,Category 1,5,10.0,2023-07-27,1917,Robert Rivera
1457,102,Product B,Category 1,2,20.0,2023-03-27,1858,James Smith
1011,102,Product B,Category 1,8,20.0,2023-07-04,1205,Joe Wright
8244,104,Product D,Category 2,15,40.0,2023-05-07,1516,Hannah Anderson
8628,104,Product D,Category 2,4,40.0,2023-09-30,1190,Dr. Debra Thomas
9,101,Product A,Category 1,3,10.0,2023-04-11,1785,Matthew Martinez
9067,101,Product A,Category 1,12,10.0,2023-05-18,1446,Suzanne Flores MD
402,102,Product B,Category 1,15,20.0,2023-03-26,1424,Justin Snyder
4851,101,Product A,Category 1,3,10.0,2023-08-06,1861,Matthew Orr
9336,101,Product A,Category 1,9,10.0,2023-04-03,1560,Jared Bennett
3690,101,Product A,Category 1,3,10.0,2023-11-14,1687,Ryan Archer
3143,104,Product D,Category 2,13,40.0,2023-09-30,1117,Sonya Byrd
9703,102,Product B,Category 1,14,20.0,2023-12-21,1656,Jeffery Larson
4407,101,Product A,Category 1,6,10.0,2023-01-25,1807,Ronald Gibson
8889,102,Product B,Category 1,15,20.0,2023-02-21,1005,Jesse Gonzalez
5764,102,Product B,Category 1,11,20.0,2023-05-15,1638,Kyle Gibson
1596,102,Product B,Category 1,7,20.0,2023-12-03,1577,Christopher Hampton
5283,104,Product D,Category 2,7,40.0,2023-03-01,1710,Nicole Caldwell
3071,102,Product B,Category 1,9,20.0,2023-01-12,1050,Michael Fisher
7242,103,Product C,Category 2,15,30.0,2023-04-19,1543,Patrick Williams
7451,102,Product B,Category 1,3,20.0,2023-07-12,1877,Kelsey Bell
3875,104,Product D,Category 2,9,40.0,2023-06-29,1672,Jennifer Lowe
5165,101,Product A,Category 1,14,10.0,2023-04-30,1093,Lisa Hester
2138,102,Product B,Category 1,8,20.0,2023-06-28,1059,Jessica Jackson
2336,103,Product C,Category 2,14,30.0,2023-04-18,1974,Mr. Travis Martin MD
801,104,Product D,Category 2,14,40.0,2023-04-03,1679,Christie Smith
4955,101,Product A,Category 1,15,10.0,2023-05-19,1700,Robert Barton
6696,103,Product C,Category 2,5,30.0,2023-06-26,1567,Yvonne Banks
9482,103,Product C,Category 2,3,30.0,2023-03-07,1885,Dustin Anderson
4884,103,Product C,Category 2,8,30.0,2023-04-07,1988,Elizabeth Hernandez
4790,103,Product C,Category 2,15,30.0,2023-08-05,1914,Jennifer Davis
3381,104,Product D,Category 2,9,40.0,2023-11-06,1305,Jennifer Gordon
6351,101,Product A,Category 1,2,10.0,2023-02-13,1978,James Boyer
5402,104,Product D,Category 2,14,40.0,2023-06-27,1204,Keith Knight
7780,103,Product C,Category 2,7,30.0,2023-10-20,1603,Wayne Shaw
6136,102,Product B,Category 1,2,20.0,2023-08-13,1373,Melissa Johnson
2210,103,Product C,Category 2,5,30.0,2023-08-28,1237,Jorge Fisher
6090,102,Product B,Category 1,1,20.0,2023-03-28,1005,Jesse Gonzalez
6736,101,Product A,Category 1,3,10.0,2023-04-17,1011,Thomas Escobar
3579,102,Product B,Category 1,11,20.0,2023-10-29,1515,Jorge Valdez
8546,102,Product B,Category 1,2,20.0,2023-07-20,1972,Jason Vasquez
754,102,Product B,Category 1,6,20.0,2023-05-11,1011,Thomas Escobar
9952,102,Product B,Category 1,3,20.0,2023-12-30,1322,Janet Estrada
2965,102,Product B,Category 1,5,20.0,2023-07-27,1822,Patricia Ramos
9224,104,Product D,Category 2,7,40.0,2023-07-23,1204,Keith Knight
8162,101,Product A,Category 1,4,10.0,2023-04-19,1901,Tammy Kennedy
5341,102,Product B,Category 1,12,20.0,2023-06-05,1279,Monique Orr
8186,101,Product A,Category 1,6,10.0,2023-11-04,1867,Aaron Stone
2804,101,Product A,Category 1,10,10.0,2023-04-03,1301,Matthew Riley
8898,102,Product B,Category 1,15,20.0,2023-03-16,1475,Andrea Vaughn
7328,102,Product B,Category 1,9,20.0,2023-01-29,1811,Ryan Webb
8800,101,Product A,Category 1,6,10.0,2023-03-09,1285,Zachary Smith
9531,102,Product B,Category 1,1,20.0,2023-01-23,1721,Jordan Curtis
5601,101,Product A,Category 1,5,10.0,2023-05-30,1076,Mike Barnett
8942,102,Product B,Category 1,10,20.0,2023-12-22,1133,Zachary Moore
7666,101,Product A,Category 1,7,10.0,2023-09-06,1908,Tony Stephens
2326,104,Product D,Category 2,3,40.0,2023-07-21,1999,Diane Steele
2913,102,Product B,Category 1,9,20.0,2023-04-25,1833,Benjamin Ellis
7915,101,Product A,Category 1,11,10.0,2023-01-20,1674,Adam Bullock
6672,101,Product A,Category 1,6,10.0,2023-05-27,1510,Christopher Wright
2482,101,Product A,Category 1,12,10.0,2023-03-05,1323,Debra Hernandez
9651,101,Product A,Category 1,6,10.0,2023-11-07,1245,Michelle Hampton
2851,102,Product B,Category 1,8,20.0,2023-10-03,1654,Suzanne Johnson
4412,102,Product B,Category 1,11,20.0,2023-12-15,1687,Ryan Archer
8270,101,Product A,Category 1,12,10.0,2023-03-06,1529,Lucas Rogers
6260,101,Product A,Category 1,1,10.0,2023-11-09,1114,Daniel Reed
9469,104,Product D,Category 2,4,40.0,2023-06-12,1744,Bruce Murray
9447,101,Product A,Category 1,11,10.0,2023-01-18,1114,Daniel Reed
9538,102,Product B,Category 1,11,20.0,2023-05-10,1309,Paula Cook
3406,102,Product B,Category 1,6,20.0,2023-04-06,1083,Melanie Schultz
4247,103,Product C,Category 2,3,30.0,2023-07-10,1107,Thomas Noble
3515,104,Product D,Category 2,10,40.0,2023-09-25,1415,Linda Jones
8257,102,Product B,Category 1,12,20.0,2023-10-07,1845,Jennifer Rosales
7683,104,Product D,Category 2,4,40.0,2023-10-25,1285,Zachary Smith
7249,101,Product A,Category 1,9,10.0,2023-09-25,1018,Jill Schwartz
3854,101,Product A,Category 1,6,10.0,2023-03-29,1792,Kelly Kelley
311,101,Product A,Category 1,7,10.0,2023-12-29,1829,Jill Nunez
6688,101,Product A,Category 1,7,10.0,2023-02-24,1188,Adrienne Weaver
2880,102,Product B,Category 1,7,20.0,2023-07-24,1859,Danielle Robinson
9426,101,Product A,Category 1,13,10.0,2023-08-27,1246,Jerry Stephens
6371,104,Product D,Category 2,5,40.0,2023-12-11,1738,Sabrina Soto
2280,104,Product D,Category 2,6,40.0,2023-09-16,1234,Denise Martinez
5400,101,Product A,Category 1,15,10.0,2023-11-10,1627,Daniel Lopez
1018,103,Product C,Category 2,3,30.0,2023-05-02,1539,Charles Dixon
6995,102,Product B,Category 1,9,20.0,2023-09-01,1217,Jessica Harper
6663,103,Product C,Category 2,2,30.0,2023-12-03,1595,Belinda Santos
7832,102,Product B,Category 1,3,20.0,2023-02-27,1075,Erin Ortiz MD
7696,104,Product D,Category 2,10,40.0,2023-10-18,1324,Tammy Clark
4024,101,Product A,Category 1,8,10.0,2023-09-02,1665,Michele Sharp
7751,101,Product A,Category 1,5,10.0,2023-05-05,1944,Jeremy Novak
2562,104,Product D,Category 2,14,40.0,2023-02-16,1931,William Carson
2684,102,Product B,Category 1,14,20.0,2023-12-16,1752,Tammy Parrish
477,102,Product B,Category 1,9,20.0,2023-03-19,1388,Gary Williams
7522,101,Product A,Category 1,4,10.0,2023-03-15,1684,Ronald Hamilton
3210,103,Product C,Category 2,10,30.0,2023-06-13,1521,Jonathan Jackson
9302,103,Product C,Category 2,5,30.0,2023-01-23,1407,Jennifer Brock
76,103,Product C,Category 2,14,30.0,2023-06-09,1490,Robert Bishop
9413,102,Product B,Category 1,12,20.0,2023-12-29,1717,Ricardo Kim
3340,102,Product B,Category 1,15,20.0,2023-01-27,1628,Diana Burns
7893,104,Product D,Category 2,11,40.0,2023-08-17,1717,Ricardo Kim
4742,101,Product A,Category 1,15,10.0,2023-06-14,1288,Hannah Stevens
3596,103,Product C,Category 2,1,30.0,2023-06-26,1720,Laura Smith
3990,101,Product A,Category 1,7,10.0,2023-07-15,1267,Jordan Johnson
2740,104,Product D,Category 2,11,40.0,2023-02-15,1180,Joshua Raymond
8873,101,Product A,Category 1,12,10.0,2023-07-18,1564,Brooke Howard
7405,101,Product A,Category 1,13,10.0,2023-06-14,1330,Lance Larsen
6893,103,Product C,Category 2,1,30.0,2023-08-10,1542,Christy Lynch
8957,101,Product A,Category 1,6,10.0,2023-08-04,1415,Linda Jones
1303,104,Product D,Category 2,8,40.0,2023-08-13,1434,Scott Johnston
9779,101,Product A,Category 1,14,10.0,2023-11-29,1580,Cory Ross
803,101,Product A,Category 1,1,10.0,2023-11-29,1937,Cody Miles
3394,104,Product D,Category 2,2,40.0,2023-04-20,1625,Timothy Marshall
8424,102,Product B,Category 1,9,20.0,2023-10-22,1466,Alex Snow
8323,102,Product B,Category 1,11,20.0,2023-05-24,1554,Robyn Trujillo
9256,101,Product A,Category 1,2,10.0,2023-04-29,1625,Timothy Marshall
2478,103,Product C,Category 2,14,30.0,2023-08-30,1686,Anthony Perez
9910,102,Product B,Category 1,11,20.0,2023-12-03,1006,Douglas Willis
7643,104,Product D,Category 2,6,40.0,2023-10-26,1826,Juan Weaver
1649,101,Product A,Category 1,13,10.0,2023-03-26,1527,Brandon Howell
4796,102,Product B,Category 1,5,20.0,2023-10-11,1913,Diane Adams
2615,103,Product C,Category 2,7,30.0,2023-01-22,1484,Jeffrey Bennett
837,103,Product C,Category 2,13,30.0,2023-09-09,1883,Nicole Barton
4328,104,Product D,Category 2,14,40.0,2023-07-16,1797,Todd Black
1766,104,Product D,Category 2,6,40.0,2023-01-18,1163,Brian Hutchinson
1034,102,Product B,Category 1,13,20.0,2023-02-03,1916,Scott Mathews
2641,101,Product A,Category 1,9,10.0,2023-02-05,1131,Kurt Reed
3820,103,Product C,Category 2,2,30.0,2023-08-14,1120,Dennis Green
992,101,Product A,Category 1,3,10.0,2023-07-04,1392,Kelly Johnson
4254,104,Product D,Category 2,3,40.0,2023-09-21,1059,Jessica Jackson
9086,104,Product D,Category 2,6,40.0,2023-04-03,1141,Brenda Gonzalez
43,101,Product A,Category 1,1,10.0,2023-11-10,1849,Bryan Cole
7951,103,Product C,Category 2,3,30.0,2023-05-29,1443,Shannon Garcia
648,102,Product B,Category 1,8,20.0,2023-04-06,1577,Christopher Hampton
291,103,Product C,Category 2,14,30.0,2023-12-30,1042,Jessica Gibson
2026,101,Product A,Category 1,3,10.0,2023-10-24,1548,Jasmine Perez
3438,103,Product C,Category 2,12,30.0,2023-08-08,1570,Andre Patel
6814,103,Product C,Category 2,4,30.0,2023-10-27,1055,Jennifer Giles
7851,101,Product A,Category 1,11,10.0,2023-03-29,1319,Jennifer Clark
3420,102,Product B,Category 1,5,20.0,2023-04-26,1694,Kyle Tapia
9446,101,Product A,Category 1,5,10.0,2023-11-30,1873,April Jacobs
6538,101,Product A,Category 1,8,10.0,2023-11-08,1825,Andrew Sweeney
1832,102,Product B,Category 1,5,20.0,2023-09-11,1802,Sarah Moses
2602,101,Product A,Category 1,8,10.0,2023-11-27,1570,Andre Patel
2487,101,Product A,Category 1,1,10.0,2023-07-10,1145,James Bauer
1459,101,Product A,Category 1,4,10.0,2023-08-23,1487,Allen Montes
3729,104,Product D,Category 2,3,40.0,2023-05-05,1612,Cindy Miller
6123,101,Product A,Category 1,15,10.0,2023-09-26,1392,Kelly Johnson
6397,101,Product A,Category 1,5,10.0,2023-08-14,1161,Douglas Ortega
538,102,Product B,Category 1,15,20.0,2023-03-22,1021,Thomas Buckley
7027,101,Product A,Category 1,10,10.0,2023-06-17,1883,Nicole Barton
6936,102,Product B,Category 1,8,20.0,2023-08-26,1527,Brandon Howell
9556,104,Product D,Category 2,2,40.0,2023-02-12,1478,Beth Jackson
436,101,Product A,Category 1,12,10.0,2023-06-22,1484,Jeffrey Bennett
3769,101,Product A,Category 1,3,10.0,2023-12-26,1202,Joseph Stevens
1058,102,Product B,Category 1,9,20.0,2023-08-09,1088,Anthony Nelson
5030,103,Product C,Category 2,8,30.0,2023-08-13,1036,Elijah Parks
5484,101,Product A,Category 1,9,10.0,2023-07-12,1439,Samantha Fields
3496,104,Product D,Category 2,3,40.0,2023-06-11,1677,Jay Jarvis
3524,101,Product A,Category 1,8,10.0,2023-11-06,1954,Samantha Moore
810,101,Product A,Category 1,10,10.0,2023-05-30,1550,Robert Fox
4082,104,Product D,Category 2,10,40.0,2023-01-16,1674,Adam Bullock
3200,102,Product B,Category 1,5,20.0,2023-08-15,1445,Rebecca Martinez
994,102,Product B,Category 1,9,20.0,2023-09-25,1005,Jesse Gonzalez
4214,101,Product A,Category 1,12,10.0,2023-02-20,1069,James Bell
1040,104,Product D,Category 2,1,40.0,2023-04-08,1551,Robin Russo
3144,101,Product A,Category 1,3,10.0,2023-02-04,1188,Adrienne Weaver
239,102,Product B,Category 1,6,20.0,2023-12-21,1466,Alex Snow
2968,102,Product B,Category 1,3,20.0,2023-06-17,1647,Ronald Murphy
6525,104,Product D,Category 2,3,40.0,2023-12-25,1979,Joseph Phillips
7802,101,Product A,Category 1,4,10.0,2023-12-25,1760,Elizabeth Wright
454,103,Product C,Category 2,15,30.0,2023-02-11,1220,Julie Kim
9055,101,Product A,Category 1,11,10.0,2023-12-24,1080,Joshua Becker
278,104,Product D,Category 2,2,40.0,2023-06-12,1363,Sylvia Williams
3218,104,Product D,Category 2,1,40.0,2023-09-27,1938,Mark Carlson
6517,102,Product B,Category 1,11,20.0,2023-05-24,1307,Michael Munoz
7179,102,Product B,Category 1,14,20.0,2023-02-14,1591,Jennifer Ford
1551,101,Product A,Category 1,11,10.0,2023-04-21,1342,Benjamin Sutton
1652,104,Product D,Category 2,3,40.0,2023-06-06,1399,Eric Smith
6008,102,Product B,Category 1,4,20.0,2023-05-08,1973,Vincent Beck
2797,101,Product A,Category 1,15,10.0,2023-12-16,1191,Gabriella Bennett
2320,102,Product B,Category 1,11,20.0,2023-01-07,1251,Christina Clark
4786,102,Product B,Category 1,1,20.0,2023-09-23,1808,Abigail Williams
9053,101,Product A,Category 1,12,10.0,2023-03-31,1938,Mark Carlson
6047,103,Product C,Category 2,11,30.0,2023-01-18,1805,Joshua Lozano
6928,104,Product D,Category 2,13,40.0,2023-03-30,1569,Timothy Perkins
365,101,Product A,Category 1,15,10.0,2023-02-16,1578,Robert Green
4343,101,Product A,Category 1,15,10.0,2023-07-05,1236,William Jones
4937,102,Product B,Category 1,5,20.0,2023-01-14,1172,Sara Smith
2436,103,Product C,Category 2,6,30.0,2023-06-10,1912,Joann Brown
3609,104,Product D,Category 2,10,40.0,2023-07-15,1196,Steven Simon
4495,104,Product D,Category 2,3,40.0,2023-10-31,1946,David Ashley
2548,101,Product A,Category 1,6,10.0,2023-04-28,1229,Andrew Franklin
7876,101,Product A,Category 1,14,10.0,2023-08-17,1186,Dr. Tammy Walker
4889,103,Product C,Category 2,6,30.0,2023-10-27,1337,James Bryant
7195,104,Product D,Category 2,13,40.0,2023-04-22,1227,Erin Barrera
9189,102,Product B,Category 1,8,20.0,2023-10-07,1766,Scott Howard
6530,101,Product A,Category 1,14,10.0,2023-12-27,1137,Joshua Hull
5855,104,Product D,Category 2,12,40.0,2023-05-01,1027,Destiny Moreno
3513,102,Product B,Category 1,7,20.0,2023-11-30,1074,Charles Brown
1139,101,Product A,Category 1,13,10.0,2023-12-23,1035,Robert Rodriguez
960,101,Product A,Category 1,4,10.0,2023-01-07,1636,Jeffery Warner
933,103,Product C,Category 2,9,30.0,2023-08-07,1939,Donna Ayala
5599,102,Product B,Category 1,10,20.0,2023-08-09,1613,Philip Bowen
5486,103,Product C,Category 2,8,30.0,2023-10-13,1044,Jasmine Huynh
4515,101,Product A,Category 1,11,10.0,2023-04-18,1488,Connor Schultz
3495,101,Product A,Category 1,9,10.0,2023-09-05,1348,Wendy Small
2083,101,Product A,Category 1,8,10.0,2023-08-08,1626,Sally Wilson
7212,102,Product B,Category 1,12,20.0,2023-04-18,1180,Joshua Raymond
3444,102,Product B,Category 1,1,20.0,2023-03-24,1303,Ashley Lopez
4069,101,Product A,Category 1,8,10.0,2023-12-29,1800,James Peterson
732,103,Product C,Category 2,5,30.0,2023-08-23,1383,David Nielsen
3173,104,Product D,Category 2,3,40.0,2023-10-27,1695,Melissa Rodriguez
7867,102,Product B,Category 1,9,20.0,2023-09-29,1200,Alex Williamson
6531,103,Product C,Category 2,8,30.0,2023-01-22,1715,James Daniels
8824,101,Product A,Category 1,9,10.0,2023-08-03,1425,Gary Watkins
451,104,Product D,Category 2,14,40.0,2023-02-19,1624,Yvette Jackson
9771,103,Product C,Category 2,13,30.0,2023-01-16,1890,Francisco Carlson
9945,104,Product D,Category 2,13,40.0,2023-09-10,1792,Kelly Kelley
9483,104,Product D,Category 2,6,40.0,2023-12-10,1745,Christy Bradford
4374,103,Product C,Category 2,11,30.0,2023-02-15,1686,Anthony Perez
9949,103,Product C,Category 2,12,30.0,2023-05-14,1478,Beth Jackson
5150,102,Product B,Category 1,9,20.0,2023-10-11,1689,Nicholas Dalton
7706,101,Product A,Category 1,11,10.0,2023-08-06,1138,Ashley Moore
8832,104,Product D,Category 2,5,40.0,2023-05-08,1984,Lisa Martinez
2978,102,Product B,Category 1,1,20.0,2023-03-28,1786,Linda Salinas
6785,104,Product D,Category 2,14,40.0,2023-10-19,1688,Robert Mclaughlin
9400,101,Product A,Category 1,6,10.0,2023-08-04,1728,Kimberly Green
2584,103,Product C,Category 2,13,30.0,2023-06-27,1460,Kelly Haynes
9905,101,Product A,Category 1,5,10.0,2023-01-29,1856,Patricia Green
4335,101,Product A,Category 1,8,10.0,2023-08-02,1719,Michael Williams
586,101,Product A,Category 1,3,10.0,2023-10-17,1647,Ronald Murphy
2902,101,Product A,Category 1,1,10.0,2023-02-08,1182,Zachary Ward
5391,102,Product B,Category 1,12,20.0,2023-05-22,1674,Adam Bullock
7811,103,Product C,Category 2,4,30.0,2023-10-24,1939,Donna Ayala
2841,103,Product C,Category 2,3,30.0,2023-07-27,1099,Karl Smith
484,101,Product A,Category 1,8,10.0,2023-12-09,1795,Devin Beck
9675,101,Product A,Category 1,11,10.0,2023-07-05,1519,Tiffany Johnson
3046,101,Product A,Category 1,6,10.0,2023-06-22,1960,Gary Rhodes
3542,104,Product D,Category 2,5,40.0,2023-08-27,1006,Douglas Willis
8726,101,Product A,Category 1,12,10.0,2023-10-28,1873,April Jacobs
407,103,Product C,Category 2,15,30.0,2023-11-05,1763,Shawn Graham
8975,101,Product A,Category 1,10,10.0,2023-05-18,1264,Kathleen Jones
6651,103,Product C,Category 2,15,30.0,2023-12-11,1003,Katrina White
4524,101,Product A,Category 1,7,10.0,2023-03-03,1065,Dr. Amber Flores
4059,101,Product A,Category 1,3,10.0,2023-10-26,1307,Michael Munoz
8696,101,Product A,Category 1,8,10.0,2023-08-13,1068,Tina Thompson
7264,101,Product A,Category 1,7,10.0,2023-06-07,1412,Michele Myers MD
5095,101,Product A,Category 1,10,10.0,2023-04-20,1903,Caleb Brooks
9235,104,Product D,Category 2,10,40.0,2023-05-29,1755,Jessica Craig
7497,102,Product B,Category 1,10,20.0,2023-04-11,1882,Wendy Edwards
8987,103,Product C,Category 2,11,30.0,2023-09-20,1579,Michele Hicks
8867,102,Product B,Category 1,1,20.0,2023-11-06,1631,John Morris
30,102,Product B,Category 1,2,20.0,2023-10-17,1885,Dustin Anderson
3527,102,Product B,Category 1,13,20.0,2023-11-08,1438,Mr. Robert Jones
1816,102,Product B,Category 1,13,20.0,2023-07-11,1255,Philip Williamson
8003,102,Product B,Category 1,1,20.0,2023-01-03,1469,Michael Jones
6473,102,Product B,Category 1,9,20.0,2023-07-08,1293,Andrea Vega
3456,103,Product C,Category 2,13,30.0,2023-01-22,1801,Katherine Delacruz
6779,102,Product B,Category 1,2,20.0,2023-07-09,1188,Adrienne Weaver
879,102,Product B,Category 1,7,20.0,2023-05-03,1061,Wendy Cruz
5053,102,Product B,Category 1,6,20.0,2023-06-15,1791,Mrs. Wanda Mullins
179,104,Product D,Category 2,12,40.0,2023-09-13,1339,Mary Mccoy MD
59,101,Product A,Category 1,4,10.0,2023-04-17,1104,Alice Anderson
5994,103,Product C,Category 2,4,30.0,2023-10-24,1219,Kathleen White
5523,102,Product B,Category 1,7,20.0,2023-05-31,1569,Timothy Perkins
7753,102,Product B,Category 1,12,20.0,2023-12-10,1469,Michael Jones
9710,103,Product C,Category 2,3,30.0,2023-09-30,1540,Tina Thompson
9617,102,Product B,Category 1,14,20.0,2023-05-29,1002,Jeffrey Knapp
7575,103,Product C,Category 2,14,30.0,2023-02-10,1567,Yvonne Banks
963,103,Product C,Category 2,9,30.0,2023-08-08,1668,Brian Bridges
6876,102,Product B,Category 1,10,20.0,2023-12-24,1412,Michele Myers MD
6833,104,Product D,Category 2,10,40.0,2023-05-19,1454,Christopher Nash
337,103,Product C,Category 2,12,30.0,2023-12-25,1561,Sean Rivera
1607,101,Product A,Category 1,8,10.0,2023-05-08,1397,Shannon Molina
1812,103,Product C,Category 2,8,30.0,2023-02-27,1664,Maria Lyons
1867,102,Product B,Category 1,5,20.0,2023-06-14,1648,Pamela Rhodes
6151,102,Product B,Category 1,3,20.0,2023-10-10,1317,Sharon Kennedy
8993,102,Product B,Category 1,4,20.0,2023-10-03,1624,Yvette Jackson
1666,101,Product A,Category 1,12,10.0,2023-04-22,1965,Emily Stevenson
2240,101,Product A,Category 1,3,10.0,2023-12-05,1070,Miss Brittany Boyd
7300,102,Product B,Category 1,6,20.0,2023-06-07,1939,Donna Ayala
2938,104,Product D,Category 2,13,40.0,2023-11-06,1095,Lawrence Oneill
7025,103,Product C,Category 2,7,30.0,2023-03-09,1809,Katherine King
2592,103,Product C,Category 2,13,30.0,2023-09-21,1315,Alejandro Davis
5770,101,Product A,Category 1,11,10.0,2023-11-13,1648,Pamela Rhodes
7594,104,Product D,Category 2,9,40.0,2023-06-08,1410,Jessica Harvey
6425,103,Product C,Category 2,15,30.0,2023-04-05,1550,Robert Fox
9422,101,Product A,Category 1,5,10.0,2023-08-04,1177,Anthony Brown
3861,102,Product B,Category 1,2,20.0,2023-12-01,1987,Stephanie Patterson
9822,102,Product B,Category 1,6,20.0,2023-07-03,1526,Kari Baker
2656,101,Product A,Category 1,2,10.0,2023-06-18,1578,Robert Green
6863,101,Product A,Category 1,3,10.0,2023-07-03,1631,John Morris
4300,101,Product A,Category 1,12,10.0,2023-09-09,1950,Gregory Dickerson
7739,103,Product C,Category 2,1,30.0,2023-06-24,1354,Tiffany Franklin
7359,101,Product A,Category 1,13,10.0,2023-01-10,1524,Joshua Lane
1683,101,Product A,Category 1,14,10.0,2023-06-19,1348,Wendy Small
5179,103,Product C,Category 2,2,30.0,2023-01-02,1508,Brittany Walker
9697,103,Product C,Category 2,14,30.0,2023-11-04,1954,Samantha Moore
9378,104,Product D,Category 2,7,40.0,2023-11-14,1009,Nicole Bailey
7040,102,Product B,Category 1,6,20.0,2023-09-22,1380,Matthew Kramer
2486,104,Product D,Category 2,9,40.0,2023-02-05,1602,Scott Nixon
5706,103,Product C,Category 2,2,30.0,2023-07-17,1024,Curtis Campbell
3797,104,Product D,Category 2,9,40.0,2023-06-21,1992,Kathleen Manning
5235,102,Product B,Category 1,8,20.0,2023-01-12,1863,Laura Gonzalez
6013,104,Product D,Category 2,10,40.0,2023-12-05,1772,Eric White
5403,102,Product B,Category 1,15,20.0,2023-06-03,1939,Donna Ayala
9015,102,Product B,Category 1,14,20.0,2023-10-13,1007,Katherine Stephens
1130,102,Product B,Category 1,14,20.0,2023-12-25,1608,Nicole Ballard
4318,101,Product A,Category 1,10,10.0,2023-11-13,1862,William Carroll
4146,102,Product B,Category 1,10,20.0,2023-10-02,1609,Alexandra Clark
821,103,Product C,Category 2,7,30.0,2023-07-24,1310,Regina Turner
6992,101,Product A,Category 1,5,10.0,2023-11-23,1496,Ashley Williams
2408,102,Product B,Category 1,10,20.0,2023-03-12,1024,Curtis Campbell
3091,103,Product C,Category 2,12,30.0,2023-05-08,1623,Victor Zuniga
5715,102,Product B,Category 1,7,20.0,2023-08-02,1921,Kurt Tucker
231,101,Product A,Category 1,9,10.0,2023-05-27,1136,Gina Hall
3084,104,Product D,Category 2,9,40.0,2023-04-24,1603,Wayne Shaw
6584,102,Product B,Category 1,10,20.0,2023-01-10,1234,Denise Martinez
1787,102,Product B,Category 1,3,20.0,2023-08-13,1680,Angela Jenkins
6834,102,Product B,Category 1,5,20.0,2023-05-18,1697,Michelle Mendoza
4821,101,Product A,Category 1,3,10.0,2023-02-07,1729,Karen Moyer
1360,101,Product A,Category 1,5,10.0,2023-04-04,1622,Jessica Richmond
461,101,Product A,Category 1,6,10.0,2023-01-09,1528,Regina Brown
7933,102,Product B,Category 1,2,20.0,2023-07-23,1904,Barbara Johnston
4054,103,Product C,Category 2,10,30.0,2023-03-24,1042,Jessica Gibson
7595,102,Product B,Category 1,5,20.0,2023-05-23,1138,Ashley Moore
4085,102,Product B,Category 1,11,20.0,2023-04-04,1763,Shawn Graham
9139,104,Product D,Category 2,6,40.0,2023-02-06,1580,Cory Ross
4006,103,Product C,Category 2,12,30.0,2023-04-29,1907,Whitney Carrillo
7118,102,Product B,Category 1,15,20.0,2023-07-03,1783,Adrian Guerra
9365,101,Product A,Category 1,9,10.0,2023-03-29,1879,Timothy Randall
4953,102,Product B,Category 1,11,20.0,2023-08-14,1264,Kathleen Jones
5228,104,Product D,Category 2,9,40.0,2023-09-05,1383,David Nielsen
4668,102,Product B,Category 1,3,20.0,2023-07-29,1486,Jonathan Rodriguez
5587,102,Product B,Category 1,6,20.0,2023-10-26,1607,Brendan Smith
6193,101,Product A,Category 1,9,10.0,2023-12-14,1355,Tracy Shepherd
5672,104,Product D,Category 2,12,40.0,2023-05-10,1344,Katherine Diaz
6595,102,Product B,Category 1,12,20.0,2023-08-06,1331,Katherine Oliver
1258,102,Product B,Category 1,6,20.0,2023-05-09,1764,John Caldwell
3961,102,Product B,Category 1,9,20.0,2023-02-17,1436,Mary Howard
1798,104,Product D,Category 2,10,40.0,2023-06-05,1958,Joseph Irwin
848,101,Product A,Category 1,5,10.0,2023-03-16,1405,Gina Cain
7143,104,Product D,Category 2,5,40.0,2023-01-29,1336,Michael Richard
8024,102,Product B,Category 1,8,20.0,2023-04-24,1750,Steve Hamilton
4301,101,Product A,Category 1,10,10.0,2023-11-01,1661,Jamie Murphy
2414,104,Product D,Category 2,8,40.0,2023-09-19,1422,Lindsay Miller
5447,101,Product A,Category 1,1,10.0,2023-12-04,1270,Ashley Hernandez
2288,101,Product A,Category 1,13,10.0,2023-12-14,1823,Nicole Galloway
7194,101,Product A,Category 1,2,10.0,2023-01-28,1684,Ronald Hamilton
4212,102,Product B,Category 1,3,20.0,2023-10-26,1757,Cynthia King
8336,102,Product B,Category 1,15,20.0,2023-01-16,1400,Michelle Brewer
6487,101,Product A,Category 1,8,10.0,2023-03-09,1150,Terri Smith
9473,104,Product D,Category 2,3,40.0,2023-04-26,1842,Christopher Martin
7949,103,Product C,Category 2,6,30.0,2023-04-10,1675,Jessica Villa
6888,101,Product A,Category 1,15,10.0,2023-01-15,1719,Michael Williams
3244,103,Product C,Category 2,9,30.0,2023-05-24,1309,Paula Cook
9819,104,Product D,Category 2,11,40.0,2023-11-03,1521,Jonathan Jackson
8057,104,Product D,Category 2,7,40.0,2023-08-16,1188,Adrienne Weaver
863,102,Product B,Category 1,15,20.0,2023-01-22,1670,Isaac Solis
4882,101,Product A,Category 1,8,10.0,2023-11-05,1702,Kimberly Ramirez
3612,101,Product A,Category 1,8,10.0,2023-08-20,1688,Robert Mclaughlin
2360,104,Product D,Category 2,3,40.0,2023-06-05,1598,Donna Li
1035,101,Product A,Category 1,7,10.0,2023-08-02,1409,Lynn Shields
71,102,Product B,Category 1,14,20.0,2023-03-16,1797,Todd Black
546,101,Product A,Category 1,12,10.0,2023-05-26,1854,Melissa Stanton
515,102,Product B,Category 1,11,20.0,2023-09-19,1464,Mercedes Allen
2259,103,Product C,Category 2,15,30.0,2023-10-04,1816,Maureen Olson
2321,103,Product C,Category 2,12,30.0,2023-09-19,1793,Kevin Huffman
6615,101,Product A,Category 1,13,10.0,2023-05-12,1371,Jennifer Livingston
4581,102,Product B,Category 1,12,20.0,2023-08-17,1550,Robert Fox
9360,102,Product B,Category 1,1,20.0,2023-11-29,1237,Jorge Fisher
3771,101,Product A,Category 1,10,10.0,2023-02-19,1714,Cole Mcdowell
5028,102,Product B,Category 1,10,20.0,2023-01-31,1804,Paul Patterson
7325,101,Product A,Category 1,13,10.0,2023-12-04,1773,Steven Mcdonald
1420,102,Product B,Category 1,7,20.0,2023-07-12,1422,Lindsay Miller
6158,102,Product B,Category 1,3,20.0,2023-05-18,1783,Adrian Guerra
1522,103,Product C,Category 2,12,30.0,2023-01-12,1406,Lonnie Wolf
4473,102,Product B,Category 1,2,20.0,2023-02-04,1134,Tiffany Boyd DVM
9671,101,Product A,Category 1,14,10.0,2023-01-12,1535,Rebecca Snyder
3273,103,Product C,Category 2,11,30.0,2023-10-21,1977,Taylor Thomas
8532,102,Product B,Category 1,2,20.0,2023-10-28,1810,Dustin Rodriguez
3321,102,Product B,Category 1,5,20.0,2023-03-28,1441,Kimberly Harris
6968,102,Product B,Category 1,10,20.0,2023-05-09,1611,Matthew Lucas
7297,101,Product A,Category 1,8,10.0,2023-03-07,1458,Marcus Lane
7503,101,Product A,Category 1,5,10.0,2023-11-24,1423,George Nash
2975,102,Product B,Category 1,13,20.0,2023-01-16,1513,Maria Barker
8148,102,Product B,Category 1,4,20.0,2023-06-21,1918,Mr. Wesley White
6718,103,Product C,Category 2,4,30.0,2023-12-24,1683,Robert Bryant
3475,104,Product D,Category 2,12,40.0,2023-05-13,1172,Sara Smith
9201,103,Product C,Category 2,2,30.0,2023-04-13,1137,Joshua Hull
8419,102,Product B,Category 1,10,20.0,2023-12-05,1910,Savannah Ellison
2276,101,Product A,Category 1,5,10.0,2023-12-14,1551,Robin Russo
5299,101,Product A,Category 1,7,10.0,2023-12-02,1589,Brandi Hill
7017,102,Product B,Category 1,1,20.0,2023-09-29,1917,Robert Rivera
5136,104,Product D,Category 2,5,40.0,2023-01-16,1557,Nicholas Caldwell
829,102,Product B,Category 1,13,20.0,2023-04-24,2000,Molly Martin
9986,102,Product B,Category 1,14,20.0,2023-04-06,1856,Patricia Green
1986,101,Product A,Category 1,4,10.0,2023-10-02,1939,Donna Ayala
1775,102,Product B,Category 1,5,20.0,2023-11-19,1178,Connie Garcia
673,102,Product B,Category 1,9,20.0,2023-07-08,1677,Jay Jarvis
7234,104,Product D,Category 2,11,40.0,2023-02-27,1451,Ashley Silva
8924,104,Product D,Category 2,1,40.0,2023-02-02,1460,Kelly Haynes
5050,101,Product A,Category 1,5,10.0,2023-12-12,1666,Guy Reed Jr.
3648,104,Product D,Category 2,12,40.0,2023-09-21,1933,Tracy Fields
7573,102,Product B,Category 1,7,20.0,2023-09-08,1934,Lorraine Deleon
4030,102,Product B,Category 1,10,20.0,2023-05-16,1119,Matthew Rogers
1220,101,Product A,Category 1,15,10.0,2023-02-07,1164,Brian Mccann
6379,103,Product C,Category 2,1,30.0,2023-09-27,1247,Cory Allen
5206,104,Product D,Category 2,11,40.0,2023-02-15,1456,Laura Vance
5467,102,Product B,Category 1,4,20.0,2023-11-15,1022,Linda Campbell
300,104,Product D,Category 2,13,40.0,2023-03-30,1490,Robert Bishop
1940,103,Product C,Category 2,10,30.0,2023-05-29,1061,Wendy Cruz
3186,104,Product D,Category 2,11,40.0,2023-02-03,1887,Diane Bauer
501,101,Product A,Category 1,8,10.0,2023-10-27,1014,Christine Roman
3502,101,Product A,Category 1,3,10.0,2023-10-21,1628,Diana Burns
7979,103,Product C,Category 2,1,30.0,2023-08-02,1479,Mr. Donald Evans PhD
8094,101,Product A,Category 1,14,10.0,2023-09-27,1425,Gary Watkins
7881,102,Product B,Category 1,15,20.0,2023-09-10,1312,Sharon Singleton
7105,101,Product A,Category 1,4,10.0,2023-05-28,1892,Elizabeth Mercado
8656,103,Product C,Category 2,12,30.0,2023-01-02,1896,Margaret Odonnell
5269,101,Product A,Category 1,2,10.0,2023-12-26,1738,Sabrina Soto
6879,103,Product C,Category 2,9,30.0,2023-02-03,1596,Sharon Kramer
1141,102,Product B,Category 1,6,20.0,2023-09-06,1753,Bradley Townsend
6040,101,Product A,Category 1,10,10.0,2023-06-09,1707,Mr. Nicholas Harris Jr.
7128,102,Product B,Category 1,1,20.0,2023-04-03,1022,Linda Campbell
7894,101,Product A,Category 1,7,10.0,2023-07-27,1889,Scott Garcia
3294,101,Product A,Category 1,14,10.0,2023-09-20,1275,Terry Collins
2972,102,Product B,Category 1,10,20.0,2023-02-17,1386,John Flowers
8112,102,Product B,Category 1,6,20.0,2023-12-17,1676,Craig Conner
1672,101,Product A,Category 1,11,10.0,2023-07-04,1823,Nicole Galloway
4150,104,Product D,Category 2,3,40.0,2023-03-08,1383,David Nielsen
7919,104,Product D,Category 2,13,40.0,2023-05-14,1223,Briana Clark
5741,102,Product B,Category 1,3,20.0,2023-01-29,1619,Angel Sanders
6800,102,Product B,Category 1,12,20.0,2023-07-23,1065,Dr. Amber Flores
2803,103,Product C,Category 2,13,30.0,2023-05-27,1348,Wendy Small
416,103,Product C,Category 2,15,30.0,2023-05-27,1795,Devin Beck
752,103,Product C,Category 2,4,30.0,2023-03-08,1748,Kelly Cooley
2559,103,Product C,Category 2,3,30.0,2023-06-24,1699,Sabrina Schultz
8045,102,Product B,Category 1,15,20.0,2023-03-11,1508,Brittany Walker
8634,102,Product B,Category 1,10,20.0,2023-01-08,1555,Christopher Dawson DVM
1116,101,Product A,Category 1,1,10.0,2023-06-03,1272,Brittany Underwood
2270,103,Product C,Category 2,15,30.0,2023-07-26,1711,Erica Mills
3431,104,Product D,Category 2,11,40.0,2023-02-06,1797,Todd Black
7857,102,Product B,Category 1,8,20.0,2023-11-10,1271,Thomas Wu
9184,101,Product A,Category 1,3,10.0,2023-04-24,1402,Wanda Sheppard
9853,101,Product A,Category 1,7,10.0,2023-01-04,1812,Andrew Miller
6383,102,Product B,Category 1,15,20.0,2023-05-10,1558,Dr. Kristin Miller
8651,103,Product C,Category 2,5,30.0,2023-05-15,1526,Kari Baker
7709,101,Product A,Category 1,9,10.0,2023-10-27,1287,David Sanchez
6161,102,Product B,Category 1,7,20.0,2023-02-14,1876,Dustin Fletcher
8461,101,Product A,Category 1,10,10.0,2023-10-03,1802,Sarah Moses
4336,102,Product B,Category 1,8,20.0,2023-02-14,1950,Gregory Dickerson
1850,101,Product A,Category 1,11,10.0,2023-02-06,1559,Brian Saunders
7250,104,Product D,Category 2,7,40.0,2023-04-22,1310,Regina Turner
3160,101,Product A,Category 1,15,10.0,2023-02-26,1454,Christopher Nash
1390,103,Product C,Category 2,14,30.0,2023-04-26,1762,Stephen Douglas
4130,102,Product B,Category 1,15,20.0,2023-09-13,1284,Jessica Miles
4253,102,Product B,Category 1,12,20.0,2023-03-11,1388,Gary Williams
5907,102,Product B,Category 1,6,20.0,2023-01-22,1668,Brian Bridges
1511,101,Product A,Category 1,3,10.0,2023-10-08,1892,Elizabeth Mercado
8389,102,Product B,Category 1,9,20.0,2023-03-12,1544,Erika Bailey
9384,104,Product D,Category 2,15,40.0,2023-12-12,1368,Heather Knight
3899,104,Product D,Category 2,13,40.0,2023-09-27,1909,Billy Rowland
9409,102,Product B,Category 1,13,20.0,2023-04-08,1220,Julie Kim
4101,104,Product D,Category 2,3,40.0,2023-12-10,1414,Amanda Wilson
4563,103,Product C,Category 2,13,30.0,2023-03-19,1757,Cynthia King
781,104,Product D,Category 2,8,40.0,2023-11-01,1295,Jeffrey Ballard
209,102,Product B,Category 1,14,20.0,2023-07-03,1603,Wayne Shaw
6341,104,Product D,Category 2,15,40.0,2023-07-13,1136,Gina Hall
7023,102,Product B,Category 1,6,20.0,2023-03-16,1937,Cody Miles
4037,101,Product A,Category 1,3,10.0,2023-07-12,1185,Crystal Dalton
2495,101,Product A,Category 1,3,10.0,2023-10-17,1630,Susan Short
5693,103,Product C,Category 2,15,30.0,2023-11-10,1060,Jennifer Carey
2197,101,Product A,Category 1,7,10.0,2023-07-30,1789,Jennifer Edwards
8197,102,Product B,Category 1,13,20.0,2023-07-23,1883,Nicole Barton
5894,102,Product B,Category 1,6,20.0,2023-05-09,1866,Richard Goodman
3354,104,Product D,Category 2,4,40.0,2023-09-23,1431,Donna Duffy
7140,101,Product A,Category 1,7,10.0,2023-09-02,1318,Kimberly Cook
5846,104,Product D,Category 2,1,40.0,2023-07-25,1237,Jorge Fisher
2829,102,Product B,Category 1,11,20.0,2023-03-23,1920,Shannon Maldonado
3182,103,Product C,Category 2,14,30.0,2023-10-06,1903,Caleb Brooks
7985,103,Product C,Category 2,2,30.0,2023-02-23,1032,Jacob Brown
5936,103,Product C,Category 2,9,30.0,2023-04-30,1032,Jacob Brown
1129,104,Product D,Category 2,11,40.0,2023-01-27,1870,Joseph Cain
6072,103,Product C,Category 2,10,30.0,2023-01-06,1281,Julian Tate
4040,103,Product C,Category 2,4,30.0,2023-03-24,1293,Andrea Vega
956,102,Product B,Category 1,7,20.0,2023-12-22,1724,Kevin Copeland
5979,103,Product C,Category 2,5,30.0,2023-02-01,1557,Nicholas Caldwell
8523,102,Product B,Category 1,8,20.0,2023-05-30,1488,Connor Schultz
8768,104,Product D,Category 2,12,40.0,2023-10-02,1728,Kimberly Green
3270,102,Product B,Category 1,9,20.0,2023-04-09,1900,Jimmy Smith
5825,102,Product B,Category 1,13,20.0,2023-04-22,1181,Tammy Flores
6039,101,Product A,Category 1,14,10.0,2023-01-27,1656,Jeffery Larson
3455,103,Product C,Category 2,4,30.0,2023-05-27,1539,Charles Dixon
9797,102,Product B,Category 1,12,20.0,2023-05-11,1883,Nicole Barton
6938,101,Product A,Category 1,14,10.0,2023-02-07,1642,Bryce Coleman
7007,103,Product C,Category 2,12,30.0,2023-07-17,1599,Sean Carter
8000,103,Product C,Category 2,13,30.0,2023-09-28,1399,Eric Smith
4511,101,Product A,Category 1,1,10.0,2023-10-10,1621,Samuel Johnston
8551,101,Product A,Category 1,15,10.0,2023-07-17,1313,Crystal Johns
7440,104,Product D,Category 2,13,40.0,2023-01-31,1056,Mark Rangel
2580,103,Product C,Category 2,10,30.0,2023-12-08,1361,Steven Gray
5646,104,Product D,Category 2,1,40.0,2023-11-05,1044,Jasmine Huynh
740,102,Product B,Category 1,3,20.0,2023-01-30,1626,Sally Wilson
2018,102,Product B,Category 1,13,20.0,2023-11-24,1603,Wayne Shaw
5192,104,Product D,Category 2,4,40.0,2023-01-12,1026,Bailey Middleton
4732,103,Product C,Category 2,14,30.0,2023-11-08,1398,Katherine Parker
9242,103,Product C,Category 2,3,30.0,2023-07-26,1066,Tyler Deleon
2041,104,Product D,Category 2,2,40.0,2023-08-30,1383,David Nielsen
4510,104,Product D,Category 2,15,40.0,2023-05-20,1829,Jill Nunez
8070,101,Product A,Category 1,11,10.0,2023-08-12,1078,Jacob King
1919,104,Product D,Category 2,15,40.0,2023-12-07,1373,Melissa Johnson
948,101,Product A,Category 1,15,10.0,2023-04-30,1463,Tiffany Luna
3266,103,Product C,Category 2,9,30.0,2023-06-26,1379,Samantha West
9165,101,Product A,Category 1,14,10.0,2023-07-18,1102,Nathaniel Noble
9753,102,Product B,Category 1,15,20.0,2023-05-22,1662,Tracy Leach
4620,101,Product A,Category 1,6,10.0,2023-06-15,1921,Kurt Tucker
7265,103,Product C,Category 2,7,30.0,2023-01-22,1976,Joshua Parker
3034,101,Product A,Category 1,4,10.0,2023-09-26,1002,Jeffrey Knapp
4787,103,Product C,Category 2,12,30.0,2023-01-24,1968,Jeremiah Ramirez
9858,104,Product D,Category 2,9,40.0,2023-06-04,1592,Taylor Dawson
5969,102,Product B,Category 1,12,20.0,2023-11-16,1862,William Carroll
3489,104,Product D,Category 2,13,40.0,2023-11-16,1508,Brittany Walker
6804,104,Product D,Category 2,12,40.0,2023-02-24,1861,Matthew Orr
8508,102,Product B,Category 1,10,20.0,2023-11-19,1280,Sarah Rivera
4991,101,Product A,Category 1,12,10.0,2023-04-24,1586,Sarah Jenkins
6362,101,Product A,Category 1,9,10.0,2023-04-19,1308,Amy Barber
262,101,Product A,Category 1,14,10.0,2023-04-02,1387,Gregory Phelps
1038,102,Product B,Category 1,10,20.0,2023-09-01,1508,Brittany Walker
3127,102,Product B,Category 1,9,20.0,2023-03-05,1775,William Camacho
1869,102,Product B,Category 1,10,20.0,2023-07-28,1276,Kevin Le
6826,101,Product A,Category 1,1,10.0,2023-01-18,1548,Jasmine Perez
2528,101,Product A,Category 1,12,10.0,2023-06-22,1276,Kevin Le
8579,104,Product D,Category 2,4,40.0,2023-03-20,1583,Susan Zimmerman
4605,102,Product B,Category 1,1,20.0,2023-10-16,1145,James Bauer
7197,104,Product D,Category 2,3,40.0,2023-09-10,1045,Jason Williams
2836,104,Product D,Category 2,3,40.0,2023-08-17,1411,Daniel Larsen
8488,104,Product D,Category 2,1,40.0,2023-01-20,1473,Francisco Rodriguez
2140,101,Product A,Category 1,3,10.0,2023-08-19,1653,George Harris
9081,103,Product C,Category 2,14,30.0,2023-02-13,1970,Laura Fox
2283,104,Product D,Category 2,10,40.0,2023-07-21,1739,Kristin Williams
9060,104,Product D,Category 2,3,40.0,2023-04-17,1201,Matthew Mcdonald
1213,103,Product C,Category 2,10,30.0,2023-01-04,1293,Andrea Vega
2099,103,Product C,Category 2,7,30.0,2023-05-07,1362,Jason Hurley
7403,102,Product B,Category 1,5,20.0,2023-03-29,1588,Edward Allen
5437,101,Product A,Category 1,11,10.0,2023-04-14,1028,Jeffrey Smith
2251,101,Product A,Category 1,11,10.0,2023-03-02,1431,Donna Duffy
26,102,Product B,Category 1,11,20.0,2023-10-10,1687,Ryan Archer
8017,104,Product D,Category 2,13,40.0,2023-07-13,1534,Michael Lozano
391,104,Product D,Category 2,4,40.0,2023-09-03,1977,Taylor Thomas
5853,102,Product B,Category 1,2,20.0,2023-05-07,1221,Matthew Hunter
5153,103,Product C,Category 2,15,30.0,2023-03-13,1022,Linda Campbell
3903,104,Product D,Category 2,12,40.0,2023-01-31,1525,Alexandra Young
2685,104,Product D,Category 2,5,40.0,2023-02-08,1684,Ronald Hamilton
8582,102,Product B,Category 1,13,20.0,2023-11-04,1656,Jeffery Larson
2380,102,Product B,Category 1,15,20.0,2023-10-03,1350,William Joseph
2820,102,Product B,Category 1,2,20.0,2023-09-20,1334,Jennifer Burch
9752,101,Product A,Category 1,8,10.0,2023-06-25,1389,Michelle Lopez
4116,102,Product B,Category 1,4,20.0,2023-10-24,1533,Julie Richardson
5967,103,Product C,Category 2,3,30.0,2023-08-04,1318,Kimberly Cook
2382,103,Product C,Category 2,15,30.0,2023-10-13,1263,John Davis
186,101,Product A,Category 1,12,10.0,2023-12-08,1872,David Krueger
1587,101,Product A,Category 1,12,10.0,2023-06-19,1487,Allen Montes
3567,104,Product D,Category 2,9,40.0,2023-05-02,1823,Nicole Galloway
5494,101,Product A,Category 1,3,10.0,2023-11-04,1505,Melissa Myers
8043,101,Product A,Category 1,2,10.0,2023-06-18,1765,David Fields
1172,101,Product A,Category 1,11,10.0,2023-10-20,1293,Andrea Vega
5949,101,Product A,Category 1,3,10.0,2023-11-21,1738,Sabrina Soto
1976,104,Product D,Category 2,7,40.0,2023-09-04,1940,James Benson
6265,103,Product C,Category 2,14,30.0,2023-11-29,1572,Nicholas Austin
401,103,Product C,Category 2,9,30.0,2023-04-20,1306,Jim Gregory
2714,102,Product B,Category 1,10,20.0,2023-09-06,1606,Marcia Baker
590,104,Product D,Category 2,13,40.0,2023-12-25,1165,Ryan Rodriguez
7952,101,Product A,Category 1,15,10.0,2023-04-14,1060,Jennifer Carey
1911,102,Product B,Category 1,12,20.0,2023-03-18,1786,Linda Salinas
5758,104,Product D,Category 2,1,40.0,2023-09-04,1329,Kristen Skinner
6439,102,Product B,Category 1,15,20.0,2023-12-06,1297,Russell Gomez
1187,104,Product D,Category 2,2,40.0,2023-01-27,1550,Robert Fox
4509,102,Product B,Category 1,6,20.0,2023-09-25,1397,Shannon Molina
6929,103,Product C,Category 2,6,30.0,2023-06-29,1050,Michael Fisher
5477,104,Product D,Category 2,10,40.0,2023-11-25,1078,Jacob King
6321,104,Product D,Category 2,4,40.0,2023-08-19,1135,Laura Wagner
9083,102,Product B,Category 1,7,20.0,2023-09-13,1757,Cynthia King
792,102,Product B,Category 1,12,20.0,2023-10-06,1016,Kayla Kelly
9834,102,Product B,Category 1,10,20.0,2023-11-14,1893,Lisa Glover
8922,102,Product B,Category 1,9,20.0,2023-12-22,1745,Christy Bradford
4943,101,Product A,Category 1,8,10.0,2023-07-05,1563,Lori Wall
5126,102,Product B,Category 1,9,20.0,2023-09-19,1266,John Banks
2348,101,Product A,Category 1,2,10.0,2023-03-21,1009,Nicole Bailey
9568,104,Product D,Category 2,2,40.0,2023-09-28,1021,Thomas Buckley
7024,102,Product B,Category 1,11,20.0,2023-12-26,1006,Douglas Willis
2383,104,Product D,Category 2,4,40.0,2023-09-20,1382,Dr. Martha Martin
9759,102,Product B,Category 1,10,20.0,2023-05-20,1059,Jessica Jackson
4049,104,Product D,Category 2,12,40.0,2023-12-27,1534,Michael Lozano
266,101,Product A,Category 1,4,10.0,2023-08-21,1579,Michele Hicks
1819,101,Product A,Category 1,4,10.0,2023-11-21,1757,Cynthia King
8292,102,Product B,Category 1,5,20.0,2023-11-24,1440,Alicia Davenport
9066,104,Product D,Category 2,13,40.0,2023-07-16,1481,Matthew Camacho
6606,102,Product B,Category 1,10,20.0,2023-04-19,1565,Latoya Hayes
5080,102,Product B,Category 1,8,20.0,2023-11-13,1457,Carol Wood
7762,104,Product D,Category 2,15,40.0,2023-02-13,1467,Taylor Glenn
9830,104,Product D,Category 2,1,40.0,2023-04-09,1248,Matthew May
9506,101,Product A,Category 1,14,10.0,2023-01-23,1041,Colleen Roberts
437,101,Product A,Category 1,7,10.0,2023-04-14,1329,Kristen Skinner
3293,104,Product D,Category 2,3,40.0,2023-08-25,1544,Erika Bailey
7698,101,Product A,Category 1,5,10.0,2023-04-03,1068,Tina Thompson
4450,101,Product A,Category 1,6,10.0,2023-12-19,1836,Sarah Murphy
2536,102,Product B,Category 1,5,20.0,2023-03-19,1217,Jessica Harper
8049,101,Product A,Category 1,2,10.0,2023-02-10,1037,Kyle Sanchez
6317,101,Product A,Category 1,13,10.0,2023-05-03,1027,Destiny Moreno
1437,102,Product B,Category 1,12,20.0,2023-12-25,1668,Brian Bridges
5891,101,Product A,Category 1,1,10.0,2023-06-12,1869,Charles Blair
6253,101,Product A,Category 1,11,10.0,2023-07-26,1598,Donna Li
1022,102,Product B,Category 1,9,20.0,2023-06-06,1941,William Carroll
4159,102,Product B,Category 1,10,20.0,2023-03-29,1790,Kathleen Dunn
8080,103,Product C,Category 2,4,30.0,2023-04-07,1833,Benjamin Ellis
8646,103,Product C,Category 2,1,30.0,2023-04-01,1895,Miranda Taylor
7651,102,Product B,Category 1,12,20.0,2023-10-14,1639,James Macdonald
4486,101,Product A,Category 1,4,10.0,2023-06-12,1346,Kelsey Martinez
3080,102,Product B,Category 1,13,20.0,2023-06-03,1261,Jaime Farmer
9856,102,Product B,Category 1,13,20.0,2023-11-11,1355,Tracy Shepherd
1014,104,Product D,Category 2,6,40.0,2023-01-29,1334,Jennifer Burch
7558,102,Product B,Category 1,3,20.0,2023-01-26,1174,Jacob Moore
4339,104,Product D,Category 2,13,40.0,2023-12-07,1128,Adam Bell
5226,103,Product C,Category 2,1,30.0,2023-12-09,1055,Jennifer Giles
7187,101,Product A,Category 1,10,10.0,2023-09-01,1804,Paul Patterson
1268,103,Product C,Category 2,10,30.0,2023-06-26,1382,Dr. Martha Martin
2934,104,Product D,Category 2,10,40.0,2023-05-03,1646,Tyler Nunez
7224,103,Product C,Category 2,10,30.0,2023-08-02,1787,Tiffany Walker
8412,101,Product A,Category 1,9,10.0,2023-09-09,1784,Sara Martin
1051,102,Product B,Category 1,11,20.0,2023-04-03,1187,Bob Franklin
2338,102,Product B,Category 1,5,20.0,2023-08-10,1244,Nathan Leonard
5880,101,Product A,Category 1,5,10.0,2023-07-26,1021,Thomas Buckley
4526,103,Product C,Category 2,11,30.0,2023-01-08,1519,Tiffany Johnson
2118,102,Product B,Category 1,3,20.0,2023-09-18,1349,Teresa Chung
4944,102,Product B,Category 1,15,20.0,2023-06-01,1445,Rebecca Martinez
8241,104,Product D,Category 2,11,40.0,2023-11-07,1810,Dustin Rodriguez
3367,104,Product D,Category 2,8,40.0,2023-11-02,1434,Scott Johnston
2756,101,Product A,Category 1,5,10.0,2023-10-09,1569,Timothy Perkins
6417,101,Product A,Category 1,11,10.0,2023-05-18,1709,Nicholas Pena
5005,102,Product B,Category 1,2,20.0,2023-05-09,1266,John Banks
5911,103,Product C,Category 2,8,30.0,2023-05-30,1301,Matthew Riley
9436,102,Product B,Category 1,9,20.0,2023-02-06,1388,Gary Williams
2173,102,Product B,Category 1,1,20.0,2023-05-03,1387,Gregory Phelps
5107,103,Product C,Category 2,2,30.0,2023-08-21,1336,Michael Richard
1389,103,Product C,Category 2,4,30.0,2023-09-01,1868,James Martinez
7054,101,Product A,Category 1,11,10.0,2023-11-12,1585,Heidi Luna
1422,101,Product A,Category 1,3,10.0,2023-08-21,1689,Nicholas Dalton
775,101,Product A,Category 1,11,10.0,2023-10-25,1836,Sarah Murphy
1335,102,Product B,Category 1,10,20.0,2023-01-03,1202,Joseph Stevens
4072,102,Product B,Category 1,14,20.0,2023-10-30,1660,Anthony Warren
8885,101,Product A,Category 1,10,10.0,2023-02-22,1373,Melissa Johnson
5582,102,Product B,Category 1,10,20.0,2023-11-24,1694,Kyle Tapia
7135,102,Product B,Category 1,15,20.0,2023-11-09,1363,Sylvia Williams
8875,104,Product D,Category 2,11,40.0,2023-08-16,1465,Katelyn Garcia
8697,101,Product A,Category 1,15,10.0,2023-04-18,1902,Michelle Walters
2454,101,Product A,Category 1,11,10.0,2023-09-25,1799,Rita Romero
8319,101,Product A,Category 1,12,10.0,2023-06-06,1322,Janet Estrada
3754,101,Product A,Category 1,1,10.0,2023-12-13,1291,Amanda Fernandez
4870,102,Product B,Category 1,4,20.0,2023-06-25,1324,Tammy Clark
2961,104,Product D,Category 2,1,40.0,2023-06-24,1464,Mercedes Allen
3670,101,Product A,Category 1,4,10.0,2023-06-06,1053,Hannah Mclaughlin
9364,102,Product B,Category 1,14,20.0,2023-01-11,1413,Patrick Chung
298,102,Product B,Category 1,1,20.0,2023-11-25,1304,Justin Morse
5615,101,Product A,Category 1,7,10.0,2023-05-15,1590,Frederick Hicks
1662,102,Product B,Category 1,13,20.0,2023-01-08,1073,Darrell Malone
441,104,Product D,Category 2,11,40.0,2023-07-09,1270,Ashley Hernandez
2818,101,Product A,Category 1,11,10.0,2023-10-31,1463,Tiffany Luna
3097,102,Product B,Category 1,15,20.0,2023-03-18,1324,Tammy Clark
3586,101,Product A,Category 1,4,10.0,2023-07-03,1613,Philip Bowen
6796,102,Product B,Category 1,4,20.0,2023-06-15,1803,Heather Jefferson
4378,102,Product B,Category 1,15,20.0,2023-11-03,1900,Jimmy Smith
8966,101,Product A,Category 1,8,10.0,2023-05-21,1890,Francisco Carlson
2687,101,Product A,Category 1,8,10.0,2023-03-23,1351,Eileen Tucker
1845,102,Product B,Category 1,9,20.0,2023-06-08,1881,Alicia Parrish
6350,101,Product A,Category 1,2,10.0,2023-04-12,1522,Jack Medina
6401,104,Product D,Category 2,5,40.0,2023-08-06,1341,Craig Blake
7882,104,Product D,Category 2,13,40.0,2023-03-25,1311,Dr. Jennifer Byrd
2136,104,Product D,Category 2,9,40.0,2023-12-24,1280,Sarah Rivera
8931,102,Product B,Category 1,3,20.0,2023-06-08,1587,Andrew Mayer
4517,102,Product B,Category 1,13,20.0,2023-08-02,1482,Amanda Ayers
6801,104,Product D,Category 2,2,40.0,2023-12-30,1380,Matthew Kramer
1584,102,Product B,Category 1,14,20.0,2023-12-17,1732,Benjamin Zhang
3077,103,Product C,Category 2,2,30.0,2023-01-22,1960,Gary Rhodes
4181,102,Product B,Category 1,4,20.0,2023-11-13,1911,Barbara Holmes
3020,102,Product B,Category 1,6,20.0,2023-12-20,1595,Belinda Santos
6975,104,Product D,Category 2,13,40.0,2023-12-21,1133,Zachary Moore
3292,103,Product C,Category 2,13,30.0,2023-12-28,1113,Jeffery Moran
3085,101,Product A,Category 1,7,10.0,2023-12-04,1204,Keith Knight
1240,104,Product D,Category 2,5,40.0,2023-02-24,1553,Thomas Maynard
5395,101,Product A,Category 1,2,10.0,2023-06-24,1675,Jessica Villa
4871,101,Product A,Category 1,7,10.0,2023-09-02,1445,Rebecca Martinez
613,104,Product D,Category 2,5,40.0,2023-11-29,1486,Jonathan Rodriguez
9549,101,Product A,Category 1,10,10.0,2023-11-14,1527,Brandon Howell
5407,103,Product C,Category 2,14,30.0,2023-01-23,1380,Matthew Kramer
3458,102,Product B,Category 1,2,20.0,2023-05-09,1395,Justin Mccarty
8008,103,Product C,Category 2,13,30.0,2023-07-01,1929,Matthew Scott
4682,103,Product C,Category 2,4,30.0,2023-06-19,1797,Todd Black
1230,102,Product B,Category 1,5,20.0,2023-10-17,1898,Henry Wright
7226,101,Product A,Category 1,7,10.0,2023-04-24,1903,Caleb Brooks
4483,102,Product B,Category 1,14,20.0,2023-07-17,1309,Paula Cook
4017,104,Product D,Category 2,12,40.0,2023-01-28,1747,Sherri Green
6067,101,Product A,Category 1,11,10.0,2023-08-02,1488,Connor Schultz
1901,102,Product B,Category 1,8,20.0,2023-10-07,1881,Alicia Parrish
4291,101,Product A,Category 1,4,10.0,2023-07-30,1846,Jonathan Nunez
8454,103,Product C,Category 2,3,30.0,2023-06-14,1032,Jacob Brown
930,102,Product B,Category 1,6,20.0,2023-02-20,1229,Andrew Franklin
8877,102,Product B,Category 1,11,20.0,2023-12-26,1391,Mario Williams
7710,101,Product A,Category 1,1,10.0,2023-12-09,1966,James Thomas
672,102,Product B,Category 1,3,20.0,2023-04-30,1369,Carolyn Collins
7526,102,Product B,Category 1,13,20.0,2023-11-04,1451,Ashley Silva
6033,101,Product A,Category 1,2,10.0,2023-11-25,1047,Suzanne Avila
8238,101,Product A,Category 1,15,10.0,2023-10-11,1724,Kevin Copeland
6763,102,Product B,Category 1,3,20.0,2023-03-26,1654,Suzanne Johnson
8044,104,Product D,Category 2,7,40.0,2023-03-04,1906,Brittany Morgan
1284,101,Product A,Category 1,6,10.0,2023-10-10,1426,Andrew Hill
3770,102,Product B,Category 1,5,20.0,2023-05-23,1517,Diamond Williams
419,104,Product D,Category 2,2,40.0,2023-08-06,1709,Nicholas Pena
3031,101,Product A,Category 1,6,10.0,2023-05-31,1639,James Macdonald
6327,101,Product A,Category 1,9,10.0,2023-08-23,1050,Michael Fisher
6836,103,Product C,Category 2,5,30.0,2023-08-13,1523,Phillip Meyer
8940,102,Product B,Category 1,12,20.0,2023-05-03,1115,Matthew Duke
9847,101,Product A,Category 1,3,10.0,2023-10-29,1816,Maureen Olson
8263,102,Product B,Category 1,7,20.0,2023-12-07,1040,Shawn Castillo
3285,101,Product A,Category 1,12,10.0,2023-03-20,1217,Jessica Harper
5528,102,Product B,Category 1,9,20.0,2023-07-08,1683,Robert Bryant
1936,102,Product B,Category 1,5,20.0,2023-06-29,1708,Stephanie Hickman
9773,102,Product B,Category 1,9,20.0,2023-10-24,1981,Elizabeth Peters
9474,102,Product B,Category 1,1,20.0,2023-03-01,1557,Nicholas Caldwell
492,102,Product B,Category 1,2,20.0,2023-04-20,1165,Ryan Rodriguez
2728,103,Product C,Category 2,3,30.0,2023-07-02,1992,Kathleen Manning
2378,101,Product A,Category 1,4,10.0,2023-05-05,2000,Molly Martin
9082,102,Product B,Category 1,10,20.0,2023-11-07,1207,Ashley Powell
5089,104,Product D,Category 2,2,40.0,2023-09-13,1486,Jonathan Rodriguez
5943,101,Product A,Category 1,10,10.0,2023-10-13,1871,Brent Garcia
7772,102,Product B,Category 1,8,20.0,2023-04-26,1396,Daniel Taylor
892,104,Product D,Category 2,2,40.0,2023-05-08,1687,Ryan Archer
3535,101,Product A,Category 1,6,10.0,2023-07-26,1843,Peter Garrison
2063,103,Product C,Category 2,13,30.0,2023-07-11,1731,Stephen Francis
4058,102,Product B,Category 1,11,20.0,2023-10-30,1685,Danielle Stewart
8595,101,Product A,Category 1,4,10.0,2023-02-28,1591,Jennifer Ford
6422,101,Product A,Category 1,12,10.0,2023-05-12,1190,Dr. Debra Thomas
9814,103,Product C,Category 2,8,30.0,2023-11-08,1373,Melissa Johnson
8992,101,Product A,Category 1,12,10.0,2023-05-20,1425,Gary Watkins
1147,101,Product A,Category 1,1,10.0,2023-05-20,1031,Robert Silva
2717,104,Product D,Category 2,10,40.0,2023-10-28,1534,Michael Lozano
7513,103,Product C,Category 2,9,30.0,2023-03-19,1741,Amy Sanchez
6560,104,Product D,Category 2,4,40.0,2023-07-03,1460,Kelly Haynes
4099,104,Product D,Category 2,1,40.0,2023-04-11,1705,Catherine Moore
6009,103,Product C,Category 2,15,30.0,2023-06-24,1604,Melissa Smith
9971,103,Product C,Category 2,9,30.0,2023-04-25,1587,Andrew Mayer
9665,103,Product C,Category 2,14,30.0,2023-07-02,1809,Katherine King
1633,104,Product D,Category 2,3,40.0,2023-01-01,1196,Steven Simon
727,104,Product D,Category 2,9,40.0,2023-12-01,1794,Amanda Wells
5968,101,Product A,Category 1,2,10.0,2023-10-25,1207,Ashley Powell
6170,101,Product A,Category 1,12,10.0,2023-04-20,1320,Cheryl Kennedy
2793,103,Product C,Category 2,12,30.0,2023-10-11,1938,Mark Carlson
5797,102,Product B,Category 1,13,20.0,2023-10-26,1882,Wendy Edwards
1586,103,Product C,Category 2,9,30.0,2023-08-17,1562,Lisa Thompson
1582,102,Product B,Category 1,10,20.0,2023-12-02,1323,Debra Hernandez
8763,101,Product A,Category 1,15,10.0,2023-05-03,1544,Erika Bailey
1527,102,Product B,Category 1,13,20.0,2023-11-13,1999,Diane Steele
6254,104,Product D,Category 2,14,40.0,2023-08-16,1242,Lisa Choi
5338,102,Product B,Category 1,9,20.0,2023-09-10,1661,Jamie Murphy
2119,102,Product B,Category 1,12,20.0,2023-12-27,1406,Lonnie Wolf
9359,101,Product A,Category 1,15,10.0,2023-04-03,1731,Stephen Francis
2086,104,Product D,Category 2,14,40.0,2023-03-27,1327,James Stephens
3532,101,Product A,Category 1,6,10.0,2023-03-14,1657,Carla Anderson
5183,104,Product D,Category 2,14,40.0,2023-06-11,1049,Alexander Wilson
5964,101,Product A,Category 1,6,10.0,2023-02-01,1748,Kelly Cooley
9151,104,Product D,Category 2,10,40.0,2023-06-12,1414,Amanda Wilson
6656,103,Product C,Category 2,8,30.0,2023-11-25,1242,Lisa Choi
6280,104,Product D,Category 2,8,40.0,2023-12-08,1319,Jennifer Clark
7183,102,Product B,Category 1,1,20.0,2023-05-22,1399,Eric Smith
9470,104,Product D,Category 2,11,40.0,2023-02-16,1399,Eric Smith
8671,101,Product A,Category 1,2,10.0,2023-07-05,1718,George Cox
3376,104,Product D,Category 2,6,40.0,2023-07-30,1541,Bianca Sutton
4574,102,Product B,Category 1,6,20.0,2023-11-16,1027,Destiny Moreno
4452,102,Product B,Category 1,15,20.0,2023-12-22,1229,Andrew Franklin
1499,102,Product B,Category 1,2,20.0,2023-07-29,1739,Kristin Williams
4395,101,Product A,Category 1,7,10.0,2023-03-27,1267,Jordan Johnson
891,102,Product B,Category 1,5,20.0,2023-11-04,1353,Isabella Park
1870,101,Product A,Category 1,7,10.0,2023-07-21,1989,Jason Smith
7504,102,Product B,Category 1,3,20.0,2023-12-06,1333,Bryan Rodriguez
9377,102,Product B,Category 1,8,20.0,2023-06-24,1689,Nicholas Dalton
5836,104,Product D,Category 2,1,40.0,2023-12-01,1953,Billy Wilson
9904,103,Product C,Category 2,3,30.0,2023-11-11,1228,Terrance Novak
1095,101,Product A,Category 1,2,10.0,2023-08-10,1934,Lorraine Deleon
4089,102,Product B,Category 1,1,20.0,2023-03-11,1470,Kristen Myers
136,101,Product A,Category 1,15,10.0,2023-02-22,1672,Jennifer Lowe
7796,101,Product A,Category 1,6,10.0,2023-07-07,1930,Renee Guzman
4345,103,Product C,Category 2,11,30.0,2023-02-11,1492,Sarah Williams
1960,101,Product A,Category 1,14,10.0,2023-03-26,1333,Bryan Rodriguez
6843,101,Product A,Category 1,2,10.0,2023-03-10,1275,Terry Collins
4185,103,Product C,Category 2,5,30.0,2023-02-18,1497,James Myers
1215,104,Product D,Category 2,6,40.0,2023-02-10,1484,Jeffrey Bennett
5515,101,Product A,Category 1,14,10.0,2023-11-04,1401,April Ramirez
9504,103,Product C,Category 2,4,30.0,2023-04-09,1421,Miss Mary Williams
2074,104,Product D,Category 2,6,40.0,2023-03-17,1851,Jessica Golden
6547,102,Product B,Category 1,2,20.0,2023-03-12,1811,Ryan Webb
5319,104,Product D,Category 2,3,40.0,2023-07-12,1911,Barbara Holmes
2637,101,Product A,Category 1,2,10.0,2023-11-08,1879,Timothy Randall
7019,104,Product D,Category 2,9,40.0,2023-08-01,1901,Tammy Kennedy
2709,101,Product A,Category 1,6,10.0,2023-12-03,1927,Elizabeth Barnett
7482,103,Product C,Category 2,7,30.0,2023-02-09,1840,Ian Perkins
988,102,Product B,Category 1,12,20.0,2023-01-25,1053,Hannah Mclaughlin
2546,101,Product A,Category 1,3,10.0,2023-04-18,1733,Diana Hopkins
4590,102,Product B,Category 1,9,20.0,2023-02-11,1129,Mary Ray
2943,103,Product C,Category 2,1,30.0,2023-04-16,1033,Tammy Jones
8311,101,Product A,Category 1,4,10.0,2023-06-26,1513,Maria Barker
3255,101,Product A,Category 1,9,10.0,2023-10-24,1594,Amanda Bowers
910,101,Product A,Category 1,11,10.0,2023-02-13,1137,Joshua Hull
4748,104,Product D,Category 2,7,40.0,2023-05-18,1555,Christopher Dawson DVM
9308,102,Product B,Category 1,14,20.0,2023-07-01,1180,Joshua Raymond
6648,101,Product A,Category 1,12,10.0,2023-09-23,1849,Bryan Cole
2179,101,Product A,Category 1,11,10.0,2023-05-12,1082,Donna Smith
3525,104,Product D,Category 2,12,40.0,2023-11-02,1552,Megan Crawford
755,102,Product B,Category 1,1,20.0,2023-11-02,1292,Jamie Pitts
384,101,Product A,Category 1,1,10.0,2023-02-09,1480,Kimberly Johnson
5054,102,Product B,Category 1,12,20.0,2023-04-22,1839,Christopher Shelton
7633,101,Product A,Category 1,4,10.0,2023-10-21,1916,Scott Mathews
1440,102,Product B,Category 1,11,20.0,2023-05-29,1559,Brian Saunders
8891,101,Product A,Category 1,6,10.0,2023-01-29,1056,Mark Rangel
6952,102,Product B,Category 1,14,20.0,2023-10-11,1633,Dylan Hull
6514,102,Product B,Category 1,6,20.0,2023-11-24,1525,Alexandra Young
2144,103,Product C,Category 2,14,30.0,2023-03-15,1041,Colleen Roberts
2370,101,Product A,Category 1,7,10.0,2023-04-26,1040,Shawn Castillo
2468,104,Product D,Category 2,14,40.0,2023-09-15,1963,Kathleen Porter
8565,101,Product A,Category 1,9,10.0,2023-12-27,1555,Christopher Dawson DVM
3350,103,Product C,Category 2,14,30.0,2023-09-28,1248,Matthew May
9821,103,Product C,Category 2,14,30.0,2023-07-03,1237,Jorge Fisher
7417,101,Product A,Category 1,7,10.0,2023-06-11,1539,Charles Dixon
3669,103,Product C,Category 2,13,30.0,2023-02-27,1649,Kimberly Hernandez
7336,101,Product A,Category 1,9,10.0,2023-07-13,1343,Joshua Murphy
3286,101,Product A,Category 1,7,10.0,2023-01-29,1760,Elizabeth Wright
9458,104,Product D,Category 2,3,40.0,2023-06-01,1914,Jennifer Davis
459,102,Product B,Category 1,15,20.0,2023-05-11,1773,Steven Mcdonald
2005,103,Product C,Category 2,3,30.0,2023-07-24,1653,George Harris
2299,102,Product B,Category 1,10,20.0,2023-02-24,1267,Jordan Johnson
6481,102,Product B,Category 1,13,20.0,2023-10-14,1870,Joseph Cain
9008,102,Product B,Category 1,12,20.0,2023-06-28,1122,Kristopher Lee
3941,102,Product B,Category 1,15,20.0,2023-04-20,1550,Robert Fox
4080,102,Product B,Category 1,8,20.0,2023-08-29,1424,Justin Snyder
1711,104,Product D,Category 2,1,40.0,2023-12-28,1818,Alice Dunn
2503,101,Product A,Category 1,1,10.0,2023-10-19,1476,Mary Robinson
214,103,Product C,Category 2,6,30.0,2023-11-12,1546,Rebecca Thomas
4816,102,Product B,Category 1,8,20.0,2023-07-05,1394,Lori Edwards
629,102,Product B,Category 1,7,20.0,2023-03-21,1595,Belinda Santos
3372,102,Product B,Category 1,6,20.0,2023-11-18,1666,Guy Reed Jr.
4601,103,Product C,Category 2,3,30.0,2023-11-16,1525,Alexandra Young
9574,101,Product A,Category 1,3,10.0,2023-05-26,1764,John Caldwell
5675,103,Product C,Category 2,10,30.0,2023-03-02,1721,Jordan Curtis
9825,103,Product C,Category 2,15,30.0,2023-06-15,1045,Jason Williams
1703,102,Product B,Category 1,9,20.0,2023-08-18,1413,Patrick Chung
5702,101,Product A,Category 1,4,10.0,2023-10-24,1345,Karen West
1190,101,Product A,Category 1,5,10.0,2023-08-17,1598,Donna Li
5112,102,Product B,Category 1,6,20.0,2023-04-15,1192,Alicia Reynolds
1349,103,Product C,Category 2,14,30.0,2023-06-07,1912,Joann Brown
2274,103,Product C,Category 2,6,30.0,2023-10-14,1727,Christopher Herrera
9292,101,Product A,Category 1,13,10.0,2023-10-19,1588,Edward Allen
6925,103,Product C,Category 2,8,30.0,2023-05-11,1380,Matthew Kramer
5059,104,Product D,Category 2,8,40.0,2023-10-20,1967,Kristina Lyons
9398,104,Product D,Category 2,15,40.0,2023-10-12,1031,Robert Silva
5190,104,Product D,Category 2,12,40.0,2023-06-02,1397,Shannon Molina
6864,104,Product D,Category 2,2,40.0,2023-06-19,1010,Karen Jacobs
4685,104,Product D,Category 2,11,40.0,2023-09-07,1398,Katherine Parker
7361,103,Product C,Category 2,13,30.0,2023-09-24,1104,Alice Anderson
4556,101,Product A,Category 1,12,10.0,2023-01-07,1421,Miss Mary Williams
342,101,Product A,Category 1,9,10.0,2023-10-11,1905,Christopher Horne
9013,102,Product B,Category 1,8,20.0,2023-04-13,1167,Joseph Mccarty
5928,104,Product D,Category 2,9,40.0,2023-02-13,1259,Daniel Mcmillan
8039,101,Product A,Category 1,9,10.0,2023-01-23,1180,Joshua Raymond
8147,101,Product A,Category 1,3,10.0,2023-05-13,1491,Michael Kaufman
9079,101,Product A,Category 1,12,10.0,2023-09-10,1753,Bradley Townsend
2124,101,Product A,Category 1,7,10.0,2023-04-29,1132,Matthew Williams
7722,102,Product B,Category 1,1,20.0,2023-12-30,1904,Barbara Johnston
6877,101,Product A,Category 1,13,10.0,2023-08-15,1784,Sara Martin
3434,102,Product B,Category 1,15,20.0,2023-10-31,1904,Barbara Johnston
8042,102,Product B,Category 1,2,20.0,2023-11-02,1901,Tammy Kennedy
8371,104,Product D,Category 2,7,40.0,2023-08-31,1530,Christina Santiago
7586,102,Product B,Category 1,11,20.0,2023-01-11,1550,Robert Fox
7705,101,Product A,Category 1,14,10.0,2023-08-03,1005,Jesse Gonzalez
1615,103,Product C,Category 2,5,30.0,2023-08-01,1696,Anthony Guzman
3874,102,Product B,Category 1,13,20.0,2023-04-06,1863,Laura Gonzalez
4676,103,Product C,Category 2,2,30.0,2023-02-02,1337,James Bryant
1847,103,Product C,Category 2,2,30.0,2023-05-07,1798,Joel Hill MD
4530,104,Product D,Category 2,6,40.0,2023-10-25,1344,Katherine Diaz
9554,101,Product A,Category 1,2,10.0,2023-05-08,1037,Kyle Sanchez
4817,101,Product A,Category 1,14,10.0,2023-11-27,1712,Wendy Smith
28,104,Product D,Category 2,3,40.0,2023-11-15,1749,Scott Wright
6658,102,Product B,Category 1,12,20.0,2023-05-18,1789,Jennifer Edwards
7435,101,Product A,Category 1,13,10.0,2023-04-29,1188,Adrienne Weaver
883,102,Product B,Category 1,11,20.0,2023-03-31,1997,Kimberly Banks
3661,104,Product D,Category 2,13,40.0,2023-11-18,1311,Dr. Jennifer Byrd
9162,103,Product C,Category 2,8,30.0,2023-12-18,1489,Renee Hines
1764,104,Product D,Category 2,10,40.0,2023-04-24,1349,Teresa Chung
9598,101,Product A,Category 1,7,10.0,2023-02-25,1018,Jill Schwartz
348,103,Product C,Category 2,3,30.0,2023-06-19,1778,Jennifer Rodriguez
2994,102,Product B,Category 1,2,20.0,2023-08-29,1113,Jeffery Moran
8618,102,Product B,Category 1,5,20.0,2023-08-02,1031,Robert Silva
9895,102,Product B,Category 1,3,20.0,2023-01-28,1123,David Mccoy
828,101,Product A,Category 1,8,10.0,2023-10-19,1647,Ronald Murphy
5357,103,Product C,Category 2,3,30.0,2023-05-14,1092,Shawn Zimmerman
6122,103,Product C,Category 2,1,30.0,2023-12-17,1715,James Daniels
9324,101,Product A,Category 1,11,10.0,2023-05-22,1817,Christopher Morris
8819,102,Product B,Category 1,8,20.0,2023-08-11,1146,Laura Ramos
4691,101,Product A,Category 1,12,10.0,2023-03-07,1986,Joseph Vance
8444,101,Product A,Category 1,9,10.0,2023-10-29,1033,Tammy Jones
6623,101,Product A,Category 1,3,10.0,2023-09-15,1466,Alex Snow
509,102,Product B,Category 1,4,20.0,2023-02-08,1662,Tracy Leach
8041,102,Product B,Category 1,1,20.0,2023-06-23,1347,Noah Fuentes
9601,104,Product D,Category 2,10,40.0,2023-10-31,1384,Joy Kelly
7275,101,Product A,Category 1,11,10.0,2023-12-13,1160,Andrea Lopez
674,101,Product A,Category 1,15,10.0,2023-07-30,1982,Christine Flores
8087,103,Product C,Category 2,1,30.0,2023-03-08,1795,Devin Beck
2847,104,Product D,Category 2,7,40.0,2023-03-02,1650,Joshua Turner
3167,103,Product C,Category 2,5,30.0,2023-06-25,1491,Michael Kaufman
7766,102,Product B,Category 1,11,20.0,2023-04-29,1855,Monica Gonzalez
5429,103,Product C,Category 2,9,30.0,2023-06-21,1631,John Morris
5561,103,Product C,Category 2,15,30.0,2023-04-07,1867,Aaron Stone
5932,101,Product A,Category 1,2,10.0,2023-06-13,1106,Jared Miranda
906,104,Product D,Category 2,8,40.0,2023-02-17,1999,Diane Steele
796,102,Product B,Category 1,13,20.0,2023-06-19,1496,Ashley Williams
840,101,Product A,Category 1,8,10.0,2023-07-15,1969,Lisa White
8076,102,Product B,Category 1,8,20.0,2023-08-12,1870,Joseph Cain
9914,102,Product B,Category 1,14,20.0,2023-09-07,1338,Anthony Patton
4167,101,Product A,Category 1,15,10.0,2023-10-28,1339,Mary Mccoy MD
3163,103,Product C,Category 2,11,30.0,2023-01-10,1494,Destiny Robinson
1005,103,Product C,Category 2,6,30.0,2023-01-04,1987,Stephanie Patterson
1186,104,Product D,Category 2,11,40.0,2023-01-07,1191,Gabriella Bennett
5137,101,Product A,Category 1,8,10.0,2023-07-16,1217,Jessica Harper
2783,104,Product D,Category 2,13,40.0,2023-10-10,1695,Melissa Rodriguez
6316,101,Product A,Category 1,6,10.0,2023-02-16,1619,Angel Sanders
3083,102,Product B,Category 1,12,20.0,2023-07-29,1766,Scott Howard
3021,101,Product A,Category 1,11,10.0,2023-06-26,1946,David Ashley
5761,104,Product D,Category 2,5,40.0,2023-03-16,1519,Tiffany Johnson
8304,102,Product B,Category 1,7,20.0,2023-11-14,1320,Cheryl Kennedy
3215,101,Product A,Category 1,9,10.0,2023-03-11,1211,Cassandra Escobar
7737,102,Product B,Category 1,3,20.0,2023-05-13,1772,Eric White
9764,102,Product B,Category 1,6,20.0,2023-12-02,1933,Tracy Fields
516,101,Product A,Category 1,10,10.0,2023-08-04,1566,Linda Henderson
1059,101,Product A,Category 1,5,10.0,2023-06-01,1905,Christopher Horne
1343,101,Product A,Category 1,1,10.0,2023-07-10,1364,Andrew Gibson
5371,104,Product D,Category 2,2,40.0,2023-10-13,1202,Joseph Stevens
8469,102,Product B,Category 1,5,20.0,2023-10-08,1877,Kelsey Bell
4560,102,Product B,Category 1,6,20.0,2023-09-23,1570,Andre Patel
445,102,Product B,Category 1,11,20.0,2023-05-11,1661,Jamie Murphy
6402,101,Product A,Category 1,5,10.0,2023-01-02,1620,Barbara Hamilton
1639,103,Product C,Category 2,14,30.0,2023-05-29,1924,Paul Brown
3016,102,Product B,Category 1,10,20.0,2023-06-28,1923,Jessica Martin
3323,101,Product A,Category 1,10,10.0,2023-05-03,1372,Ashley Campbell
9978,101,Product A,Category 1,14,10.0,2023-04-03,1418,Gary Gonzales
5545,104,Product D,Category 2,6,40.0,2023-10-23,1717,Ricardo Kim
7191,101,Product A,Category 1,8,10.0,2023-04-15,1482,Amanda Ayers
8090,101,Product A,Category 1,1,10.0,2023-03-23,1098,Brian Martin
3793,103,Product C,Category 2,13,30.0,2023-06-30,1060,Jennifer Carey
5000,101,Product A,Category 1,4,10.0,2023-01-23,1212,Ryan Mcfarland
1939,101,Product A,Category 1,9,10.0,2023-11-02,1766,Scott Howard
6016,101,Product A,Category 1,5,10.0,2023-09-13,1876,Dustin Fletcher
3399,104,Product D,Category 2,14,40.0,2023-04-14,1941,William Carroll
6866,102,Product B,Category 1,5,20.0,2023-04-14,1406,Lonnie Wolf
2021,104,Product D,Category 2,10,40.0,2023-10-20,1653,George Harris
2813,103,Product C,Category 2,7,30.0,2023-09-26,1388,Gary Williams
6468,101,Product A,Category 1,6,10.0,2023-09-24,1122,Kristopher Lee
778,102,Product B,Category 1,1,20.0,2023-08-10,1082,Donna Smith
9535,103,Product C,Category 2,14,30.0,2023-06-16,1212,Ryan Mcfarland
6419,101,Product A,Category 1,4,10.0,2023-08-02,1708,Stephanie Hickman
4208,101,Product A,Category 1,10,10.0,2023-06-17,1323,Debra Hernandez
1391,103,Product C,Category 2,2,30.0,2023-09-08,1629,Alexander Ramirez
2596,103,Product C,Category 2,9,30.0,2023-10-09,1129,Mary Ray
7470,102,Product B,Category 1,6,20.0,2023-01-30,1378,Audrey Davis
5827,104,Product D,Category 2,9,40.0,2023-12-19,1918,Mr. Wesley White
8805,102,Product B,Category 1,9,20.0,2023-04-04,1553,Thomas Maynard
9990,103,Product C,Category 2,13,30.0,2023-02-03,1658,John Abbott
4240,101,Product A,Category 1,8,10.0,2023-08-17,1283,Luis Leonard MD
3189,103,Product C,Category 2,4,30.0,2023-01-27,1740,Jesse Miller
5821,103,Product C,Category 2,1,30.0,2023-10-01,1195,Robert Ellis
91,101,Product A,Category 1,14,10.0,2023-10-23,1391,Mario Williams
2639,103,Product C,Category 2,1,30.0,2023-08-06,1484,Jeffrey Bennett
5822,103,Product C,Category 2,15,30.0,2023-03-17,1923,Jessica Martin
3002,104,Product D,Category 2,3,40.0,2023-01-06,1463,Tiffany Luna
7593,101,Product A,Category 1,12,10.0,2023-08-14,1330,Lance Larsen
8857,102,Product B,Category 1,2,20.0,2023-04-07,1129,Mary Ray
1888,101,Product A,Category 1,14,10.0,2023-08-16,1555,Christopher Dawson DVM
1569,101,Product A,Category 1,10,10.0,2023-04-06,1729,Karen Moyer
7569,103,Product C,Category 2,14,30.0,2023-05-17,1443,Shannon Garcia
663,103,Product C,Category 2,3,30.0,2023-09-23,1858,James Smith
1056,101,Product A,Category 1,13,10.0,2023-07-28,1721,Jordan Curtis
9995,104,Product D,Category 2,15,40.0,2023-01-10,1849,Bryan Cole
5461,102,Product B,Category 1,1,20.0,2023-06-14,1626,Sally Wilson
8631,104,Product D,Category 2,6,40.0,2023-01-27,1225,Dustin Bird
8353,103,Product C,Category 2,9,30.0,2023-04-18,1920,Shannon Maldonado
3253,102,Product B,Category 1,12,20.0,2023-11-12,1901,Tammy Kennedy
5861,102,Product B,Category 1,2,20.0,2023-01-15,1999,Diane Steele
7828,103,Product C,Category 2,14,30.0,2023-03-08,1662,Tracy Leach
7409,101,Product A,Category 1,12,10.0,2023-03-22,1952,Michael Perez
588,102,Product B,Category 1,3,20.0,2023-06-06,1944,Jeremy Novak
5015,101,Product A,Category 1,12,10.0,2023-04-30,1410,Jessica Harvey
6710,101,Product A,Category 1,10,10.0,2023-12-16,1155,Mark Sanchez
1341,103,Product C,Category 2,8,30.0,2023-06-02,1384,Joy Kelly
3758,104,Product D,Category 2,8,40.0,2023-02-26,1572,Nicholas Austin
1837,101,Product A,Category 1,4,10.0,2023-06-27,1818,Alice Dunn
6444,101,Product A,Category 1,13,10.0,2023-06-21,1816,Maureen Olson
5276,104,Product D,Category 2,13,40.0,2023-11-17,1367,Elizabeth Oconnor
3685,103,Product C,Category 2,10,30.0,2023-05-01,1125,Melissa Long
7958,102,Product B,Category 1,10,20.0,2023-02-11,1552,Megan Crawford
5537,103,Product C,Category 2,8,30.0,2023-10-16,1861,Matthew Orr
6304,102,Product B,Category 1,1,20.0,2023-11-06,1508,Brittany Walker
1542,102,Product B,Category 1,9,20.0,2023-08-08,1783,Adrian Guerra
1447,102,Product B,Category 1,5,20.0,2023-07-13,1760,Elizabeth Wright
4729,102,Product B,Category 1,12,20.0,2023-07-12,1531,Brittany Murphy
3207,102,Product B,Category 1,2,20.0,2023-09-03,1064,Alexis Price
5681,101,Product A,Category 1,10,10.0,2023-12-30,1559,Brian Saunders
4990,102,Product B,Category 1,9,20.0,2023-02-12,1747,Sherri Green
8493,101,Product A,Category 1,2,10.0,2023-07-20,1426,Andrew Hill
7485,101,Product A,Category 1,9,10.0,2023-01-29,1392,Kelly Johnson
6986,102,Product B,Category 1,3,20.0,2023-08-09,1134,Tiffany Boyd DVM
1902,104,Product D,Category 2,15,40.0,2023-01-19,1961,Nicholas Gutierrez
7386,102,Product B,Category 1,2,20.0,2023-02-23,1671,Michael King
8246,104,Product D,Category 2,11,40.0,2023-11-19,1880,Jody Cain
7252,101,Product A,Category 1,10,10.0,2023-10-21,1800,James Peterson
7921,102,Product B,Category 1,5,20.0,2023-12-18,1974,Mr. Travis Martin MD
8953,101,Product A,Category 1,14,10.0,2023-07-27,1388,Gary Williams
5425,103,Product C,Category 2,10,30.0,2023-04-20,1563,Lori Wall
2839,101,Product A,Category 1,9,10.0,2023-02-08,1913,Diane Adams
4199,103,Product C,Category 2,7,30.0,2023-03-19,1269,Sean Turner
1300,101,Product A,Category 1,9,10.0,2023-06-01,1971,Mark Mccann
9277,102,Product B,Category 1,10,20.0,2023-01-01,1148,Veronica Delgado
720,101,Product A,Category 1,10,10.0,2023-09-16,1670,Isaac Solis
534,103,Product C,Category 2,11,30.0,2023-04-21,1764,John Caldwell
6503,104,Product D,Category 2,10,40.0,2023-05-24,1982,Christine Flores
9028,101,Product A,Category 1,9,10.0,2023-09-09,1591,Jennifer Ford
3476,103,Product C,Category 2,15,30.0,2023-03-16,1372,Ashley Campbell
5541,101,Product A,Category 1,13,10.0,2023-05-07,1672,Jennifer Lowe
8161,102,Product B,Category 1,7,20.0,2023-11-07,1169,Mark Stewart
2781,102,Product B,Category 1,11,20.0,2023-02-09,1537,Steven Taylor
8793,102,Product B,Category 1,1,20.0,2023-09-18,1414,Amanda Wilson
8758,102,Product B,Category 1,12,20.0,2023-04-23,1726,Andrea Shah
3560,101,Product A,Category 1,11,10.0,2023-08-09,1385,Mrs. Brandi Shaw
8484,104,Product D,Category 2,6,40.0,2023-01-09,1851,Jessica Golden
4669,103,Product C,Category 2,8,30.0,2023-04-19,1815,Kirsten Tran
2449,102,Product B,Category 1,2,20.0,2023-12-12,1096,Jaime Young
7903,102,Product B,Category 1,15,20.0,2023-04-24,1699,Sabrina Schultz
5008,102,Product B,Category 1,2,20.0,2023-05-30,1114,Daniel Reed
4625,104,Product D,Category 2,11,40.0,2023-09-10,1571,Robert Keller
6666,101,Product A,Category 1,4,10.0,2023-07-25,1761,Gregory Hodges
8074,104,Product D,Category 2,13,40.0,2023-02-05,1290,Angela Hanson
4497,104,Product D,Category 2,10,40.0,2023-07-10,1418,Gary Gonzales
290,101,Product A,Category 1,2,10.0,2023-09-14,1659,Diana Taylor
1755,102,Product B,Category 1,2,20.0,2023-07-28,1898,Henry Wright
9262,102,Product B,Category 1,12,20.0,2023-05-04,1367,Elizabeth Oconnor
1091,102,Product B,Category 1,4,20.0,2023-05-13,1284,Jessica Miles
3302,101,Product A,Category 1,2,10.0,2023-05-18,1567,Yvonne Banks
7031,101,Product A,Category 1,7,10.0,2023-06-18,1684,Ronald Hamilton
6502,104,Product D,Category 2,6,40.0,2023-11-07,1166,Emma Sosa
2931,101,Product A,Category 1,6,10.0,2023-06-17,1026,Bailey Middleton
2884,103,Product C,Category 2,7,30.0,2023-06-15,1190,Dr. Debra Thomas
5394,101,Product A,Category 1,1,10.0,2023-02-11,1726,Andrea Shah
2227,103,Product C,Category 2,15,30.0,2023-04-27,1407,Jennifer Brock
7997,104,Product D,Category 2,14,40.0,2023-01-13,1803,Heather Jefferson
3829,101,Product A,Category 1,11,10.0,2023-02-05,1619,Angel Sanders
4721,102,Product B,Category 1,7,20.0,2023-06-25,1964,Christopher Gonzales
4629,101,Product A,Category 1,1,10.0,2023-03-20,1824,Sandra Walker
7502,101,Product A,Category 1,10,10.0,2023-02-06,1308,Amy Barber
7524,101,Product A,Category 1,14,10.0,2023-06-03,1795,Devin Beck
2950,102,Product B,Category 1,7,20.0,2023-05-16,1938,Mark Carlson
7289,102,Product B,Category 1,8,20.0,2023-04-20,1634,Ann Rush
1855,101,Product A,Category 1,6,10.0,2023-07-08,1735,Antonio Petersen
2807,103,Product C,Category 2,3,30.0,2023-01-17,1820,William Smith II
3019,102,Product B,Category 1,1,20.0,2023-05-04,1600,Kimberly Gallegos
1738,101,Product A,Category 1,6,10.0,2023-12-11,1684,Ronald Hamilton
9777,102,Product B,Category 1,12,20.0,2023-07-10,1139,Katherine Evans
3959,102,Product B,Category 1,10,20.0,2023-02-12,1263,John Davis
6795,104,Product D,Category 2,2,40.0,2023-11-13,1359,Nicole Matthews
7411,102,Product B,Category 1,7,20.0,2023-11-16,1574,Amy Moore
3739,101,Product A,Category 1,6,10.0,2023-06-21,1881,Alicia Parrish
3419,101,Product A,Category 1,15,10.0,2023-08-21,1258,Kelsey Gill
8176,101,Product A,Category 1,11,10.0,2023-02-12,1462,Amy Wang
7686,104,Product D,Category 2,2,40.0,2023-08-03,1821,Brandi Thompson
5473,101,Product A,Category 1,4,10.0,2023-07-15,1266,John Banks
6539,101,Product A,Category 1,9,10.0,2023-06-22,1999,Diane Steele
2051,102,Product B,Category 1,15,20.0,2023-11-19,1848,Amber Campbell
7642,102,Product B,Category 1,14,20.0,2023-07-21,1712,Wendy Smith
9954,103,Product C,Category 2,14,30.0,2023-01-06,1219,Kathleen White
999,101,Product A,Category 1,12,10.0,2023-07-22,1975,Theresa Poole
1536,101,Product A,Category 1,7,10.0,2023-04-09,1719,Michael Williams
4892,102,Product B,Category 1,11,20.0,2023-11-23,1397,Shannon Molina
9561,104,Product D,Category 2,11,40.0,2023-11-29,1734,Brian Webster
316,102,Product B,Category 1,7,20.0,2023-03-06,1791,Mrs. Wanda Mullins
3815,103,Product C,Category 2,15,30.0,2023-12-27,1505,Melissa Myers
6545,103,Product C,Category 2,15,30.0,2023-10-25,1572,Nicholas Austin
3818,101,Product A,Category 1,2,10.0,2023-05-27,1154,Renee Guzman
6290,103,Product C,Category 2,6,30.0,2023-04-26,1583,Susan Zimmerman
652,102,Product B,Category 1,12,20.0,2023-11-14,1644,Heather Leonard
9681,102,Product B,Category 1,3,20.0,2023-04-17,1998,Paul Jones
7804,103,Product C,Category 2,5,30.0,2023-08-13,1172,Sara Smith
6143,103,Product C,Category 2,14,30.0,2023-02-04,1891,Justin Phillips
7964,101,Product A,Category 1,15,10.0,2023-12-30,1334,Jennifer Burch
284,101,Product A,Category 1,3,10.0,2023-10-13,1449,Joshua Reyes
7398,101,Product A,Category 1,6,10.0,2023-10-11,1608,Nicole Ballard
6766,101,Product A,Category 1,15,10.0,2023-04-19,1748,Kelly Cooley
8675,102,Product B,Category 1,2,20.0,2023-10-18,1209,Joseph Baker
8887,101,Product A,Category 1,7,10.0,2023-12-09,1677,Jay Jarvis
8099,104,Product D,Category 2,15,40.0,2023-05-15,1076,Mike Barnett
8177,101,Product A,Category 1,11,10.0,2023-05-10,1090,Amy Strickland
8928,104,Product D,Category 2,14,40.0,2023-04-21,1035,Robert Rodriguez
7515,101,Product A,Category 1,11,10.0,2023-10-15,1076,Mike Barnett
2591,101,Product A,Category 1,10,10.0,2023-01-17,1442,Lori Rosales
1046,102,Product B,Category 1,3,20.0,2023-03-06,1033,Tammy Jones
5941,102,Product B,Category 1,9,20.0,2023-05-06,1979,Joseph Phillips
2892,101,Product A,Category 1,7,10.0,2023-02-16,1511,Kenneth Hardy
9226,101,Product A,Category 1,11,10.0,2023-08-03,1449,Joshua Reyes
5945,102,Product B,Category 1,13,20.0,2023-05-06,1420,Nancy Parks
949,101,Product A,Category 1,7,10.0,2023-01-17,1303,Ashley Lopez
4346,102,Product B,Category 1,15,20.0,2023-12-30,1478,Beth Jackson
4715,102,Product B,Category 1,9,20.0,2023-04-29,1518,Luis Keller
6956,103,Product C,Category 2,12,30.0,2023-03-14,1746,Samantha Taylor
4411,101,Product A,Category 1,9,10.0,2023-09-22,1422,Lindsay Miller
8635,101,Product A,Category 1,10,10.0,2023-05-19,1674,Adam Bullock
1306,102,Product B,Category 1,14,20.0,2023-04-25,1027,Destiny Moreno
3245,101,Product A,Category 1,10,10.0,2023-08-08,1673,Destiny Rivas
9197,101,Product A,Category 1,7,10.0,2023-04-20,1545,Bruce Martin
5335,102,Product B,Category 1,8,20.0,2023-10-24,1092,Shawn Zimmerman
9095,101,Product A,Category 1,15,10.0,2023-10-18,1084,Andrea Hayes
4492,104,Product D,Category 2,2,40.0,2023-03-04,1858,James Smith
9544,101,Product A,Category 1,8,10.0,2023-07-24,1942,Joseph Martin
1339,102,Product B,Category 1,7,20.0,2023-09-26,1895,Miranda Taylor
518,102,Product B,Category 1,8,20.0,2023-08-22,1858,James Smith
4453,103,Product C,Category 2,7,30.0,2023-06-28,1179,Michael Sexton
5497,103,Product C,Category 2,10,30.0,2023-05-08,1775,William Camacho
4670,101,Product A,Category 1,15,10.0,2023-04-17,1434,Scott Johnston
4602,102,Product B,Category 1,4,20.0,2023-09-13,1121,Frank West
9547,102,Product B,Category 1,14,20.0,2023-08-13,1842,Christopher Martin
8137,101,Product A,Category 1,13,10.0,2023-07-27,1824,Sandra Walker
1318,101,Product A,Category 1,5,10.0,2023-03-19,1589,Brandi Hill
5597,102,Product B,Category 1,5,20.0,2023-12-20,1480,Kimberly Johnson
8171,101,Product A,Category 1,7,10.0,2023-10-25,1099,Karl Smith
9228,102,Product B,Category 1,6,20.0,2023-10-05,1594,Amanda Bowers
8117,102,Product B,Category 1,1,20.0,2023-03-17,1332,Brittany Lester
2435,102,Product B,Category 1,13,20.0,2023-08-22,1698,Samuel Smith
8925,102,Product B,Category 1,13,20.0,2023-01-21,1880,Jody Cain
3402,103,Product C,Category 2,8,30.0,2023-07-13,1752,Tammy Parrish
4044,102,Product B,Category 1,4,20.0,2023-11-23,1700,Robert Barton
6581,101,Product A,Category 1,7,10.0,2023-05-25,1946,David Ashley
3936,103,Product C,Category 2,3,30.0,2023-12-25,1840,Ian Perkins
4704,103,Product C,Category 2,2,30.0,2023-05-17,1821,Brandi Thompson
5449,104,Product D,Category 2,15,40.0,2023-10-26,1047,Suzanne Avila
4666,103,Product C,Category 2,2,30.0,2023-02-10,1323,Debra Hernandez
4399,102,Product B,Category 1,13,20.0,2023-10-08,1622,Jessica Richmond
6367,101,Product A,Category 1,13,10.0,2023-06-23,1230,Brandon Marsh
6579,103,Product C,Category 2,12,30.0,2023-06-30,1660,Anthony Warren
1577,101,Product A,Category 1,10,10.0,2023-08-22,1557,Nicholas Caldwell
2343,102,Product B,Category 1,8,20.0,2023-07-26,1804,Paul Patterson
5457,104,Product D,Category 2,9,40.0,2023-03-28,1675,Jessica Villa
525,104,Product D,Category 2,2,40.0,2023-05-19,1941,William Carroll
2786,101,Product A,Category 1,6,10.0,2023-09-20,1434,Scott Johnston
7036,101,Product A,Category 1,1,10.0,2023-09-07,1521,Jonathan Jackson
6665,102,Product B,Category 1,2,20.0,2023-08-22,1418,Gary Gonzales
7052,103,Product C,Category 2,11,30.0,2023-08-06,1738,Sabrina Soto
1604,104,Product D,Category 2,7,40.0,2023-06-08,1943,Jason Ortiz
8227,101,Product A,Category 1,3,10.0,2023-03-29,1202,Joseph Stevens
7158,102,Product B,Category 1,1,20.0,2023-11-12,1545,Bruce Martin
8643,101,Product A,Category 1,8,10.0,2023-09-18,1987,Stephanie Patterson
434,104,Product D,Category 2,4,40.0,2023-03-20,1358,Jonathan Franco
5685,103,Product C,Category 2,10,30.0,2023-05-04,1031,Robert Silva
4442,103,Product C,Category 2,10,30.0,2023-01-27,1819,Michele Hamilton
618,102,Product B,Category 1,1,20.0,2023-05-25,1734,Brian Webster
649,101,Product A,Category 1,10,10.0,2023-04-22,1078,Jacob King
9335,102,Product B,Category 1,15,20.0,2023-10-03,1002,Jeffrey Knapp
7381,103,Product C,Category 2,3,30.0,2023-03-17,1286,Kevin Hebert
5863,102,Product B,Category 1,5,20.0,2023-02-20,1945,Deborah Weber
7391,103,Product C,Category 2,13,30.0,2023-10-31,1374,Cynthia Morgan
3950,101,Product A,Category 1,7,10.0,2023-08-23,1729,Karen Moyer
1377,104,Product D,Category 2,1,40.0,2023-04-10,1943,Jason Ortiz
82,101,Product A,Category 1,11,10.0,2023-08-09,1452,Heather Payne
2365,102,Product B,Category 1,14,20.0,2023-03-04,1399,Eric Smith
1188,101,Product A,Category 1,15,10.0,2023-09-11,1251,Christina Clark
8769,102,Product B,Category 1,14,20.0,2023-03-16,1340,Debra Kelly
7414,103,Product C,Category 2,2,30.0,2023-03-23,1310,Regina Turner
8718,101,Product A,Category 1,6,10.0,2023-04-12,1034,Sarah Thomas
9530,102,Product B,Category 1,13,20.0,2023-02-12,1700,Robert Barton
7255,102,Product B,Category 1,8,20.0,2023-11-28,1195,Robert Ellis
1176,102,Product B,Category 1,5,20.0,2023-07-18,1300,Barbara Peterson
4362,102,Product B,Category 1,5,20.0,2023-03-20,1840,Ian Perkins
8921,102,Product B,Category 1,15,20.0,2023-10-01,1317,Sharon Kennedy
6841,101,Product A,Category 1,8,10.0,2023-11-28,1018,Jill Schwartz
1232,101,Product A,Category 1,14,10.0,2023-07-02,1859,Danielle Robinson
8113,102,Product B,Category 1,13,20.0,2023-02-25,1565,Latoya Hayes
5724,102,Product B,Category 1,3,20.0,2023-12-09,1738,Sabrina Soto
9706,101,Product A,Category 1,8,10.0,2023-10-07,1885,Dustin Anderson
430,103,Product C,Category 2,1,30.0,2023-08-23,1314,Shane Garcia
1484,101,Product A,Category 1,4,10.0,2023-01-22,1650,Joshua Turner
3703,101,Product A,Category 1,11,10.0,2023-11-20,1033,Tammy Jones
6961,104,Product D,Category 2,5,40.0,2023-09-11,1639,James Macdonald
2184,102,Product B,Category 1,4,20.0,2023-12-26,1821,Brandi Thompson
3203,103,Product C,Category 2,12,30.0,2023-01-28,1884,Donald Davis
4305,103,Product C,Category 2,15,30.0,2023-04-10,1111,Christopher Smith
3423,101,Product A,Category 1,1,10.0,2023-07-11,1725,Matthew Downs
8592,101,Product A,Category 1,9,10.0,2023-05-16,1572,Nicholas Austin
7950,102,Product B,Category 1,5,20.0,2023-02-09,1690,Ashley Ali
8005,102,Product B,Category 1,13,20.0,2023-08-10,1762,Stephen Douglas
4966,103,Product C,Category 2,2,30.0,2023-03-06,1562,Lisa Thompson
1866,101,Product A,Category 1,4,10.0,2023-08-12,1028,Jeffrey Smith
3342,102,Product B,Category 1,12,20.0,2023-09-30,1547,Lori Bell
4957,102,Product B,Category 1,6,20.0,2023-05-08,1233,Robert Hahn
5370,101,Product A,Category 1,13,10.0,2023-10-23,1808,Abigail Williams
2445,102,Product B,Category 1,10,20.0,2023-03-16,1542,Christy Lynch
606,104,Product D,Category 2,6,40.0,2023-04-03,1112,Rachel Graham
9815,104,Product D,Category 2,4,40.0,2023-10-03,1348,Wendy Small
7380,103,Product C,Category 2,4,30.0,2023-07-03,1457,Carol Wood
2758,101,Product A,Category 1,6,10.0,2023-11-23,1625,Timothy Marshall
7656,101,Product A,Category 1,14,10.0,2023-07-06,1038,Isaac Sexton
6116,103,Product C,Category 2,8,30.0,2023-07-23,1829,Jill Nunez
8638,104,Product D,Category 2,9,40.0,2023-05-08,1540,Tina Thompson
6113,102,Product B,Category 1,1,20.0,2023-09-20,1573,Jimmy Blanchard
8420,101,Product A,Category 1,6,10.0,2023-04-14,1808,Abigail Williams
9807,102,Product B,Category 1,7,20.0,2023-06-13,1243,Patricia Sampson
8436,102,Product B,Category 1,12,20.0,2023-05-05,1919,Erica Russell
235,102,Product B,Category 1,15,20.0,2023-10-03,1757,Cynthia King
790,103,Product C,Category 2,12,30.0,2023-10-25,1038,Isaac Sexton
362,104,Product D,Category 2,10,40.0,2023-11-12,1958,Joseph Irwin
3617,102,Product B,Category 1,7,20.0,2023-07-06,1221,Matthew Hunter
8684,101,Product A,Category 1,8,10.0,2023-09-01,1565,Latoya Hayes
3741,104,Product D,Category 2,14,40.0,2023-11-29,1709,Nicholas Pena
1251,101,Product A,Category 1,9,10.0,2023-07-22,1539,Charles Dixon
7875,101,Product A,Category 1,4,10.0,2023-09-04,1140,Samantha Collins
4714,103,Product C,Category 2,3,30.0,2023-03-20,1412,Michele Myers MD
6344,103,Product C,Category 2,5,30.0,2023-06-25,1959,Elizabeth Jefferson
7682,101,Product A,Category 1,12,10.0,2023-02-02,1094,Lisa Meyer
2065,102,Product B,Category 1,3,20.0,2023-02-04,1037,Kyle Sanchez
4592,101,Product A,Category 1,13,10.0,2023-04-21,1129,Mary Ray
6664,101,Product A,Category 1,12,10.0,2023-03-11,1653,George Harris
4537,102,Product B,Category 1,7,20.0,2023-07-01,1851,Jessica Golden
4887,101,Product A,Category 1,12,10.0,2023-10-17,1570,Andre Patel
4529,101,Product A,Category 1,15,10.0,2023-08-13,1956,Mrs. Sonya Jacobs MD
9063,102,Product B,Category 1,10,20.0,2023-05-22,1620,Barbara Hamilton
9352,102,Product B,Category 1,5,20.0,2023-09-16,1686,Anthony Perez
866,101,Product A,Category 1,1,10.0,2023-09-13,1579,Michele Hicks
5871,101,Product A,Category 1,14,10.0,2023-04-09,1120,Dennis Green
9849,102,Product B,Category 1,10,20.0,2023-01-05,1901,Tammy Kennedy
3194,104,Product D,Category 2,2,40.0,2023-07-29,1130,Tracy Martinez
3647,102,Product B,Category 1,5,20.0,2023-04-17,1457,Carol Wood
5568,104,Product D,Category 2,14,40.0,2023-05-24,1769,Ricky Soto
205,102,Product B,Category 1,1,20.0,2023-03-24,1825,Andrew Sweeney
5363,102,Product B,Category 1,11,20.0,2023-08-03,1811,Ryan Webb
6628,101,Product A,Category 1,9,10.0,2023-10-15,1836,Sarah Murphy
7687,102,Product B,Category 1,9,20.0,2023-09-16,1317,Sharon Kennedy
581,102,Product B,Category 1,12,20.0,2023-01-10,1124,Carrie Crawford
6443,101,Product A,Category 1,15,10.0,2023-11-26,1192,Alicia Reynolds
4737,101,Product A,Category 1,11,10.0,2023-05-31,1827,Sharon Summers
5504,102,Product B,Category 1,6,20.0,2023-07-13,1868,James Martinez
6049,101,Product A,Category 1,3,10.0,2023-07-26,1912,Joann Brown
3963,101,Product A,Category 1,1,10.0,2023-07-16,1420,Nancy Parks
561,101,Product A,Category 1,8,10.0,2023-09-09,1529,Lucas Rogers
5064,102,Product B,Category 1,10,20.0,2023-05-14,1901,Tammy Kennedy
890,104,Product D,Category 2,14,40.0,2023-01-23,1433,Cristian Mcknight
3490,101,Product A,Category 1,9,10.0,2023-11-18,1748,Kelly Cooley
5688,103,Product C,Category 2,14,30.0,2023-05-18,1962,Kaitlyn Douglas
5808,104,Product D,Category 2,10,40.0,2023-05-30,1522,Jack Medina
1509,101,Product A,Category 1,8,10.0,2023-05-03,1362,Jason Hurley
5692,103,Product C,Category 2,5,30.0,2023-08-05,1250,Bruce Walsh
1765,101,Product A,Category 1,12,10.0,2023-02-15,1799,Rita Romero
4631,101,Product A,Category 1,5,10.0,2023-02-26,1524,Joshua Lane
1722,101,Product A,Category 1,14,10.0,2023-01-19,1945,Deborah Weber
1100,104,Product D,Category 2,3,40.0,2023-01-18,1909,Billy Rowland
1913,101,Product A,Category 1,13,10.0,2023-11-04,1375,Grace Lopez
510,103,Product C,Category 2,10,30.0,2023-09-22,1813,Cathy Hanna
279,101,Product A,Category 1,4,10.0,2023-08-20,1180,Joshua Raymond
9109,102,Product B,Category 1,8,20.0,2023-11-25,1003,Katrina White
272,102,Product B,Category 1,8,20.0,2023-08-03,1899,Daniel Smith
9005,101,Product A,Category 1,2,10.0,2023-06-14,1928,Marissa Mendoza
3970,101,Product A,Category 1,2,10.0,2023-02-19,1485,Jonathan Arnold
7108,102,Product B,Category 1,12,20.0,2023-02-27,1663,Miss Crystal Butler
7428,104,Product D,Category 2,9,40.0,2023-07-27,1635,Kevin Saunders
1669,103,Product C,Category 2,7,30.0,2023-04-30,1173,John Shaw
3610,104,Product D,Category 2,4,40.0,2023-07-04,1790,Kathleen Dunn
3141,101,Product A,Category 1,11,10.0,2023-07-25,1313,Crystal Johns
7244,103,Product C,Category 2,14,30.0,2023-05-11,1833,Benjamin Ellis
5820,103,Product C,Category 2,14,30.0,2023-05-28,1406,Lonnie Wolf
9870,103,Product C,Category 2,13,30.0,2023-12-07,1866,Richard Goodman
2942,101,Product A,Category 1,14,10.0,2023-11-26,1240,Troy Phillips
8279,102,Product B,Category 1,15,20.0,2023-07-21,1460,Kelly Haynes
820,101,Product A,Category 1,9,10.0,2023-07-21,1524,Joshua Lane
4780,103,Product C,Category 2,4,30.0,2023-06-03,1713,Jeffery Brown
9442,102,Product B,Category 1,9,20.0,2023-07-08,1760,Elizabeth Wright
7032,101,Product A,Category 1,7,10.0,2023-07-26,1674,Adam Bullock
6783,101,Product A,Category 1,2,10.0,2023-08-24,1346,Kelsey Martinez
9481,104,Product D,Category 2,5,40.0,2023-08-03,1096,Jaime Young
2921,103,Product C,Category 2,8,30.0,2023-11-15,1778,Jennifer Rodriguez
8527,101,Product A,Category 1,14,10.0,2023-08-08,1321,Linda Rivera
7293,104,Product D,Category 2,4,40.0,2023-02-28,1118,Heather Proctor
213,101,Product A,Category 1,10,10.0,2023-11-27,1378,Audrey Davis
9031,102,Product B,Category 1,4,20.0,2023-04-13,1450,Eric Oconnor
1786,102,Product B,Category 1,11,20.0,2023-03-20,1258,Kelsey Gill
7999,103,Product C,Category 2,13,30.0,2023-09-17,1227,Erin Barrera
1386,103,Product C,Category 2,14,30.0,2023-05-18,1147,Kevin Larson
7920,102,Product B,Category 1,4,20.0,2023-06-16,1507,Bryan Myers
4252,102,Product B,Category 1,11,20.0,2023-06-19,1671,Michael King
6923,101,Product A,Category 1,7,10.0,2023-09-18,1304,Justin Morse
1479,102,Product B,Category 1,6,20.0,2023-07-18,1526,Kari Baker
4156,101,Product A,Category 1,11,10.0,2023-06-02,1605,Dawn Rivera
743,102,Product B,Category 1,12,20.0,2023-06-12,1847,Paul Smith
9622,104,Product D,Category 2,15,40.0,2023-05-26,1207,Ashley Powell
7287,103,Product C,Category 2,13,30.0,2023-08-03,1216,Mason Hopkins
5048,104,Product D,Category 2,13,40.0,2023-02-14,1187,Bob Franklin
3925,101,Product A,Category 1,4,10.0,2023-07-02,1892,Elizabeth Mercado
5177,104,Product D,Category 2,12,40.0,2023-02-09,1208,Lisa Smith
2753,103,Product C,Category 2,15,30.0,2023-05-26,1603,Wayne Shaw
5956,102,Product B,Category 1,14,20.0,2023-04-21,1090,Amy Strickland
539,101,Product A,Category 1,13,10.0,2023-10-06,1570,Andre Patel
7925,102,Product B,Category 1,11,20.0,2023-11-16,1665,Michele Sharp
7912,102,Product B,Category 1,15,20.0,2023-10-11,1361,Steven Gray
3383,101,Product A,Category 1,7,10.0,2023-01-24,1989,Jason Smith
695,103,Product C,Category 2,9,30.0,2023-06-28,1134,Tiffany Boyd DVM
7433,101,Product A,Category 1,2,10.0,2023-09-13,1089,Nancy Ruiz
5481,101,Product A,Category 1,9,10.0,2023-12-11,1294,Tammy Robinson
3478,102,Product B,Category 1,3,20.0,2023-11-06,1755,Jessica Craig
3343,104,Product D,Category 2,15,40.0,2023-01-07,1496,Ashley Williams
8462,101,Product A,Category 1,11,10.0,2023-04-18,1603,Wayne Shaw
894,104,Product D,Category 2,1,40.0,2023-09-21,1528,Regina Brown
3075,102,Product B,Category 1,15,20.0,2023-10-23,1322,Janet Estrada
257,101,Product A,Category 1,11,10.0,2023-02-23,1620,Barbara Hamilton
1185,102,Product B,Category 1,14,20.0,2023-02-20,1070,Miss Brittany Boyd
7159,102,Product B,Category 1,14,20.0,2023-11-06,1802,Sarah Moses
371,104,Product D,Category 2,5,40.0,2023-07-04,1246,Jerry Stephens
4010,102,Product B,Category 1,13,20.0,2023-09-11,1913,Diane Adams
7822,101,Product A,Category 1,7,10.0,2023-07-16,1448,Mrs. Alisha Bowers
3674,104,Product D,Category 2,11,40.0,2023-01-02,1625,Timothy Marshall
224,103,Product C,Category 2,6,30.0,2023-06-25,1100,Sarah Evans
8848,101,Product A,Category 1,3,10.0,2023-10-21,1341,Craig Blake
4390,102,Product B,Category 1,14,20.0,2023-11-05,1987,Stephanie Patterson
3760,101,Product A,Category 1,5,10.0,2023-12-15,1053,Hannah Mclaughlin
3107,102,Product B,Category 1,8,20.0,2023-12-09,1032,Jacob Brown
1089,102,Product B,Category 1,13,20.0,2023-12-29,1769,Ricky Soto
1973,103,Product C,Category 2,1,30.0,2023-12-16,1193,Kendra Johns
4616,102,Product B,Category 1,3,20.0,2023-02-28,1126,Anthony Kaiser
9676,101,Product A,Category 1,10,10.0,2023-07-14,1145,James Bauer
8728,102,Product B,Category 1,12,20.0,2023-07-14,1522,Jack Medina
2443,101,Product A,Category 1,8,10.0,2023-09-04,1522,Jack Medina
7902,101,Product A,Category 1,11,10.0,2023-05-11,1578,Robert Green
2603,104,Product D,Category 2,5,40.0,2023-10-16,1972,Jason Vasquez
782,101,Product A,Category 1,9,10.0,2023-01-21,1155,Mark Sanchez
9805,103,Product C,Category 2,8,30.0,2023-10-30,1034,Sarah Thomas
6603,101,Product A,Category 1,12,10.0,2023-04-19,1522,Jack Medina
7185,104,Product D,Category 2,14,40.0,2023-08-24,1934,Lorraine Deleon
8636,101,Product A,Category 1,13,10.0,2023-02-05,1460,Kelly Haynes
7079,104,Product D,Category 2,10,40.0,2023-12-20,1422,Lindsay Miller
7087,103,Product C,Category 2,3,30.0,2023-08-09,1660,Anthony Warren
748,101,Product A,Category 1,5,10.0,2023-10-20,1737,Colleen Mcgee
687,102,Product B,Category 1,5,20.0,2023-12-30,1319,Jennifer Clark
9033,101,Product A,Category 1,12,10.0,2023-11-19,1924,Paul Brown
3832,101,Product A,Category 1,6,10.0,2023-01-25,1591,Jennifer Ford
5520,104,Product D,Category 2,5,40.0,2023-06-26,1331,Katherine Oliver
8209,102,Product B,Category 1,6,20.0,2023-05-19,1245,Michelle Hampton
7726,101,Product A,Category 1,2,10.0,2023-04-08,1297,Russell Gomez
628,102,Product B,Category 1,7,20.0,2023-09-09,1696,Anthony Guzman
8687,101,Product A,Category 1,5,10.0,2023-12-07,1537,Steven Taylor
8236,101,Product A,Category 1,10,10.0,2023-09-11,1783,Adrian Guerra
1892,101,Product A,Category 1,14,10.0,2023-03-08,1813,Cathy Hanna
8786,103,Product C,Category 2,2,30.0,2023-12-09,1182,Zachary Ward
7103,101,Product A,Category 1,15,10.0,2023-09-18,1262,Patricia Garcia
1136,101,Product A,Category 1,10,10.0,2023-07-06,1550,Robert Fox
9070,103,Product C,Category 2,2,30.0,2023-04-19,1814,Kimberly Hamilton
6407,104,Product D,Category 2,1,40.0,2023-12-19,1572,Nicholas Austin
4108,101,Product A,Category 1,12,10.0,2023-08-03,1954,Samantha Moore
3773,102,Product B,Category 1,1,20.0,2023-09-14,1720,Laura Smith
922,102,Product B,Category 1,5,20.0,2023-07-30,1693,Paula Mcguire
5644,104,Product D,Category 2,12,40.0,2023-02-24,1359,Nicole Matthews
9158,101,Product A,Category 1,4,10.0,2023-11-09,1298,Christopher Mullins
3220,102,Product B,Category 1,10,20.0,2023-12-02,1150,Terri Smith
3139,102,Product B,Category 1,5,20.0,2023-05-24,1092,Shawn Zimmerman
2254,103,Product C,Category 2,13,30.0,2023-04-18,1738,Sabrina Soto
9916,101,Product A,Category 1,9,10.0,2023-09-15,1715,James Daniels
9627,103,Product C,Category 2,7,30.0,2023-05-30,1964,Christopher Gonzales
6845,101,Product A,Category 1,6,10.0,2023-07-05,1798,Joel Hill MD
1196,102,Product B,Category 1,1,20.0,2023-01-26,1908,Tony Stephens
4879,101,Product A,Category 1,9,10.0,2023-02-18,1673,Destiny Rivas
8668,104,Product D,Category 2,9,40.0,2023-04-11,1409,Lynn Shields
974,102,Product B,Category 1,12,20.0,2023-05-31,1064,Alexis Price
9959,101,Product A,Category 1,10,10.0,2023-03-08,1477,Louis Harris
4938,101,Product A,Category 1,1,10.0,2023-09-08,1118,Heather Proctor
6881,104,Product D,Category 2,13,40.0,2023-05-02,1700,Robert Barton
1045,102,Product B,Category 1,15,20.0,2023-01-05,1892,Elizabeth Mercado
227,103,Product C,Category 2,15,30.0,2023-05-27,1872,David Krueger
3081,101,Product A,Category 1,5,10.0,2023-06-30,1292,Jamie Pitts
1493,101,Product A,Category 1,4,10.0,2023-07-22,1981,Elizabeth Peters
500,104,Product D,Category 2,8,40.0,2023-06-20,1941,William Carroll
6980,103,Product C,Category 2,10,30.0,2023-03-30,1296,John Walker MD
4285,101,Product A,Category 1,1,10.0,2023-04-08,1124,Carrie Crawford
2091,103,Product C,Category 2,1,30.0,2023-12-09,1382,Dr. Martha Martin
5656,102,Product B,Category 1,8,20.0,2023-06-22,1846,Jonathan Nunez
400,102,Product B,Category 1,2,20.0,2023-05-03,1707,Mr. Nicholas Harris Jr.
7544,103,Product C,Category 2,6,30.0,2023-07-24,1843,Peter Garrison
5916,102,Product B,Category 1,2,20.0,2023-10-14,1802,Sarah Moses
2725,102,Product B,Category 1,6,20.0,2023-09-09,1081,Dana Kennedy
6951,103,Product C,Category 2,2,30.0,2023-11-04,1497,James Myers
2776,101,Product A,Category 1,14,10.0,2023-07-26,1315,Alejandro Davis
5639,101,Product A,Category 1,14,10.0,2023-05-03,1407,Jennifer Brock
5892,101,Product A,Category 1,14,10.0,2023-01-14,1858,James Smith
9004,101,Product A,Category 1,12,10.0,2023-12-21,1805,Joshua Lozano
6459,102,Product B,Category 1,14,20.0,2023-01-19,1924,Paul Brown
7653,101,Product A,Category 1,6,10.0,2023-06-30,1296,John Walker MD
3841,103,Product C,Category 2,3,30.0,2023-05-06,1649,Kimberly Hernandez
2488,102,Product B,Category 1,11,20.0,2023-04-08,1257,Brandon Leon
7302,101,Product A,Category 1,15,10.0,2023-04-21,1140,Samantha Collins
96,102,Product B,Category 1,10,20.0,2023-12-12,1434,Scott Johnston
469,103,Product C,Category 2,1,30.0,2023-06-22,1456,Laura Vance
1195,101,Product A,Category 1,14,10.0,2023-08-23,1092,Shawn Zimmerman
4016,102,Product B,Category 1,6,20.0,2023-02-28,1751,Debbie Roth
5560,101,Product A,Category 1,9,10.0,2023-04-21,1627,Daniel Lopez
5169,102,Product B,Category 1,14,20.0,2023-09-21,1390,Danielle Cross
9034,101,Product A,Category 1,14,10.0,2023-09-14,1361,Steven Gray
955,101,Product A,Category 1,5,10.0,2023-02-09,1870,Joseph Cain
4867,101,Product A,Category 1,7,10.0,2023-08-29,1540,Tina Thompson
7327,103,Product C,Category 2,8,30.0,2023-06-18,1755,Jessica Craig
9951,103,Product C,Category 2,3,30.0,2023-09-23,1642,Bryce Coleman
6330,103,Product C,Category 2,9,30.0,2023-06-04,1068,Tina Thompson
3831,104,Product D,Category 2,10,40.0,2023-08-10,1983,Pamela Griffin MD
2496,101,Product A,Category 1,4,10.0,2023-04-26,1254,Donald Brown MD
9171,101,Product A,Category 1,3,10.0,2023-07-10,1310,Regina Turner
6524,104,Product D,Category 2,7,40.0,2023-12-18,1603,Wayne Shaw
4988,101,Product A,Category 1,13,10.0,2023-08-12,1819,Michele Hamilton
5408,104,Product D,Category 2,1,40.0,2023-03-25,1614,Kathy Young
366,101,Product A,Category 1,2,10.0,2023-08-09,1883,Nicole Barton
1609,101,Product A,Category 1,1,10.0,2023-04-18,1600,Kimberly Gallegos
887,103,Product C,Category 2,3,30.0,2023-01-14,1501,Jane Cruz
5266,101,Product A,Category 1,4,10.0,2023-09-08,1258,Kelsey Gill
2275,103,Product C,Category 2,13,30.0,2023-01-16,1059,Jessica Jackson
9438,104,Product D,Category 2,12,40.0,2023-10-31,1637,Diane Thomas
3904,101,Product A,Category 1,2,10.0,2023-05-06,1694,Kyle Tapia
6197,102,Product B,Category 1,5,20.0,2023-11-05,1698,Samuel Smith
9074,103,Product C,Category 2,12,30.0,2023-07-17,1357,Calvin Brock
3213,102,Product B,Category 1,6,20.0,2023-03-16,1174,Jacob Moore
9630,101,Product A,Category 1,6,10.0,2023-04-28,1088,Anthony Nelson
5452,101,Product A,Category 1,10,10.0,2023-09-18,1611,Matthew Lucas
27,102,Product B,Category 1,15,20.0,2023-06-02,1436,Mary Howard
9084,102,Product B,Category 1,5,20.0,2023-01-30,1390,Danielle Cross
5569,103,Product C,Category 2,5,30.0,2023-03-20,1704,David Sanders
9368,104,Product D,Category 2,3,40.0,2023-08-02,1753,Bradley Townsend
2392,101,Product A,Category 1,8,10.0,2023-09-08,1999,Diane Steele
8229,102,Product B,Category 1,12,20.0,2023-05-25,1795,Devin Beck
6916,101,Product A,Category 1,1,10.0,2023-08-02,1154,Renee Guzman
6844,101,Product A,Category 1,14,10.0,2023-08-30,1426,Andrew Hill
1792,102,Product B,Category 1,3,20.0,2023-11-25,1945,Deborah Weber
4683,101,Product A,Category 1,8,10.0,2023-05-14,1084,Andrea Hayes
8170,101,Product A,Category 1,8,10.0,2023-05-20,1785,Matthew Martinez
7520,102,Product B,Category 1,10,20.0,2023-10-22,1592,Taylor Dawson
6028,102,Product B,Category 1,5,20.0,2023-06-19,1931,William Carson
8360,101,Product A,Category 1,6,10.0,2023-07-12,1208,Lisa Smith
1839,102,Product B,Category 1,1,20.0,2023-12-07,1506,Summer Stevens
5324,102,Product B,Category 1,5,20.0,2023-04-18,1282,Allen Bell
9883,104,Product D,Category 2,7,40.0,2023-09-02,1986,Joseph Vance
5350,103,Product C,Category 2,11,30.0,2023-12-22,1050,Michael Fisher
4064,101,Product A,Category 1,13,10.0,2023-03-15,1647,Ronald Murphy
2646,101,Product A,Category 1,1,10.0,2023-09-10,1233,Robert Hahn
844,101,Product A,Category 1,3,10.0,2023-07-31,1287,David Sanchez
6711,102,Product B,Category 1,2,20.0,2023-10-16,1690,Ashley Ali
7869,103,Product C,Category 2,12,30.0,2023-04-05,1155,Mark Sanchez
1539,101,Product A,Category 1,15,10.0,2023-04-14,1969,Lisa White
5455,102,Product B,Category 1,4,20.0,2023-09-16,1020,Matthew Russell
1851,102,Product B,Category 1,5,20.0,2023-08-23,1995,Kevin Burns
612,104,Product D,Category 2,15,40.0,2023-02-07,1161,Douglas Ortega
7278,103,Product C,Category 2,15,30.0,2023-09-09,1280,Sarah Rivera
9061,102,Product B,Category 1,8,20.0,2023-03-23,1521,Jonathan Jackson
3416,103,Product C,Category 2,15,30.0,2023-10-16,1710,Nicole Caldwell
1476,104,Product D,Category 2,11,40.0,2023-02-26,1939,Donna Ayala
1716,102,Product B,Category 1,15,20.0,2023-04-03,1395,Justin Mccarty
9906,101,Product A,Category 1,15,10.0,2023-09-01,1264,Kathleen Jones
4102,104,Product D,Category 2,11,40.0,2023-03-29,1187,Bob Franklin
8466,101,Product A,Category 1,14,10.0,2023-12-18,1105,Kelly Gross
6682,104,Product D,Category 2,2,40.0,2023-02-28,1169,Mark Stewart
3442,102,Product B,Category 1,9,20.0,2023-04-01,1925,Brenda Smith
1254,101,Product A,Category 1,1,10.0,2023-02-07,1484,Jeffrey Bennett
7701,101,Product A,Category 1,6,10.0,2023-02-06,1566,Linda Henderson
3452,102,Product B,Category 1,14,20.0,2023-02-03,1271,Thomas Wu
9264,102,Product B,Category 1,1,20.0,2023-09-15,1345,Karen West
8601,102,Product B,Category 1,12,20.0,2023-07-18,1285,Zachary Smith
6264,101,Product A,Category 1,12,10.0,2023-02-04,1766,Scott Howard
8762,102,Product B,Category 1,3,20.0,2023-01-31,1643,Randy Ford
397,101,Product A,Category 1,15,10.0,2023-10-13,1536,Christopher Hanson MD
4302,102,Product B,Category 1,11,20.0,2023-03-20,1857,Jessica Oconnor
3445,104,Product D,Category 2,7,40.0,2023-07-01,1471,Sarah James
4157,101,Product A,Category 1,7,10.0,2023-01-26,1460,Kelly Haynes
7635,102,Product B,Category 1,12,20.0,2023-02-05,1843,Peter Garrison
8851,102,Product B,Category 1,12,20.0,2023-12-16,1995,Kevin Burns
966,103,Product C,Category 2,15,30.0,2023-10-06,1543,Patrick Williams
4306,103,Product C,Category 2,4,30.0,2023-05-03,1520,Angela Moreno
5997,102,Product B,Category 1,1,20.0,2023-05-26,1662,Tracy Leach
6432,103,Product C,Category 2,14,30.0,2023-11-12,1793,Kevin Huffman
2800,104,Product D,Category 2,9,40.0,2023-03-21,1358,Jonathan Franco
3971,104,Product D,Category 2,12,40.0,2023-05-11,1783,Adrian Guerra
9537,102,Product B,Category 1,13,20.0,2023-06-01,1200,Alex Williamson
5334,103,Product C,Category 2,15,30.0,2023-11-15,1821,Brandi Thompson
917,101,Product A,Category 1,7,10.0,2023-04-21,1757,Cynthia King
4859,101,Product A,Category 1,11,10.0,2023-05-18,1849,Bryan Cole
8061,102,Product B,Category 1,14,20.0,2023-10-06,1086,Angela Cunningham
4490,101,Product A,Category 1,4,10.0,2023-12-26,1494,Destiny Robinson
589,102,Product B,Category 1,2,20.0,2023-03-17,1738,Sabrina Soto
5221,101,Product A,Category 1,11,10.0,2023-09-29,1861,Matthew Orr
1689,104,Product D,Category 2,14,40.0,2023-11-04,1438,Mr. Robert Jones
2403,104,Product D,Category 2,11,40.0,2023-07-15,1504,David Morgan
2475,101,Product A,Category 1,4,10.0,2023-07-25,1755,Jessica Craig
552,104,Product D,Category 2,12,40.0,2023-06-12,1865,David Turner
7831,101,Product A,Category 1,8,10.0,2023-07-27,1280,Sarah Rivera
2741,102,Product B,Category 1,6,20.0,2023-09-20,1758,Dr. Adam Hudson MD
8956,101,Product A,Category 1,11,10.0,2023-12-28,1813,Cathy Hanna
3037,102,Product B,Category 1,14,20.0,2023-06-16,1647,Ronald Murphy
2502,104,Product D,Category 2,12,40.0,2023-01-05,1406,Lonnie Wolf
2006,101,Product A,Category 1,15,10.0,2023-03-03,1211,Cassandra Escobar
6174,101,Product A,Category 1,13,10.0,2023-02-21,1339,Mary Mccoy MD
6969,104,Product D,Category 2,7,40.0,2023-09-29,1715,James Daniels
3123,101,Product A,Category 1,14,10.0,2023-05-16,1245,Michelle Hampton
2557,102,Product B,Category 1,5,20.0,2023-08-16,1043,Danielle Bell
6,102,Product B,Category 1,1,20.0,2023-11-18,1817,Christopher Morris
6133,102,Product B,Category 1,10,20.0,2023-11-05,1931,William Carson
602,101,Product A,Category 1,6,10.0,2023-08-08,1400,Michelle Brewer
5818,102,Product B,Category 1,3,20.0,2023-09-17,1632,James Guerrero
10,103,Product C,Category 2,12,30.0,2023-01-26,1707,Mr. Nicholas Harris Jr.
4366,101,Product A,Category 1,13,10.0,2023-01-05,1324,Tammy Clark
8066,102,Product B,Category 1,14,20.0,2023-08-23,1088,Anthony Nelson
4143,101,Product A,Category 1,14,10.0,2023-02-18,1878,Deborah Ortega
8069,103,Product C,Category 2,1,30.0,2023-04-10,1665,Michele Sharp
3221,102,Product B,Category 1,10,20.0,2023-08-11,1062,Matthew Donovan
2865,102,Product B,Category 1,12,20.0,2023-06-04,1598,Donna Li
2311,104,Product D,Category 2,14,40.0,2023-06-15,1399,Eric Smith
3994,102,Product B,Category 1,14,20.0,2023-02-17,1457,Carol Wood
4791,101,Product A,Category 1,15,10.0,2023-06-19,1156,Michael Roberts
9877,104,Product D,Category 2,9,40.0,2023-09-30,1902,Michelle Walters
123,102,Product B,Category 1,6,20.0,2023-09-14,1846,Jonathan Nunez
9588,104,Product D,Category 2,4,40.0,2023-10-12,1501,Jane Cruz
3787,104,Product D,Category 2,15,40.0,2023-10-18,1665,Michele Sharp
4717,104,Product D,Category 2,1,40.0,2023-06-29,1100,Sarah Evans
3461,103,Product C,Category 2,3,30.0,2023-12-20,1613,Philip Bowen
7072,102,Product B,Category 1,1,20.0,2023-01-07,1152,Timothy Schultz
6087,104,Product D,Category 2,9,40.0,2023-12-06,1022,Linda Campbell
9119,102,Product B,Category 1,10,20.0,2023-11-08,1395,Justin Mccarty
5532,103,Product C,Category 2,7,30.0,2023-07-10,1228,Terrance Novak
2597,103,Product C,Category 2,5,30.0,2023-03-08,1680,Angela Jenkins
113,102,Product B,Category 1,7,20.0,2023-06-09,1383,David Nielsen
5310,101,Product A,Category 1,9,10.0,2023-03-14,1822,Patricia Ramos
3310,101,Product A,Category 1,10,10.0,2023-12-11,1445,Rebecca Martinez
3313,102,Product B,Category 1,1,20.0,2023-05-10,1606,Marcia Baker
3755,104,Product D,Category 2,3,40.0,2023-10-06,1111,Christopher Smith
8796,102,Product B,Category 1,13,20.0,2023-01-23,1616,Jonathan Morrow
2932,102,Product B,Category 1,10,20.0,2023-08-31,1068,Tina Thompson
846,102,Product B,Category 1,8,20.0,2023-03-01,1877,Kelsey Bell
4241,102,Product B,Category 1,13,20.0,2023-10-01,1135,Laura Wagner
6159,101,Product A,Category 1,14,10.0,2023-06-21,1921,Kurt Tucker
3576,104,Product D,Category 2,8,40.0,2023-05-23,1235,Mario Leblanc
9678,102,Product B,Category 1,10,20.0,2023-02-15,1415,Linda Jones
9472,103,Product C,Category 2,4,30.0,2023-06-29,1728,Kimberly Green
5514,102,Product B,Category 1,6,20.0,2023-11-04,1139,Katherine Evans
5899,104,Product D,Category 2,15,40.0,2023-03-26,1068,Tina Thompson
1962,102,Product B,Category 1,3,20.0,2023-01-05,1947,Nicole Hall
6799,101,Product A,Category 1,9,10.0,2023-12-21,1325,Monica Becker
5885,101,Product A,Category 1,13,10.0,2023-10-01,1230,Brandon Marsh
2561,101,Product A,Category 1,1,10.0,2023-02-21,1944,Jeremy Novak
9102,104,Product D,Category 2,5,40.0,2023-02-14,1367,Elizabeth Oconnor
9597,103,Product C,Category 2,8,30.0,2023-05-02,1958,Joseph Irwin
4674,102,Product B,Category 1,10,20.0,2023-02-18,1528,Regina Brown
9087,101,Product A,Category 1,4,10.0,2023-06-06,1296,John Walker MD
9414,101,Product A,Category 1,13,10.0,2023-06-03,1001,Laura Brooks
8343,104,Product D,Category 2,10,40.0,2023-05-18,1830,Oscar Palmer
9440,102,Product B,Category 1,9,20.0,2023-08-24,1262,Patricia Garcia
4205,103,Product C,Category 2,1,30.0,2023-09-26,1137,Joshua Hull
4238,104,Product D,Category 2,1,40.0,2023-04-26,1246,Jerry Stephens
1307,104,Product D,Category 2,7,40.0,2023-09-11,1140,Samantha Collins
1084,102,Product B,Category 1,15,20.0,2023-05-28,1547,Lori Bell
8814,102,Product B,Category 1,8,20.0,2023-08-24,1034,Sarah Thomas
6793,101,Product A,Category 1,6,10.0,2023-04-23,1672,Jennifer Lowe
767,102,Product B,Category 1,11,20.0,2023-12-18,1590,Frederick Hicks
6915,101,Product A,Category 1,14,10.0,2023-02-24,1280,Sarah Rivera
9575,103,Product C,Category 2,3,30.0,2023-03-05,1898,Henry Wright
3965,101,Product A,Category 1,12,10.0,2023-04-05,1361,Steven Gray
9718,102,Product B,Category 1,3,20.0,2023-11-06,1021,Thomas Buckley
4098,101,Product A,Category 1,12,10.0,2023-05-22,1392,Kelly Johnson
8175,103,Product C,Category 2,12,30.0,2023-04-17,1331,Katherine Oliver
6356,103,Product C,Category 2,15,30.0,2023-09-20,1192,Alicia Reynolds
4946,102,Product B,Category 1,14,20.0,2023-03-04,1209,Joseph Baker
4675,103,Product C,Category 2,13,30.0,2023-07-06,1499,Justin Alvarado
9441,101,Product A,Category 1,14,10.0,2023-04-04,1541,Bianca Sutton
6480,102,Product B,Category 1,6,20.0,2023-01-12,1816,Maureen Olson
1322,102,Product B,Category 1,11,20.0,2023-03-23,1706,Susan Adams
5795,102,Product B,Category 1,6,20.0,2023-10-20,1371,Jennifer Livingston
8596,102,Product B,Category 1,1,20.0,2023-12-06,1343,Joshua Murphy
6825,101,Product A,Category 1,12,10.0,2023-06-09,1229,Andrew Franklin
5282,102,Product B,Category 1,9,20.0,2023-10-13,1805,Joshua Lozano
8095,101,Product A,Category 1,3,10.0,2023-06-25,1527,Brandon Howell
6332,103,Product C,Category 2,8,30.0,2023-11-01,1497,James Myers
9465,102,Product B,Category 1,10,20.0,2023-06-19,1883,Nicole Barton
3952,103,Product C,Category 2,9,30.0,2023-01-06,1981,Elizabeth Peters
4456,102,Product B,Category 1,10,20.0,2023-04-15,1541,Bianca Sutton
3767,103,Product C,Category 2,8,30.0,2023-12-05,1447,Ashley Long
3580,101,Product A,Category 1,14,10.0,2023-09-24,1193,Kendra Johns
5618,101,Product A,Category 1,9,10.0,2023-02-20,1728,Kimberly Green
5060,103,Product C,Category 2,2,30.0,2023-05-02,1283,Luis Leonard MD
2698,104,Product D,Category 2,9,40.0,2023-12-30,1148,Veronica Delgado
1754,101,Product A,Category 1,5,10.0,2023-04-19,1012,Lee Randolph
4875,102,Product B,Category 1,11,20.0,2023-10-26,1725,Matthew Downs
4924,104,Product D,Category 2,13,40.0,2023-03-31,1401,April Ramirez
813,102,Product B,Category 1,13,20.0,2023-08-25,1961,Nicholas Gutierrez
9566,102,Product B,Category 1,1,20.0,2023-03-21,1733,Diana Hopkins
6007,101,Product A,Category 1,9,10.0,2023-07-21,1587,Andrew Mayer
247,103,Product C,Category 2,2,30.0,2023-09-11,1219,Kathleen White
4464,101,Product A,Category 1,13,10.0,2023-08-28,1837,Robert Larson
6445,102,Product B,Category 1,14,20.0,2023-03-13,1491,Michael Kaufman
3662,101,Product A,Category 1,3,10.0,2023-05-12,1676,Craig Conner
3533,103,Product C,Category 2,1,30.0,2023-11-27,1884,Donald Davis
3041,103,Product C,Category 2,10,30.0,2023-10-22,1237,Jorge Fisher
3526,102,Product B,Category 1,6,20.0,2023-08-12,1427,Brittney Robinson MD
2009,104,Product D,Category 2,8,40.0,2023-07-01,1645,Scott Shaffer
1259,102,Product B,Category 1,11,20.0,2023-08-12,1503,Kenneth Young
1316,102,Product B,Category 1,9,20.0,2023-10-19,1247,Cory Allen
253,103,Product C,Category 2,8,30.0,2023-04-22,1544,Erika Bailey
277,104,Product D,Category 2,5,40.0,2023-11-28,1653,George Harris
1705,103,Product C,Category 2,15,30.0,2023-03-22,1501,Jane Cruz
7661,102,Product B,Category 1,8,20.0,2023-09-08,1567,Yvonne Banks
3181,102,Product B,Category 1,12,20.0,2023-07-26,1718,George Cox
2278,101,Product A,Category 1,7,10.0,2023-02-18,1149,Matthew Love
4100,103,Product C,Category 2,11,30.0,2023-07-04,1214,Angela Davis
5659,102,Product B,Category 1,3,20.0,2023-08-26,1307,Michael Munoz
413,101,Product A,Category 1,8,10.0,2023-12-09,1509,Levi Clark
4294,101,Product A,Category 1,6,10.0,2023-12-01,1440,Alicia Davenport
6829,102,Product B,Category 1,13,20.0,2023-10-11,1005,Jesse Gonzalez
1731,104,Product D,Category 2,8,40.0,2023-03-18,1290,Angela Hanson
535,102,Product B,Category 1,11,20.0,2023-10-19,1803,Heather Jefferson
698,102,Product B,Category 1,7,20.0,2023-03-15,1293,Andrea Vega
6431,102,Product B,Category 1,1,20.0,2023-06-27,1659,Diana Taylor
9942,104,Product D,Category 2,12,40.0,2023-03-06,1213,William Yates
4367,102,Product B,Category 1,14,20.0,2023-07-19,1614,Kathy Young
422,102,Product B,Category 1,10,20.0,2023-05-31,1142,Tanya Davidson
2544,103,Product C,Category 2,8,30.0,2023-06-10,1688,Robert Mclaughlin
1077,101,Product A,Category 1,9,10.0,2023-01-02,1850,Sylvia Miles
439,102,Product B,Category 1,8,20.0,2023-11-18,1259,Daniel Mcmillan
6058,101,Product A,Category 1,14,10.0,2023-07-06,1999,Diane Steele
9356,102,Product B,Category 1,8,20.0,2023-07-02,1880,Jody Cain
1570,102,Product B,Category 1,11,20.0,2023-03-12,1516,Hannah Anderson
9229,101,Product A,Category 1,10,10.0,2023-03-16,1176,Christina Wagner
4900,102,Product B,Category 1,9,20.0,2023-11-03,1363,Sylvia Williams
6457,101,Product A,Category 1,4,10.0,2023-02-24,1596,Sharon Kramer
1200,102,Product B,Category 1,11,20.0,2023-09-28,1642,Bryce Coleman
4583,102,Product B,Category 1,2,20.0,2023-08-08,1057,Larry Clark
7425,103,Product C,Category 2,6,30.0,2023-01-19,1546,Rebecca Thomas
2712,101,Product A,Category 1,11,10.0,2023-05-03,1123,David Mccoy
7954,102,Product B,Category 1,9,20.0,2023-10-19,1225,Dustin Bird
4758,104,Product D,Category 2,6,40.0,2023-03-01,1113,Jeffery Moran
4707,101,Product A,Category 1,8,10.0,2023-11-30,1531,Brittany Murphy
2271,101,Product A,Category 1,9,10.0,2023-11-14,1690,Ashley Ali
2323,101,Product A,Category 1,7,10.0,2023-05-17,1689,Nicholas Dalton
2579,101,Product A,Category 1,5,10.0,2023-11-24,1009,Nicole Bailey
1218,101,Product A,Category 1,10,10.0,2023-12-23,1692,Patricia Garcia
6660,101,Product A,Category 1,6,10.0,2023-03-06,1040,Shawn Castillo
4711,103,Product C,Category 2,11,30.0,2023-08-03,1120,Dennis Green
3549,102,Product B,Category 1,6,20.0,2023-12-29,1591,Jennifer Ford
1594,102,Product B,Category 1,12,20.0,2023-04-09,1359,Nicole Matthews
5113,102,Product B,Category 1,11,20.0,2023-09-10,1211,Cassandra Escobar
1425,103,Product C,Category 2,7,30.0,2023-06-27,1254,Donald Brown MD
2940,103,Product C,Category 2,10,30.0,2023-08-29,1003,Katrina White
4289,101,Product A,Category 1,1,10.0,2023-02-28,1511,Kenneth Hardy
9925,101,Product A,Category 1,9,10.0,2023-02-19,1491,Michael Kaufman
7716,101,Product A,Category 1,2,10.0,2023-07-03,1242,Lisa Choi
4688,104,Product D,Category 2,9,40.0,2023-07-23,1619,Angel Sanders
9577,104,Product D,Category 2,9,40.0,2023-10-12,1862,William Carroll
9745,101,Product A,Category 1,12,10.0,2023-03-14,1717,Ricardo Kim
347,102,Product B,Category 1,2,20.0,2023-08-11,1707,Mr. Nicholas Harris Jr.
6406,103,Product C,Category 2,11,30.0,2023-08-06,1304,Justin Morse
3655,104,Product D,Category 2,10,40.0,2023-09-20,1501,Jane Cruz
4548,102,Product B,Category 1,8,20.0,2023-07-11,1466,Alex Snow
9812,104,Product D,Category 2,10,40.0,2023-09-06,1382,Dr. Martha Martin
5920,104,Product D,Category 2,13,40.0,2023-02-15,1472,Heather Fields
3479,102,Product B,Category 1,10,20.0,2023-08-25,1275,Terry Collins
7468,101,Product A,Category 1,9,10.0,2023-05-23,1273,David Jackson
9599,102,Product B,Category 1,14,20.0,2023-12-03,1179,Michael Sexton
1842,103,Product C,Category 2,4,30.0,2023-09-15,1360,Christine Marshall
6979,101,Product A,Category 1,8,10.0,2023-06-26,1923,Jessica Martin
7422,104,Product D,Category 2,7,40.0,2023-01-31,1348,Wendy Small
3883,102,Product B,Category 1,2,20.0,2023-02-05,1274,Morgan Mcdonald
1098,101,Product A,Category 1,10,10.0,2023-05-21,1557,Nicholas Caldwell
8811,102,Product B,Category 1,3,20.0,2023-05-08,1092,Shawn Zimmerman
6315,101,Product A,Category 1,12,10.0,2023-04-17,1493,Mary Ferguson
6750,101,Product A,Category 1,9,10.0,2023-02-08,1468,Colin Wiggins
5075,104,Product D,Category 2,6,40.0,2023-07-29,1370,Phillip Ferguson
4876,102,Product B,Category 1,1,20.0,2023-05-27,1487,Allen Montes
1135,102,Product B,Category 1,5,20.0,2023-01-04,1100,Sarah Evans
6611,103,Product C,Category 2,12,30.0,2023-03-07,1190,Dr. Debra Thomas
5585,101,Product A,Category 1,2,10.0,2023-06-02,1576,Jason Ford
3827,104,Product D,Category 2,5,40.0,2023-06-30,1239,Melissa Owens
5893,102,Product B,Category 1,1,20.0,2023-03-20,1532,Meagan Contreras
256,102,Product B,Category 1,11,20.0,2023-07-25,1384,Joy Kelly
406,102,Product B,Category 1,15,20.0,2023-10-05,1591,Jennifer Ford
7469,101,Product A,Category 1,14,10.0,2023-10-17,1743,Roy Ryan
1933,103,Product C,Category 2,9,30.0,2023-01-10,1741,Amy Sanchez
8195,103,Product C,Category 2,2,30.0,2023-10-11,1529,Lucas Rogers
5662,101,Product A,Category 1,8,10.0,2023-01-29,1066,Tyler Deleon
2607,101,Product A,Category 1,2,10.0,2023-01-05,1849,Bryan Cole
9326,101,Product A,Category 1,13,10.0,2023-10-17,1070,Miss Brittany Boyd
9514,101,Product A,Category 1,12,10.0,2023-11-09,1080,Joshua Becker
1890,102,Product B,Category 1,14,20.0,2023-01-12,1577,Christopher Hampton
5716,104,Product D,Category 2,13,40.0,2023-04-20,1207,Ashley Powell
4516,103,Product C,Category 2,15,30.0,2023-09-29,1550,Robert Fox
9462,103,Product C,Category 2,5,30.0,2023-05-17,1174,Jacob Moore
7627,102,Product B,Category 1,4,20.0,2023-08-30,1685,Danielle Stewart
4255,104,Product D,Category 2,13,40.0,2023-04-08,1208,Lisa Smith
3042,103,Product C,Category 2,3,30.0,2023-06-04,1036,Elijah Parks
2534,102,Product B,Category 1,3,20.0,2023-07-14,1904,Barbara Johnston
2101,102,Product B,Category 1,9,20.0,2023-09-16,1947,Nicole Hall
4539,102,Product B,Category 1,8,20.0,2023-07-28,1707,Mr. Nicholas Harris Jr.
374,104,Product D,Category 2,1,40.0,2023-02-20,1403,Lynn Welch
9161,101,Product A,Category 1,5,10.0,2023-10-24,1137,Joshua Hull
2977,103,Product C,Category 2,5,30.0,2023-10-27,1146,Laura Ramos
6516,104,Product D,Category 2,8,40.0,2023-05-18,1365,Samantha Wilson
1404,103,Product C,Category 2,12,30.0,2023-06-01,1692,Patricia Garcia
9542,102,Product B,Category 1,14,20.0,2023-04-11,1912,Joann Brown
2339,103,Product C,Category 2,3,30.0,2023-12-27,1329,Kristen Skinner
2868,104,Product D,Category 2,12,40.0,2023-04-11,1246,Jerry Stephens
5807,104,Product D,Category 2,5,40.0,2023-02-04,1255,Philip Williamson
9185,101,Product A,Category 1,4,10.0,2023-08-01,1544,Erika Bailey
4753,102,Product B,Category 1,9,20.0,2023-06-14,1373,Melissa Johnson
5377,101,Product A,Category 1,14,10.0,2023-06-03,1007,Katherine Stephens
2532,101,Product A,Category 1,9,10.0,2023-08-02,1309,Paula Cook
7124,103,Product C,Category 2,9,30.0,2023-05-03,1933,Tracy Fields
114,103,Product C,Category 2,7,30.0,2023-10-22,1457,Carol Wood
4273,103,Product C,Category 2,12,30.0,2023-05-21,1475,Andrea Vaughn
8869,102,Product B,Category 1,9,20.0,2023-01-05,1516,Hannah Anderson
5074,102,Product B,Category 1,5,20.0,2023-12-26,1924,Paul Brown
9396,102,Product B,Category 1,6,20.0,2023-10-19,1380,Matthew Kramer
5332,101,Product A,Category 1,1,10.0,2023-11-11,1465,Katelyn Garcia
6507,102,Product B,Category 1,7,20.0,2023-07-26,1935,John Hall
8199,101,Product A,Category 1,15,10.0,2023-07-19,1599,Sean Carter
7022,102,Product B,Category 1,3,20.0,2023-02-08,1805,Joshua Lozano
921,101,Product A,Category 1,14,10.0,2023-05-10,1519,Tiffany Johnson
8533,102,Product B,Category 1,4,20.0,2023-01-05,1524,Joshua Lane
9143,101,Product A,Category 1,6,10.0,2023-09-09,1917,Robert Rivera
5404,101,Product A,Category 1,1,10.0,2023-09-08,1292,Jamie Pitts
3731,103,Product C,Category 2,1,30.0,2023-01-14,1765,David Fields
8542,102,Product B,Category 1,1,20.0,2023-02-04,1373,Melissa Johnson
7821,102,Product B,Category 1,14,20.0,2023-08-18,1920,Shannon Maldonado
5159,104,Product D,Category 2,2,40.0,2023-09-22,1455,Brendan Flores
2027,103,Product C,Category 2,6,30.0,2023-04-07,1311,Dr. Jennifer Byrd
5588,103,Product C,Category 2,14,30.0,2023-09-30,1400,Michelle Brewer
219,101,Product A,Category 1,14,10.0,2023-04-23,1270,Ashley Hernandez
4839,101,Product A,Category 1,7,10.0,2023-07-20,1178,Connie Garcia
6776,104,Product D,Category 2,8,40.0,2023-08-30,1440,Alicia Davenport
3919,102,Product B,Category 1,12,20.0,2023-06-01,1692,Patricia Garcia
3537,101,Product A,Category 1,1,10.0,2023-03-07,1727,Christopher Herrera
5348,102,Product B,Category 1,12,20.0,2023-03-04,1018,Jill Schwartz
2838,102,Product B,Category 1,12,20.0,2023-04-29,1776,Deborah Hubbard
78,104,Product D,Category 2,9,40.0,2023-08-18,1982,Christine Flores
6727,103,Product C,Category 2,5,30.0,2023-07-23,1705,Catherine Moore
8980,103,Product C,Category 2,4,30.0,2023-07-01,1702,Kimberly Ramirez
7795,104,Product D,Category 2,6,40.0,2023-05-10,1622,Jessica Richmond
9806,103,Product C,Category 2,10,30.0,2023-05-15,1328,Thomas Mcdonald
9611,104,Product D,Category 2,1,40.0,2023-02-09,1829,Jill Nunez
8339,102,Product B,Category 1,14,20.0,2023-12-06,1184,Maria Mccall
312,102,Product B,Category 1,12,20.0,2023-06-16,1292,Jamie Pitts
6365,101,Product A,Category 1,1,10.0,2023-05-12,1144,Danielle Macias
2525,103,Product C,Category 2,8,30.0,2023-06-02,1184,Maria Mccall
8272,103,Product C,Category 2,4,30.0,2023-07-30,1726,Andrea Shah
7542,101,Product A,Category 1,8,10.0,2023-06-28,1520,Angela Moreno
4476,102,Product B,Category 1,3,20.0,2023-10-31,1488,Connor Schultz
4369,102,Product B,Category 1,6,20.0,2023-07-13,1878,Deborah Ortega
6832,102,Product B,Category 1,14,20.0,2023-06-19,1643,Randy Ford
7081,102,Product B,Category 1,5,20.0,2023-03-24,1995,Kevin Burns
8874,101,Product A,Category 1,4,10.0,2023-02-13,1480,Kimberly Johnson
4999,104,Product D,Category 2,11,40.0,2023-12-12,1932,Philip Mack
9351,102,Product B,Category 1,10,20.0,2023-08-31,1386,John Flowers
6604,101,Product A,Category 1,4,10.0,2023-09-01,1697,Michelle Mendoza
3086,101,Product A,Category 1,12,10.0,2023-02-15,1336,Michael Richard
2372,101,Product A,Category 1,13,10.0,2023-04-05,1147,Kevin Larson
1096,104,Product D,Category 2,9,40.0,2023-05-15,1412,Michele Myers MD
8892,102,Product B,Category 1,9,20.0,2023-01-20,1637,Diane Thomas
6937,101,Product A,Category 1,12,10.0,2023-11-17,1615,Meagan Hutchinson
723,102,Product B,Category 1,6,20.0,2023-08-05,1192,Alicia Reynolds
8481,103,Product C,Category 2,7,30.0,2023-10-04,1608,Nicole Ballard
5660,101,Product A,Category 1,5,10.0,2023-11-30,1279,Monique Orr
895,101,Product A,Category 1,10,10.0,2023-09-20,1123,David Mccoy
5923,103,Product C,Category 2,12,30.0,2023-08-16,1679,Christie Smith
7046,101,Product A,Category 1,9,10.0,2023-05-10,1875,Morgan Roberson
1429,104,Product D,Category 2,1,40.0,2023-07-01,1274,Morgan Mcdonald
3697,104,Product D,Category 2,11,40.0,2023-06-13,1138,Ashley Moore
2422,102,Product B,Category 1,5,20.0,2023-04-08,1602,Scott Nixon
9410,102,Product B,Category 1,14,20.0,2023-05-02,1372,Ashley Campbell
1485,102,Product B,Category 1,15,20.0,2023-10-14,1043,Danielle Bell
5638,103,Product C,Category 2,5,30.0,2023-05-20,1785,Matthew Martinez
6141,104,Product D,Category 2,12,40.0,2023-02-14,1661,Jamie Murphy
2424,104,Product D,Category 2,13,40.0,2023-09-10,1592,Taylor Dawson
1756,104,Product D,Category 2,6,40.0,2023-04-12,1067,Barbara Coleman
6225,104,Product D,Category 2,15,40.0,2023-01-09,1388,Gary Williams
197,101,Product A,Category 1,2,10.0,2023-11-20,1364,Andrew Gibson
6428,101,Product A,Category 1,10,10.0,2023-08-28,1610,Mr. Kevin Wilson Jr.
9091,104,Product D,Category 2,14,40.0,2023-03-22,1028,Jeffrey Smith
438,101,Product A,Category 1,9,10.0,2023-11-22,1757,Cynthia King
7775,102,Product B,Category 1,14,20.0,2023-06-17,1217,Jessica Harper
6691,103,Product C,Category 2,10,30.0,2023-08-01,1267,Jordan Johnson
3044,103,Product C,Category 2,1,30.0,2023-07-20,1124,Carrie Crawford
1524,103,Product C,Category 2,6,30.0,2023-06-23,1427,Brittney Robinson MD
6381,103,Product C,Category 2,10,30.0,2023-09-02,1867,Aaron Stone
8378,101,Product A,Category 1,6,10.0,2023-07-03,1406,Lonnie Wolf
3166,101,Product A,Category 1,10,10.0,2023-01-27,1486,Jonathan Rodriguez
2768,101,Product A,Category 1,12,10.0,2023-12-27,1879,Timothy Randall
9690,101,Product A,Category 1,15,10.0,2023-02-26,1262,Patricia Garcia
1015,101,Product A,Category 1,4,10.0,2023-06-26,1380,Matthew Kramer
5534,101,Product A,Category 1,4,10.0,2023-11-16,1349,Teresa Chung
8689,102,Product B,Category 1,12,20.0,2023-04-13,1702,Kimberly Ramirez
9909,101,Product A,Category 1,8,10.0,2023-08-08,1340,Debra Kelly
4630,104,Product D,Category 2,14,40.0,2023-12-22,1394,Lori Edwards
2620,101,Product A,Category 1,14,10.0,2023-11-27,1085,Virginia Smith
9518,104,Product D,Category 2,6,40.0,2023-01-21,1408,Jesus Williams
3165,101,Product A,Category 1,11,10.0,2023-06-26,1899,Daniel Smith
9654,101,Product A,Category 1,14,10.0,2023-09-17,1216,Mason Hopkins
8747,101,Product A,Category 1,2,10.0,2023-03-27,1155,Mark Sanchez
4213,102,Product B,Category 1,11,20.0,2023-12-09,1953,Billy Wilson
7810,102,Product B,Category 1,5,20.0,2023-06-22,1695,Melissa Rodriguez
957,101,Product A,Category 1,4,10.0,2023-03-09,1897,Sean Galloway
7111,101,Product A,Category 1,4,10.0,2023-06-28,1106,Jared Miranda
1158,102,Product B,Category 1,5,20.0,2023-08-07,1843,Peter Garrison
341,101,Product A,Category 1,9,10.0,2023-03-15,1784,Sara Martin
6463,101,Product A,Category 1,14,10.0,2023-09-16,1149,Matthew Love
5168,102,Product B,Category 1,1,20.0,2023-09-15,1725,Matthew Downs
5686,102,Product B,Category 1,2,20.0,2023-11-13,1913,Diane Adams
2153,101,Product A,Category 1,9,10.0,2023-06-28,1797,Todd Black
3408,101,Product A,Category 1,1,10.0,2023-12-03,1900,Jimmy Smith
5574,102,Product B,Category 1,12,20.0,2023-09-23,1984,Lisa Martinez
2910,104,Product D,Category 2,5,40.0,2023-05-31,1322,Janet Estrada
9118,104,Product D,Category 2,15,40.0,2023-08-11,1277,Jessica Sheppard
2636,104,Product D,Category 2,10,40.0,2023-09-10,1735,Antonio Petersen
2963,101,Product A,Category 1,4,10.0,2023-05-27,1858,James Smith
5230,102,Product B,Category 1,5,20.0,2023-08-08,1689,Nicholas Dalton
6746,101,Product A,Category 1,3,10.0,2023-10-30,1278,Gilbert Villanueva
5300,101,Product A,Category 1,6,10.0,2023-04-14,1761,Gregory Hodges
5794,103,Product C,Category 2,13,30.0,2023-06-05,1155,Mark Sanchez
3817,104,Product D,Category 2,12,40.0,2023-11-16,1512,Brian Austin
711,101,Product A,Category 1,14,10.0,2023-02-02,1905,Christopher Horne
1491,102,Product B,Category 1,6,20.0,2023-08-14,1218,Ricardo Mills
2996,101,Product A,Category 1,5,10.0,2023-04-21,1586,Sarah Jenkins
9288,103,Product C,Category 2,1,30.0,2023-03-12,1890,Francisco Carlson
6163,101,Product A,Category 1,12,10.0,2023-11-18,1521,Jonathan Jackson
3329,102,Product B,Category 1,10,20.0,2023-02-05,1028,Jeffrey Smith
9248,103,Product C,Category 2,13,30.0,2023-09-10,1629,Alexander Ramirez
8014,103,Product C,Category 2,1,30.0,2023-11-09,1193,Kendra Johns
6499,101,Product A,Category 1,9,10.0,2023-10-06,1308,Amy Barber
6103,102,Product B,Category 1,3,20.0,2023-05-03,1980,Micheal Murphy
9579,102,Product B,Category 1,5,20.0,2023-10-04,1211,Cassandra Escobar
861,104,Product D,Category 2,9,40.0,2023-09-30,1319,Jennifer Clark
7284,101,Product A,Category 1,14,10.0,2023-12-27,1520,Angela Moreno
3316,102,Product B,Category 1,6,20.0,2023-01-30,1770,Joseph Diaz
4622,102,Product B,Category 1,1,20.0,2023-03-07,1789,Jennifer Edwards
8667,102,Product B,Category 1,13,20.0,2023-02-20,1543,Patrick Williams
4613,102,Product B,Category 1,1,20.0,2023-09-07,1195,Robert Ellis
9550,101,Product A,Category 1,14,10.0,2023-11-20,1792,Kelly Kelley
5356,102,Product B,Category 1,3,20.0,2023-07-21,1775,William Camacho
2357,103,Product C,Category 2,12,30.0,2023-11-26,1231,Marissa Carlson MD
4020,102,Product B,Category 1,2,20.0,2023-10-26,1659,Diana Taylor
4249,104,Product D,Category 2,14,40.0,2023-09-22,1693,Paula Mcguire
1589,103,Product C,Category 2,12,30.0,2023-12-23,1031,Robert Silva
6905,101,Product A,Category 1,1,10.0,2023-11-20,1914,Jennifer Davis
6716,103,Product C,Category 2,1,30.0,2023-07-23,1693,Paula Mcguire
7299,104,Product D,Category 2,4,40.0,2023-06-08,1980,Micheal Murphy
6173,101,Product A,Category 1,11,10.0,2023-01-17,1974,Mr. Travis Martin MD
5840,101,Product A,Category 1,2,10.0,2023-12-04,1875,Morgan Roberson
2987,101,Product A,Category 1,9,10.0,2023-03-23,1311,Dr. Jennifer Byrd
7924,102,Product B,Category 1,11,20.0,2023-02-11,1901,Tammy Kennedy
9673,101,Product A,Category 1,7,10.0,2023-12-12,1650,Joshua Turner
2263,104,Product D,Category 2,7,40.0,2023-05-10,1125,Melissa Long
946,103,Product C,Category 2,12,30.0,2023-12-29,1845,Jennifer Rosales
9874,102,Product B,Category 1,7,20.0,2023-03-18,1192,Alicia Reynolds
6511,104,Product D,Category 2,12,40.0,2023-07-06,1807,Ronald Gibson
7776,101,Product A,Category 1,6,10.0,2023-08-18,1397,Shannon Molina
7114,102,Product B,Category 1,7,20.0,2023-01-05,1342,Benjamin Sutton
7345,101,Product A,Category 1,12,10.0,2023-02-17,1100,Sarah Evans
5519,101,Product A,Category 1,10,10.0,2023-07-07,1245,Michelle Hampton
1183,101,Product A,Category 1,4,10.0,2023-04-21,1438,Mr. Robert Jones
9603,103,Product C,Category 2,13,30.0,2023-01-08,1735,Antonio Petersen
6591,102,Product B,Category 1,1,20.0,2023-10-10,1801,Katherine Delacruz
9625,102,Product B,Category 1,8,20.0,2023-01-07,1097,Christopher Delgado
4958,101,Product A,Category 1,3,10.0,2023-08-02,1157,Christine Chase
7203,101,Product A,Category 1,9,10.0,2023-07-03,1532,Meagan Contreras
7402,102,Product B,Category 1,5,20.0,2023-10-22,1662,Tracy Leach
3999,101,Product A,Category 1,6,10.0,2023-02-23,1826,Juan Weaver
4322,102,Product B,Category 1,13,20.0,2023-03-05,1955,Lindsay Woodward
5056,102,Product B,Category 1,10,20.0,2023-02-09,1924,Paul Brown
4877,103,Product C,Category 2,1,30.0,2023-07-17,1785,Matthew Martinez
1638,101,Product A,Category 1,5,10.0,2023-01-17,1059,Jessica Jackson
3429,101,Product A,Category 1,14,10.0,2023-11-20,1504,David Morgan
3889,102,Product B,Category 1,12,20.0,2023-05-02,1829,Jill Nunez
5740,103,Product C,Category 2,13,30.0,2023-12-24,1211,Cassandra Escobar
1216,101,Product A,Category 1,1,10.0,2023-02-10,1542,Christy Lynch
6982,101,Product A,Category 1,8,10.0,2023-07-27,1725,Matthew Downs
9280,103,Product C,Category 2,7,30.0,2023-06-22,1453,Robert Nelson
7640,101,Product A,Category 1,9,10.0,2023-11-29,1272,Brittany Underwood
1974,103,Product C,Category 2,5,30.0,2023-10-11,1096,Jaime Young
8287,104,Product D,Category 2,4,40.0,2023-05-27,1906,Brittany Morgan
5701,102,Product B,Category 1,5,20.0,2023-09-25,1126,Anthony Kaiser
5937,104,Product D,Category 2,3,40.0,2023-02-17,1045,Jason Williams
4341,101,Product A,Category 1,11,10.0,2023-05-03,1669,Tyrone Allen
5222,101,Product A,Category 1,13,10.0,2023-08-19,1729,Karen Moyer
5018,101,Product A,Category 1,9,10.0,2023-11-02,1312,Sharon Singleton
1450,101,Product A,Category 1,7,10.0,2023-02-28,1362,Jason Hurley
8884,102,Product B,Category 1,6,20.0,2023-05-27,1548,Jasmine Perez
8407,103,Product C,Category 2,4,30.0,2023-05-20,1326,Arthur King
5799,104,Product D,Category 2,1,40.0,2023-06-01,1916,Scott Mathews
7235,101,Product A,Category 1,8,10.0,2023-10-07,1191,Gabriella Bennett
7180,102,Product B,Category 1,11,20.0,2023-12-25,1922,Nicholas Stevens
399,102,Product B,Category 1,13,20.0,2023-11-17,1401,April Ramirez
2705,102,Product B,Category 1,7,20.0,2023-01-18,1590,Frederick Hicks
4771,101,Product A,Category 1,3,10.0,2023-12-16,1428,Jack Anderson
2816,102,Product B,Category 1,4,20.0,2023-09-10,1190,Dr. Debra Thomas
9128,101,Product A,Category 1,1,10.0,2023-07-16,1444,Zachary Young
2649,103,Product C,Category 2,15,30.0,2023-06-22,1960,Gary Rhodes
1332,103,Product C,Category 2,5,30.0,2023-06-08,1050,Michael Fisher
1295,102,Product B,Category 1,14,20.0,2023-07-18,1502,Jessica Young
2242,102,Product B,Category 1,9,20.0,2023-03-29,1757,Cynthia King
6947,103,Product C,Category 2,2,30.0,2023-02-20,1756,Christopher Thompson
2905,104,Product D,Category 2,8,40.0,2023-07-03,1133,Zachary Moore
4338,102,Product B,Category 1,9,20.0,2023-05-28,1245,Michelle Hampton
2711,101,Product A,Category 1,14,10.0,2023-02-20,1399,Eric Smith
7229,104,Product D,Category 2,13,40.0,2023-06-28,1343,Joshua Murphy
2729,103,Product C,Category 2,5,30.0,2023-01-11,1450,Eric Oconnor
2770,103,Product C,Category 2,4,30.0,2023-11-10,1694,Kyle Tapia
5530,101,Product A,Category 1,6,10.0,2023-07-27,1702,Kimberly Ramirez
5549,102,Product B,Category 1,6,20.0,2023-03-16,1207,Ashley Powell
4819,104,Product D,Category 2,12,40.0,2023-02-26,1615,Meagan Hutchinson
1843,101,Product A,Category 1,2,10.0,2023-05-27,1350,William Joseph
8672,101,Product A,Category 1,15,10.0,2023-11-10,1739,Kristin Williams
2028,104,Product D,Category 2,14,40.0,2023-12-22,1805,Joshua Lozano
6811,104,Product D,Category 2,14,40.0,2023-02-07,1237,Jorge Fisher
2273,104,Product D,Category 2,1,40.0,2023-11-07,1295,Jeffrey Ballard
6089,102,Product B,Category 1,14,20.0,2023-09-27,1456,Laura Vance
4512,101,Product A,Category 1,14,10.0,2023-02-11,1456,Laura Vance
4956,102,Product B,Category 1,11,20.0,2023-07-13,1234,Denise Martinez
926,102,Product B,Category 1,12,20.0,2023-10-06,1727,Christopher Herrera
2374,104,Product D,Category 2,6,40.0,2023-07-11,1116,Mathew Morris
1036,102,Product B,Category 1,10,20.0,2023-04-03,1412,Michele Myers MD
8639,101,Product A,Category 1,9,10.0,2023-07-29,1085,Virginia Smith
140,101,Product A,Category 1,13,10.0,2023-06-22,1551,Robin Russo
8827,102,Product B,Category 1,15,20.0,2023-05-02,1785,Matthew Martinez
8012,102,Product B,Category 1,10,20.0,2023-12-26,1730,Jasmine Espinoza
579,102,Product B,Category 1,2,20.0,2023-09-23,1107,Thomas Noble
5720,102,Product B,Category 1,10,20.0,2023-04-06,1281,Julian Tate
3355,101,Product A,Category 1,8,10.0,2023-04-12,1729,Karen Moyer
4672,103,Product C,Category 2,4,30.0,2023-01-25,1578,Robert Green
3454,103,Product C,Category 2,13,30.0,2023-08-24,1747,Sherri Green
1061,102,Product B,Category 1,12,20.0,2023-09-09,1340,Debra Kelly
5409,101,Product A,Category 1,1,10.0,2023-08-12,1919,Erica Russell
7260,101,Product A,Category 1,11,10.0,2023-02-20,1453,Robert Nelson
9528,102,Product B,Category 1,9,20.0,2023-07-02,1684,Ronald Hamilton
1184,101,Product A,Category 1,7,10.0,2023-11-17,1359,Nicole Matthews
1148,103,Product C,Category 2,6,30.0,2023-08-03,1073,Darrell Malone
8326,102,Product B,Category 1,4,20.0,2023-11-26,1572,Nicholas Austin
8192,104,Product D,Category 2,10,40.0,2023-11-05,1464,Mercedes Allen
8235,102,Product B,Category 1,14,20.0,2023-11-30,1133,Zachary Moore
8962,102,Product B,Category 1,6,20.0,2023-10-08,1750,Steve Hamilton
8844,103,Product C,Category 2,2,30.0,2023-01-10,1579,Michele Hicks
6589,101,Product A,Category 1,11,10.0,2023-11-18,1804,Paul Patterson
8056,103,Product C,Category 2,14,30.0,2023-03-13,1401,April Ramirez
9362,102,Product B,Category 1,1,20.0,2023-08-29,1356,Chris Kelley
7507,101,Product A,Category 1,9,10.0,2023-01-07,1575,Daniel Le
9017,102,Product B,Category 1,14,20.0,2023-06-27,1273,David Jackson
7476,101,Product A,Category 1,4,10.0,2023-01-16,1856,Patricia Green
3711,101,Product A,Category 1,11,10.0,2023-04-12,1293,Andrea Vega
8986,104,Product D,Category 2,13,40.0,2023-02-25,1061,Wendy Cruz
196,103,Product C,Category 2,1,30.0,2023-03-22,1860,Michael Sanford
6303,102,Product B,Category 1,6,20.0,2023-12-19,1448,Mrs. Alisha Bowers
2722,104,Product D,Category 2,13,40.0,2023-01-10,1924,Paul Brown
9969,102,Product B,Category 1,12,20.0,2023-09-27,1204,Keith Knight
8541,104,Product D,Category 2,13,40.0,2023-05-18,1108,Katie Hill
1753,102,Product B,Category 1,14,20.0,2023-01-20,1721,Jordan Curtis
3140,101,Product A,Category 1,4,10.0,2023-06-17,1366,Michael Baker MD
3825,102,Product B,Category 1,12,20.0,2023-10-12,1561,Sean Rivera
1898,103,Product C,Category 2,5,30.0,2023-09-23,1076,Mike Barnett
4986,102,Product B,Category 1,9,20.0,2023-06-08,1468,Colin Wiggins
527,101,Product A,Category 1,2,10.0,2023-02-08,1530,Christina Santiago
8266,104,Product D,Category 2,7,40.0,2023-09-22,1224,Taylor Johnson
9012,102,Product B,Category 1,15,20.0,2023-03-11,1582,Nicole Davis
5073,102,Product B,Category 1,5,20.0,2023-02-21,1620,Barbara Hamilton
3262,102,Product B,Category 1,3,20.0,2023-05-26,1152,Timothy Schultz
3332,104,Product D,Category 2,14,40.0,2023-09-02,1803,Heather Jefferson
5948,101,Product A,Category 1,13,10.0,2023-11-29,1361,Steven Gray
3764,101,Product A,Category 1,5,10.0,2023-10-29,1694,Kyle Tapia
9784,102,Product B,Category 1,1,20.0,2023-02-06,1869,Charles Blair
705,101,Product A,Category 1,9,10.0,2023-07-19,1997,Kimberly Banks
9090,103,Product C,Category 2,14,30.0,2023-07-16,1801,Katherine Delacruz
2878,102,Product B,Category 1,2,20.0,2023-02-07,1005,Jesse Gonzalez
6485,102,Product B,Category 1,8,20.0,2023-11-27,1894,Jamie Mcguire
1146,104,Product D,Category 2,6,40.0,2023-05-26,1366,Michael Baker MD
8535,103,Product C,Category 2,9,30.0,2023-02-01,1657,Carla Anderson
346,102,Product B,Category 1,13,20.0,2023-09-13,1539,Charles Dixon
7602,104,Product D,Category 2,15,40.0,2023-04-03,1997,Kimberly Banks
2694,103,Product C,Category 2,10,30.0,2023-09-30,1454,Christopher Nash
6610,104,Product D,Category 2,14,40.0,2023-03-04,1758,Dr. Adam Hudson MD
1217,101,Product A,Category 1,13,10.0,2023-08-17,1852,Amy Frazier
4702,102,Product B,Category 1,3,20.0,2023-12-05,1911,Barbara Holmes
132,101,Product A,Category 1,3,10.0,2023-03-24,1978,James Boyer
5995,104,Product D,Category 2,3,40.0,2023-08-22,1638,Kyle Gibson
2385,101,Product A,Category 1,4,10.0,2023-10-04,1798,Joel Hill MD
2052,104,Product D,Category 2,9,40.0,2023-04-03,1602,Scott Nixon
4935,101,Product A,Category 1,13,10.0,2023-11-18,1342,Benjamin Sutton
332,101,Product A,Category 1,4,10.0,2023-01-08,1607,Brendan Smith
5777,101,Product A,Category 1,5,10.0,2023-01-05,1188,Adrienne Weaver
5358,103,Product C,Category 2,8,30.0,2023-01-18,2000,Molly Martin
6730,101,Product A,Category 1,14,10.0,2023-01-31,1933,Tracy Fields
576,102,Product B,Category 1,5,20.0,2023-01-24,1796,Benjamin Henry
457,102,Product B,Category 1,2,20.0,2023-05-14,1947,Nicole Hall
8666,102,Product B,Category 1,11,20.0,2023-11-27,1922,Nicholas Stevens
8216,102,Product B,Category 1,9,20.0,2023-11-05,1010,Karen Jacobs
6195,101,Product A,Category 1,13,10.0,2023-05-10,1639,James Macdonald
3667,101,Product A,Category 1,12,10.0,2023-03-13,1256,Kayla Torres
3436,102,Product B,Category 1,4,20.0,2023-07-26,1584,Richard Madden
4387,102,Product B,Category 1,8,20.0,2023-02-09,1825,Andrew Sweeney
2755,101,Product A,Category 1,6,10.0,2023-01-24,1154,Renee Guzman
5965,102,Product B,Category 1,9,20.0,2023-10-31,1124,Carrie Crawford
4076,101,Product A,Category 1,13,10.0,2023-10-13,1707,Mr. Nicholas Harris Jr.
8930,102,Product B,Category 1,5,20.0,2023-10-26,1805,Joshua Lozano
2322,102,Product B,Category 1,14,20.0,2023-09-06,1424,Justin Snyder
3142,101,Product A,Category 1,7,10.0,2023-05-22,1380,Matthew Kramer
7426,102,Product B,Category 1,11,20.0,2023-03-26,1279,Monique Orr
2959,104,Product D,Category 2,8,40.0,2023-12-22,1527,Brandon Howell
7132,104,Product D,Category 2,3,40.0,2023-05-16,1346,Kelsey Martinez
319,101,Product A,Category 1,11,10.0,2023-03-07,1164,Brian Mccann
2078,101,Product A,Category 1,8,10.0,2023-09-17,1536,Christopher Hanson MD
7641,104,Product D,Category 2,14,40.0,2023-06-20,1951,Stephanie Stark
504,102,Product B,Category 1,1,20.0,2023-11-03,1645,Scott Shaffer
8172,104,Product D,Category 2,1,40.0,2023-08-09,1077,Dana Evans
9130,101,Product A,Category 1,2,10.0,2023-09-09,1582,Nicole Davis
292,101,Product A,Category 1,2,10.0,2023-10-01,1418,Gary Gonzales
8614,101,Product A,Category 1,1,10.0,2023-09-06,1288,Hannah Stevens
8897,101,Product A,Category 1,13,10.0,2023-12-11,1466,Alex Snow
1483,101,Product A,Category 1,3,10.0,2023-01-02,1344,Katherine Diaz
9682,101,Product A,Category 1,3,10.0,2023-07-04,1441,Kimberly Harris
450,104,Product D,Category 2,9,40.0,2023-11-13,1139,Katherine Evans
1293,104,Product D,Category 2,13,40.0,2023-07-08,1135,Laura Wagner
2832,101,Product A,Category 1,9,10.0,2023-07-27,1655,Heather Anderson
3314,102,Product B,Category 1,3,20.0,2023-09-06,1814,Kimberly Hamilton
3715,103,Product C,Category 2,15,30.0,2023-09-26,1575,Daniel Le
7473,102,Product B,Category 1,2,20.0,2023-02-05,1845,Jennifer Rosales
9997,102,Product B,Category 1,4,20.0,2023-10-27,1655,Heather Anderson
2389,101,Product A,Category 1,11,10.0,2023-05-16,1796,Benjamin Henry
6376,101,Product A,Category 1,3,10.0,2023-12-30,1721,Jordan Curtis
9417,103,Product C,Category 2,1,30.0,2023-02-11,1466,Alex Snow
8345,101,Product A,Category 1,5,10.0,2023-04-07,1805,Joshua Lozano
5171,101,Product A,Category 1,8,10.0,2023-04-01,1516,Hannah Anderson
137,102,Product B,Category 1,9,20.0,2023-06-20,1131,Kurt Reed
6488,102,Product B,Category 1,10,20.0,2023-07-27,1608,Nicole Ballard
9052,102,Product B,Category 1,10,20.0,2023-10-22,1317,Sharon Kennedy
6011,102,Product B,Category 1,9,20.0,2023-12-24,1675,Jessica Villa
8717,104,Product D,Category 2,13,40.0,2023-12-20,1293,Andrea Vega
7613,101,Product A,Category 1,15,10.0,2023-10-25,1657,Carla Anderson
9519,102,Product B,Category 1,1,20.0,2023-07-11,1952,Michael Perez
1150,101,Product A,Category 1,9,10.0,2023-08-20,1142,Tanya Davidson
3219,101,Product A,Category 1,15,10.0,2023-02-28,1890,Francisco Carlson
5262,101,Product A,Category 1,2,10.0,2023-04-04,1823,Nicole Galloway
5602,101,Product A,Category 1,7,10.0,2023-07-11,1035,Robert Rodriguez
2716,104,Product D,Category 2,2,40.0,2023-10-23,1785,Matthew Martinez
3474,101,Product A,Category 1,7,10.0,2023-04-16,1971,Mark Mccann
6818,102,Product B,Category 1,15,20.0,2023-06-04,1527,Brandon Howell
6647,103,Product C,Category 2,5,30.0,2023-09-04,1628,Diana Burns
7169,101,Product A,Category 1,4,10.0,2023-06-30,1211,Cassandra Escobar
4847,102,Product B,Category 1,11,20.0,2023-06-12,1833,Benjamin Ellis
236,103,Product C,Category 2,4,30.0,2023-09-22,1934,Lorraine Deleon
931,101,Product A,Category 1,11,10.0,2023-02-08,1932,Philip Mack
1244,102,Product B,Category 1,10,20.0,2023-09-28,1293,Andrea Vega
6946,102,Product B,Category 1,2,20.0,2023-04-14,1953,Billy Wilson
8776,101,Product A,Category 1,15,10.0,2023-11-18,1631,John Morris
668,103,Product C,Category 2,10,30.0,2023-08-08,1753,Bradley Townsend
9024,104,Product D,Category 2,14,40.0,2023-12-10,1141,Brenda Gonzalez
2787,101,Product A,Category 1,7,10.0,2023-02-09,1583,Susan Zimmerman
3522,102,Product B,Category 1,2,20.0,2023-10-05,1562,Lisa Thompson
8028,102,Product B,Category 1,12,20.0,2023-11-01,1937,Cody Miles
5178,102,Product B,Category 1,11,20.0,2023-04-10,1686,Anthony Perez
3863,102,Product B,Category 1,14,20.0,2023-11-19,1482,Amanda Ayers
1466,103,Product C,Category 2,2,30.0,2023-01-06,1263,John Davis
5502,102,Product B,Category 1,2,20.0,2023-10-15,1452,Heather Payne
188,101,Product A,Category 1,2,10.0,2023-08-24,1778,Jennifer Rodriguez
3090,103,Product C,Category 2,7,30.0,2023-04-21,1474,Michael Wallace
6840,104,Product D,Category 2,8,40.0,2023-07-24,1088,Anthony Nelson
138,102,Product B,Category 1,13,20.0,2023-08-28,1440,Alicia Davenport
3574,101,Product A,Category 1,3,10.0,2023-03-19,1896,Margaret Odonnell
5930,104,Product D,Category 2,15,40.0,2023-11-23,1707,Mr. Nicholas Harris Jr.
5313,104,Product D,Category 2,1,40.0,2023-06-28,1090,Amy Strickland
6900,102,Product B,Category 1,7,20.0,2023-09-24,1322,Janet Estrada
8981,101,Product A,Category 1,2,10.0,2023-05-03,1215,Lisa Sanders
6061,103,Product C,Category 2,12,30.0,2023-05-05,1231,Marissa Carlson MD
9309,104,Product D,Category 2,13,40.0,2023-01-22,1049,Alexander Wilson
5903,103,Product C,Category 2,6,30.0,2023-11-19,1103,Ryan Turner
5233,101,Product A,Category 1,2,10.0,2023-12-15,1710,Nicole Caldwell
9080,102,Product B,Category 1,4,20.0,2023-11-02,1037,Kyle Sanchez
2810,101,Product A,Category 1,9,10.0,2023-07-20,2000,Molly Martin
460,104,Product D,Category 2,12,40.0,2023-01-19,1338,Anthony Patton
5111,101,Product A,Category 1,11,10.0,2023-10-09,1188,Adrienne Weaver
3906,101,Product A,Category 1,12,10.0,2023-04-27,1191,Gabriella Bennett
1334,103,Product C,Category 2,14,30.0,2023-12-12,1907,Whitney Carrillo
8346,102,Product B,Category 1,11,20.0,2023-07-03,1061,Wendy Cruz
5697,102,Product B,Category 1,10,20.0,2023-05-01,1556,Anne Smith
8712,101,Product A,Category 1,9,10.0,2023-05-29,1121,Frank West
925,101,Product A,Category 1,11,10.0,2023-06-16,1814,Kimberly Hamilton
7727,102,Product B,Category 1,3,20.0,2023-10-17,1567,Yvonne Banks
4394,101,Product A,Category 1,5,10.0,2023-12-30,1294,Tammy Robinson
5998,102,Product B,Category 1,3,20.0,2023-03-10,1841,Kelly Burke
6522,103,Product C,Category 2,3,30.0,2023-05-21,1255,Philip Williamson
1068,103,Product C,Category 2,3,30.0,2023-12-05,1443,Shannon Garcia
3125,103,Product C,Category 2,13,30.0,2023-09-29,1997,Kimberly Banks
1729,101,Product A,Category 1,4,10.0,2023-09-04,1694,Kyle Tapia
6250,101,Product A,Category 1,2,10.0,2023-08-26,1265,Charles Nguyen
6404,101,Product A,Category 1,14,10.0,2023-06-01,1695,Melissa Rodriguez
8895,101,Product A,Category 1,1,10.0,2023-03-09,1140,Samantha Collins
1037,103,Product C,Category 2,5,30.0,2023-04-28,1537,Steven Taylor
8846,102,Product B,Category 1,7,20.0,2023-06-19,1617,Daniel Lewis
1383,101,Product A,Category 1,12,10.0,2023-03-22,1476,Mary Robinson
6075,103,Product C,Category 2,12,30.0,2023-07-14,1785,Matthew Martinez
3096,102,Product B,Category 1,1,20.0,2023-06-19,1756,Christopher Thompson
2023,101,Product A,Category 1,6,10.0,2023-08-23,1025,Tanya Walton
2764,101,Product A,Category 1,12,10.0,2023-01-31,1560,Jared Bennett
1431,104,Product D,Category 2,10,40.0,2023-06-20,1656,Jeffery Larson
156,104,Product D,Category 2,9,40.0,2023-12-21,1222,Justin Berry
508,104,Product D,Category 2,8,40.0,2023-01-29,1268,Katelyn Abbott
1021,101,Product A,Category 1,8,10.0,2023-06-29,1089,Nancy Ruiz
8909,103,Product C,Category 2,11,30.0,2023-01-10,1496,Ashley Williams
2187,101,Product A,Category 1,13,10.0,2023-04-09,1593,Joseph Williamson
1321,101,Product A,Category 1,3,10.0,2023-04-25,1501,Jane Cruz
4128,101,Product A,Category 1,4,10.0,2023-11-29,1858,James Smith
9058,102,Product B,Category 1,11,20.0,2023-02-07,1642,Bryce Coleman
4845,102,Product B,Category 1,12,20.0,2023-07-04,1613,Philip Bowen
5862,104,Product D,Category 2,8,40.0,2023-05-23,1019,James Newton
998,102,Product B,Category 1,13,20.0,2023-03-01,1828,Lisa Wright
2661,101,Product A,Category 1,15,10.0,2023-08-04,1512,Brian Austin
2864,102,Product B,Category 1,2,20.0,2023-08-30,1718,George Cox
6203,101,Product A,Category 1,15,10.0,2023-02-06,1562,Lisa Thompson
9875,103,Product C,Category 2,8,30.0,2023-03-25,1507,Bryan Myers
9110,102,Product B,Category 1,4,20.0,2023-04-15,1152,Timothy Schultz
2371,102,Product B,Category 1,1,20.0,2023-03-17,1448,Mrs. Alisha Bowers
8967,101,Product A,Category 1,10,10.0,2023-09-06,1088,Anthony Nelson
9148,102,Product B,Category 1,1,20.0,2023-10-22,1548,Jasmine Perez
7994,102,Product B,Category 1,11,20.0,2023-03-12,1866,Richard Goodman
4807,102,Product B,Category 1,12,20.0,2023-11-04,1933,Tracy Fields
8850,102,Product B,Category 1,9,20.0,2023-12-16,1224,Taylor Johnson
1194,102,Product B,Category 1,10,20.0,2023-08-22,1356,Chris Kelley
2718,101,Product A,Category 1,9,10.0,2023-11-27,1024,Curtis Campbell
5051,104,Product D,Category 2,12,40.0,2023-06-12,1677,Jay Jarvis
3969,102,Product B,Category 1,8,20.0,2023-10-09,1977,Taylor Thomas
2256,103,Product C,Category 2,8,30.0,2023-07-31,1741,Amy Sanchez
3892,101,Product A,Category 1,6,10.0,2023-03-01,1700,Robert Barton
9068,101,Product A,Category 1,6,10.0,2023-03-10,1707,Mr. Nicholas Harris Jr.
7461,101,Product A,Category 1,11,10.0,2023-11-20,1137,Joshua Hull
5682,102,Product B,Category 1,3,20.0,2023-02-22,1994,Jennifer Thompson
9957,101,Product A,Category 1,4,10.0,2023-03-30,1227,Erin Barrera
3517,104,Product D,Category 2,13,40.0,2023-06-03,1060,Jennifer Carey
8416,102,Product B,Category 1,7,20.0,2023-10-16,1399,Eric Smith
1004,102,Product B,Category 1,7,20.0,2023-12-12,1550,Robert Fox
807,104,Product D,Category 2,9,40.0,2023-04-30,1418,Gary Gonzales
2982,101,Product A,Category 1,12,10.0,2023-01-13,1053,Hannah Mclaughlin
2141,101,Product A,Category 1,3,10.0,2023-03-26,1158,Diana Woods
1073,102,Product B,Category 1,10,20.0,2023-03-24,1443,Shannon Garcia
7974,103,Product C,Category 2,13,30.0,2023-06-22,1147,Kevin Larson
5687,102,Product B,Category 1,12,20.0,2023-03-10,1435,Dustin Best
3867,101,Product A,Category 1,9,10.0,2023-10-20,1318,Kimberly Cook
4606,104,Product D,Category 2,1,40.0,2023-04-10,1330,Lance Larsen
5004,102,Product B,Category 1,15,20.0,2023-09-29,1112,Rachel Graham
6053,103,Product C,Category 2,8,30.0,2023-07-23,1236,William Jones
1969,103,Product C,Category 2,9,30.0,2023-05-09,1708,Stephanie Hickman
5161,103,Product C,Category 2,2,30.0,2023-04-30,1930,Renee Guzman
5886,101,Product A,Category 1,7,10.0,2023-02-02,1098,Brian Martin
704,101,Product A,Category 1,12,10.0,2023-07-09,1248,Matthew May
5256,101,Product A,Category 1,10,10.0,2023-01-03,1301,Matthew Riley
2771,102,Product B,Category 1,1,20.0,2023-04-07,1878,Deborah Ortega
2489,101,Product A,Category 1,4,10.0,2023-04-01,1291,Amanda Fernandez
115,101,Product A,Category 1,14,10.0,2023-05-31,1532,Meagan Contreras
7424,101,Product A,Category 1,5,10.0,2023-04-06,1681,Charles Sheppard
3620,101,Product A,Category 1,12,10.0,2023-08-25,1398,Katherine Parker
475,102,Product B,Category 1,7,20.0,2023-09-16,1760,Elizabeth Wright
3159,102,Product B,Category 1,4,20.0,2023-05-05,1552,Megan Crawford
4528,101,Product A,Category 1,12,10.0,2023-08-04,1087,Jason Stewart
1726,102,Product B,Category 1,14,20.0,2023-11-27,1496,Ashley Williams
6276,103,Product C,Category 2,8,30.0,2023-02-14,1338,Anthony Patton
5117,104,Product D,Category 2,5,40.0,2023-07-26,1887,Diane Bauer
4434,101,Product A,Category 1,7,10.0,2023-12-26,1594,Amanda Bowers
431,102,Product B,Category 1,3,20.0,2023-02-10,1104,Alice Anderson
7976,101,Product A,Category 1,6,10.0,2023-04-20,1439,Samantha Fields
984,104,Product D,Category 2,10,40.0,2023-12-27,1503,Kenneth Young
1623,101,Product A,Category 1,3,10.0,2023-07-17,1191,Gabriella Bennett
9220,102,Product B,Category 1,10,20.0,2023-06-06,1601,Brett Cook
3656,104,Product D,Category 2,7,40.0,2023-09-06,1307,Michael Munoz
5160,101,Product A,Category 1,9,10.0,2023-09-18,1583,Susan Zimmerman
7323,103,Product C,Category 2,9,30.0,2023-08-11,1650,Joshua Turner
7632,102,Product B,Category 1,13,20.0,2023-03-27,1200,Alex Williamson
6824,103,Product C,Category 2,1,30.0,2023-08-30,1093,Lisa Hester
3237,102,Product B,Category 1,2,20.0,2023-05-19,1992,Kathleen Manning
4127,103,Product C,Category 2,11,30.0,2023-09-15,1723,Courtney Lyons
8018,102,Product B,Category 1,7,20.0,2023-05-09,1059,Jessica Jackson
3857,104,Product D,Category 2,12,40.0,2023-09-22,1772,Eric White
3229,101,Product A,Category 1,8,10.0,2023-04-08,1936,Heather Gordon
4713,103,Product C,Category 2,11,30.0,2023-05-17,1811,Ryan Webb
9927,102,Product B,Category 1,14,20.0,2023-10-01,1775,William Camacho
3869,102,Product B,Category 1,6,20.0,2023-05-14,1044,Jasmine Huynh
1543,104,Product D,Category 2,13,40.0,2023-02-08,1092,Shawn Zimmerman
6668,101,Product A,Category 1,5,10.0,2023-03-15,1870,Joseph Cain
893,101,Product A,Category 1,13,10.0,2023-05-05,1767,Nicholas Wolf II
5872,103,Product C,Category 2,13,30.0,2023-10-16,1569,Timothy Perkins
8030,101,Product A,Category 1,7,10.0,2023-04-22,1059,Jessica Jackson
9712,102,Product B,Category 1,9,20.0,2023-01-02,1697,Michelle Mendoza
1465,102,Product B,Category 1,8,20.0,2023-01-17,1924,Paul Brown
2246,101,Product A,Category 1,3,10.0,2023-01-12,1802,Sarah Moses
5987,101,Product A,Category 1,15,10.0,2023-10-09,1553,Thomas Maynard
8225,102,Product B,Category 1,9,20.0,2023-09-11,1956,Mrs. Sonya Jacobs MD
9962,104,Product D,Category 2,4,40.0,2023-05-21,1125,Melissa Long
9581,102,Product B,Category 1,9,20.0,2023-02-05,1633,Dylan Hull
7285,101,Product A,Category 1,12,10.0,2023-11-02,1984,Lisa Martinez
6166,102,Product B,Category 1,11,20.0,2023-11-27,1189,Alyssa Delacruz
1717,103,Product C,Category 2,5,30.0,2023-08-17,1705,Catherine Moore
6536,101,Product A,Category 1,9,10.0,2023-02-28,1624,Yvette Jackson
9733,101,Product A,Category 1,1,10.0,2023-05-18,1063,Dr. Donna Shelton
1964,101,Product A,Category 1,13,10.0,2023-12-05,1548,Jasmine Perez
5495,101,Product A,Category 1,12,10.0,2023-10-19,1867,Aaron Stone
3847,104,Product D,Category 2,7,40.0,2023-12-13,1566,Linda Henderson
5939,104,Product D,Category 2,1,40.0,2023-07-04,1393,Debra Bennett
3191,103,Product C,Category 2,15,30.0,2023-11-02,1822,Patricia Ramos
9768,102,Product B,Category 1,14,20.0,2023-01-07,1818,Alice Dunn
7343,104,Product D,Category 2,6,40.0,2023-06-02,1589,Brandi Hill
7945,102,Product B,Category 1,4,20.0,2023-11-10,1573,Jimmy Blanchard
1641,102,Product B,Category 1,11,20.0,2023-10-07,1468,Colin Wiggins
6745,102,Product B,Category 1,9,20.0,2023-09-07,1001,Laura Brooks
1848,104,Product D,Category 2,4,40.0,2023-05-19,1395,Justin Mccarty
710,104,Product D,Category 2,5,40.0,2023-05-08,1086,Angela Cunningham
6231,104,Product D,Category 2,4,40.0,2023-01-30,1876,Dustin Fletcher
6168,101,Product A,Category 1,14,10.0,2023-04-26,1723,Courtney Lyons
248,101,Product A,Category 1,14,10.0,2023-09-15,1620,Barbara Hamilton
4612,101,Product A,Category 1,8,10.0,2023-12-15,1353,Isabella Park
3188,104,Product D,Category 2,2,40.0,2023-09-09,1339,Mary Mccoy MD
578,102,Product B,Category 1,8,20.0,2023-03-26,1321,Linda Rivera
902,101,Product A,Category 1,12,10.0,2023-11-30,1893,Lisa Glover
1072,102,Product B,Category 1,2,20.0,2023-11-19,1980,Micheal Murphy
3960,102,Product B,Category 1,6,20.0,2023-07-30,1165,Ryan Rodriguez
1721,101,Product A,Category 1,7,10.0,2023-09-02,1883,Nicole Barton
8071,102,Product B,Category 1,2,20.0,2023-05-25,1843,Peter Garrison
7755,101,Product A,Category 1,8,10.0,2023-08-03,1542,Christy Lynch
5865,101,Product A,Category 1,9,10.0,2023-11-11,1294,Tammy Robinson
146,103,Product C,Category 2,14,30.0,2023-06-12,1727,Christopher Herrera
8332,102,Product B,Category 1,2,20.0,2023-05-24,1221,Matthew Hunter
514,103,Product C,Category 2,4,30.0,2023-08-18,1331,Katherine Oliver
2589,104,Product D,Category 2,9,40.0,2023-01-15,1153,Paul George
4705,103,Product C,Category 2,10,30.0,2023-01-10,1392,Kelly Johnson
611,102,Product B,Category 1,3,20.0,2023-04-06,1179,Michael Sexton
7474,102,Product B,Category 1,7,20.0,2023-04-27,1498,Angela Guerrero
1920,101,Product A,Category 1,6,10.0,2023-11-20,1894,Jamie Mcguire
4280,104,Product D,Category 2,7,40.0,2023-02-19,1749,Scott Wright
2680,103,Product C,Category 2,3,30.0,2023-01-13,1390,Danielle Cross
3680,101,Product A,Category 1,13,10.0,2023-05-10,1684,Ronald Hamilton
6189,104,Product D,Category 2,12,40.0,2023-02-21,1650,Joshua Turner
9195,101,Product A,Category 1,12,10.0,2023-01-16,1136,Gina Hall
3307,102,Product B,Category 1,13,20.0,2023-07-31,1014,Christine Roman
5912,102,Product B,Category 1,4,20.0,2023-07-29,1792,Kelly Kelley
8383,104,Product D,Category 2,11,40.0,2023-11-29,1238,Laura Walker
4850,101,Product A,Category 1,4,10.0,2023-11-03,1015,Dennis Castillo
7192,102,Product B,Category 1,7,20.0,2023-12-13,1680,Angela Jenkins
4388,102,Product B,Category 1,2,20.0,2023-07-13,2000,Molly Martin
7085,104,Product D,Category 2,10,40.0,2023-07-31,1114,Daniel Reed
5127,104,Product D,Category 2,11,40.0,2023-05-17,1491,Michael Kaufman
6679,103,Product C,Category 2,1,30.0,2023-12-24,1931,William Carson
2235,102,Product B,Category 1,2,20.0,2023-04-08,1004,Kevin Moyer
2481,101,Product A,Category 1,7,10.0,2023-01-25,1723,Courtney Lyons
8295,102,Product B,Category 1,5,20.0,2023-04-09,1823,Nicole Galloway
2792,104,Product D,Category 2,8,40.0,2023-06-03,1388,Gary Williams
4686,101,Product A,Category 1,2,10.0,2023-01-30,1384,Joy Kelly
7638,101,Product A,Category 1,2,10.0,2023-07-07,1423,George Nash
6234,101,Product A,Category 1,1,10.0,2023-05-21,1313,Crystal Johns
9146,104,Product D,Category 2,10,40.0,2023-02-22,1299,Michael Moreno
4994,102,Product B,Category 1,2,20.0,2023-03-31,1773,Steven Mcdonald
1396,102,Product B,Category 1,10,20.0,2023-10-14,1577,Christopher Hampton
3956,102,Product B,Category 1,9,20.0,2023-03-24,1214,Angela Davis
5215,104,Product D,Category 2,11,40.0,2023-11-08,1609,Alexandra Clark
9831,103,Product C,Category 2,11,30.0,2023-04-08,1349,Teresa Chung
1651,101,Product A,Category 1,1,10.0,2023-12-14,1194,Michael Maldonado
5760,102,Product B,Category 1,12,20.0,2023-04-14,1661,Jamie Murphy
1017,102,Product B,Category 1,3,20.0,2023-07-31,1359,Nicole Matthews
9738,104,Product D,Category 2,11,40.0,2023-12-28,1543,Patrick Williams
6561,101,Product A,Category 1,11,10.0,2023-10-03,1108,Katie Hill
6271,101,Product A,Category 1,1,10.0,2023-11-03,1399,Eric Smith
1959,104,Product D,Category 2,14,40.0,2023-06-20,1987,Stephanie Patterson
5490,102,Product B,Category 1,13,20.0,2023-11-25,1050,Michael Fisher
4740,101,Product A,Category 1,15,10.0,2023-07-08,1508,Brittany Walker
1549,101,Product A,Category 1,3,10.0,2023-08-29,1451,Ashley Silva
1012,102,Product B,Category 1,7,20.0,2023-02-16,1156,Michael Roberts
6323,101,Product A,Category 1,5,10.0,2023-11-16,1897,Sean Galloway
8133,102,Product B,Category 1,3,20.0,2023-09-21,1570,Andre Patel
3405,102,Product B,Category 1,10,20.0,2023-04-11,1838,Crystal Marsh
5036,101,Product A,Category 1,11,10.0,2023-10-15,1958,Joseph Irwin
8198,102,Product B,Category 1,3,20.0,2023-07-07,1709,Nicholas Pena
3170,101,Product A,Category 1,6,10.0,2023-10-30,1509,Levi Clark
8708,102,Product B,Category 1,7,20.0,2023-10-13,1973,Vincent Beck
2453,102,Product B,Category 1,15,20.0,2023-02-24,1729,Karen Moyer
6293,103,Product C,Category 2,11,30.0,2023-11-26,1415,Linda Jones
3398,102,Product B,Category 1,14,20.0,2023-09-07,1189,Alyssa Delacruz
2762,102,Product B,Category 1,9,20.0,2023-11-09,1307,Michael Munoz
7589,101,Product A,Category 1,14,10.0,2023-10-15,1025,Tanya Walton
2811,101,Product A,Category 1,13,10.0,2023-11-20,1584,Richard Madden
4462,102,Product B,Category 1,2,20.0,2023-10-21,1114,Daniel Reed
8955,101,Product A,Category 1,15,10.0,2023-11-11,1754,Michael Potter
1784,101,Product A,Category 1,7,10.0,2023-01-31,1413,Patrick Chung
8167,104,Product D,Category 2,11,40.0,2023-06-05,1287,David Sanchez
5719,104,Product D,Category 2,10,40.0,2023-12-01,1685,Danielle Stewart
3162,101,Product A,Category 1,1,10.0,2023-09-30,1953,Billy Wilson
631,101,Product A,Category 1,5,10.0,2023-04-26,1889,Scott Garcia
148,101,Product A,Category 1,1,10.0,2023-09-29,1404,Mr. Anthony Palmer
6807,103,Product C,Category 2,13,30.0,2023-05-09,1466,Alex Snow
3407,101,Product A,Category 1,9,10.0,2023-05-04,1226,Tracy Moore
5207,102,Product B,Category 1,6,20.0,2023-08-21,1128,Adam Bell
4690,103,Product C,Category 2,2,30.0,2023-09-29,1968,Jeremiah Ramirez
7480,102,Product B,Category 1,1,20.0,2023-03-10,1116,Mathew Morris
2059,101,Product A,Category 1,4,10.0,2023-02-06,1605,Dawn Rivera
5090,103,Product C,Category 2,1,30.0,2023-01-18,1133,Zachary Moore
8973,103,Product C,Category 2,13,30.0,2023-01-30,1485,Jonathan Arnold
1393,101,Product A,Category 1,10,10.0,2023-01-28,1396,Daniel Taylor
9892,101,Product A,Category 1,1,10.0,2023-01-18,1013,Michael Garcia
1849,102,Product B,Category 1,7,20.0,2023-01-12,1610,Mr. Kevin Wilson Jr.
9985,102,Product B,Category 1,8,20.0,2023-05-12,1835,Chris Walker
3271,101,Product A,Category 1,12,10.0,2023-02-17,1958,Joseph Irwin
392,102,Product B,Category 1,2,20.0,2023-04-20,1432,Shelley Bullock
8396,102,Product B,Category 1,3,20.0,2023-11-02,1486,Jonathan Rodriguez
446,102,Product B,Category 1,5,20.0,2023-01-24,1793,Kevin Huffman
3460,102,Product B,Category 1,13,20.0,2023-01-24,1708,Stephanie Hickman
4755,102,Product B,Category 1,4,20.0,2023-05-10,1888,Fernando Williams
8607,101,Product A,Category 1,1,10.0,2023-10-14,1355,Tracy Shepherd
3281,103,Product C,Category 2,3,30.0,2023-03-27,1289,Matthew Harding
1709,102,Product B,Category 1,3,20.0,2023-02-08,1453,Robert Nelson
9911,102,Product B,Category 1,12,20.0,2023-02-15,1149,Matthew Love
1531,104,Product D,Category 2,7,40.0,2023-08-12,1088,Anthony Nelson
8679,101,Product A,Category 1,8,10.0,2023-03-01,1972,Jason Vasquez
4582,103,Product C,Category 2,3,30.0,2023-09-11,1505,Melissa Myers
565,102,Product B,Category 1,12,20.0,2023-08-19,1610,Mr. Kevin Wilson Jr.
4654,101,Product A,Category 1,11,10.0,2023-06-03,1506,Summer Stevens
1071,101,Product A,Category 1,9,10.0,2023-01-25,1374,Cynthia Morgan
13,104,Product D,Category 2,7,40.0,2023-11-12,1246,Jerry Stephens
1094,103,Product C,Category 2,3,30.0,2023-02-28,1544,Erika Bailey
9953,102,Product B,Category 1,10,20.0,2023-07-06,1716,Rebecca Green
4762,101,Product A,Category 1,4,10.0,2023-10-22,1182,Zachary Ward
9305,102,Product B,Category 1,10,20.0,2023-12-20,1376,William Lewis
8173,103,Product C,Category 2,8,30.0,2023-10-24,1379,Samantha West
5105,104,Product D,Category 2,5,40.0,2023-10-26,1052,Eric Parker
6777,102,Product B,Category 1,4,20.0,2023-06-11,1678,Kristen Jennings
3602,103,Product C,Category 2,4,30.0,2023-12-05,1072,Maurice Peterson
8260,103,Product C,Category 2,6,30.0,2023-11-01,1142,Tanya Davidson
4928,101,Product A,Category 1,14,10.0,2023-06-07,1285,Zachary Smith
5032,102,Product B,Category 1,9,20.0,2023-01-06,1711,Erica Mills
3395,103,Product C,Category 2,15,30.0,2023-08-22,1394,Lori Edwards
4726,103,Product C,Category 2,1,30.0,2023-07-07,1670,Isaac Solis
7436,104,Product D,Category 2,13,40.0,2023-06-26,1967,Kristina Lyons
9038,102,Product B,Category 1,9,20.0,2023-10-19,1146,Laura Ramos
4947,102,Product B,Category 1,15,20.0,2023-06-19,1697,Michelle Mendoza
7948,102,Product B,Category 1,13,20.0,2023-11-13,1777,William Morrison
3283,102,Product B,Category 1,4,20.0,2023-10-13,1179,Michael Sexton
7342,103,Product C,Category 2,15,30.0,2023-08-18,1550,Robert Fox
9585,104,Product D,Category 2,2,40.0,2023-11-24,1022,Linda Campbell
7475,102,Product B,Category 1,11,20.0,2023-11-08,1982,Christine Flores
1620,101,Product A,Category 1,8,10.0,2023-03-25,1637,Diane Thomas
8151,103,Product C,Category 2,12,30.0,2023-08-19,1217,Jessica Harper
8828,104,Product D,Category 2,14,40.0,2023-12-08,1805,Joshua Lozano
4466,102,Product B,Category 1,3,20.0,2023-11-14,1601,Brett Cook
1227,102,Product B,Category 1,13,20.0,2023-04-12,1755,Jessica Craig
6295,102,Product B,Category 1,1,20.0,2023-05-08,1357,Calvin Brock
2691,102,Product B,Category 1,3,20.0,2023-09-12,1969,Lisa White
3860,101,Product A,Category 1,15,10.0,2023-08-22,1445,Rebecca Martinez
5470,103,Product C,Category 2,15,30.0,2023-01-21,1105,Kelly Gross
5915,101,Product A,Category 1,15,10.0,2023-12-15,1858,James Smith
8902,104,Product D,Category 2,4,40.0,2023-08-24,1739,Kristin Williams
950,102,Product B,Category 1,2,20.0,2023-10-02,1927,Elizabeth Barnett
2658,104,Product D,Category 2,5,40.0,2023-02-23,1588,Edward Allen
6436,103,Product C,Category 2,8,30.0,2023-12-25,1831,Jenny Perez
1822,104,Product D,Category 2,12,40.0,2023-07-28,1107,Thomas Noble
7156,104,Product D,Category 2,12,40.0,2023-02-27,1946,David Ashley
683,101,Product A,Category 1,7,10.0,2023-02-25,1187,Bob Franklin
471,102,Product B,Category 1,10,20.0,2023-04-21,1834,Cynthia Moore
6068,103,Product C,Category 2,15,30.0,2023-03-30,1775,William Camacho
4062,101,Product A,Category 1,2,10.0,2023-02-21,1773,Steven Mcdonald
6565,104,Product D,Category 2,8,40.0,2023-01-22,1297,Russell Gomez
7353,103,Product C,Category 2,12,30.0,2023-04-23,1203,Joseph Larson
5817,101,Product A,Category 1,4,10.0,2023-06-29,1634,Ann Rush
2593,104,Product D,Category 2,9,40.0,2023-10-21,1524,Joshua Lane
2177,101,Product A,Category 1,3,10.0,2023-08-07,1994,Jennifer Thompson
3676,102,Product B,Category 1,5,20.0,2023-09-07,1562,Lisa Thompson
5426,102,Product B,Category 1,4,20.0,2023-11-08,1093,Lisa Hester
2633,101,Product A,Category 1,10,10.0,2023-04-28,1494,Destiny Robinson
4931,102,Product B,Category 1,9,20.0,2023-12-10,1822,Patricia Ramos
5013,102,Product B,Category 1,15,20.0,2023-03-06,1128,Adam Bell
3254,103,Product C,Category 2,1,30.0,2023-01-23,1335,Anna Johnson
716,102,Product B,Category 1,2,20.0,2023-08-24,1452,Heather Payne
2713,102,Product B,Category 1,13,20.0,2023-03-22,1987,Stephanie Patterson
9089,104,Product D,Category 2,4,40.0,2023-10-25,1160,Andrea Lopez
4735,103,Product C,Category 2,6,30.0,2023-11-01,1054,Crystal Chang
2260,101,Product A,Category 1,13,10.0,2023-07-24,1186,Dr. Tammy Walker
8365,104,Product D,Category 2,14,40.0,2023-07-02,1283,Luis Leonard MD
4803,101,Product A,Category 1,5,10.0,2023-05-29,1098,Brian Martin
7724,104,Product D,Category 2,13,40.0,2023-02-16,1167,Joseph Mccarty
8132,101,Product A,Category 1,4,10.0,2023-12-19,1109,Erik Roberts
9644,101,Product A,Category 1,5,10.0,2023-04-18,1211,Cassandra Escobar
9736,103,Product C,Category 2,11,30.0,2023-10-04,1156,Michael Roberts
2814,101,Product A,Category 1,3,10.0,2023-02-10,1702,Kimberly Ramirez
3184,101,Product A,Category 1,2,10.0,2023-10-25,1774,Nathan Brown
3529,101,Product A,Category 1,9,10.0,2023-12-14,1816,Maureen Olson
442,102,Product B,Category 1,10,20.0,2023-06-10,1595,Belinda Santos
8351,104,Product D,Category 2,14,40.0,2023-12-29,1718,George Cox
6477,103,Product C,Category 2,1,30.0,2023-10-21,1364,Andrew Gibson
4465,104,Product D,Category 2,1,40.0,2023-10-27,1352,Monica Liu
5811,101,Product A,Category 1,12,10.0,2023-02-18,1345,Karen West
7281,104,Product D,Category 2,5,40.0,2023-04-04,1475,Andrea Vaughn
8033,102,Product B,Category 1,7,20.0,2023-10-11,1386,John Flowers
7568,102,Product B,Category 1,9,20.0,2023-11-20,1916,Scott Mathews
1409,102,Product B,Category 1,5,20.0,2023-10-09,1976,Joshua Parker
7147,101,Product A,Category 1,4,10.0,2023-10-23,1510,Christopher Wright
3510,101,Product A,Category 1,10,10.0,2023-04-24,1405,Gina Cain
4811,102,Product B,Category 1,14,20.0,2023-04-30,1575,Daniel Le
947,101,Product A,Category 1,3,10.0,2023-01-01,1387,Gregory Phelps
455,102,Product B,Category 1,11,20.0,2023-10-18,1424,Justin Snyder
5631,101,Product A,Category 1,14,10.0,2023-12-28,1458,Marcus Lane
713,102,Product B,Category 1,5,20.0,2023-12-15,1861,Matthew Orr
5565,104,Product D,Category 2,1,40.0,2023-04-27,1602,Scott Nixon
4783,102,Product B,Category 1,3,20.0,2023-10-13,1228,Terrance Novak
8810,101,Product A,Category 1,11,10.0,2023-04-16,1723,Courtney Lyons
8936,101,Product A,Category 1,10,10.0,2023-01-22,1430,Pamela Pena DDS
3178,102,Product B,Category 1,5,20.0,2023-02-10,1120,Dennis Green
7263,101,Product A,Category 1,13,10.0,2023-02-28,1699,Sabrina Schultz
6596,101,Product A,Category 1,14,10.0,2023-03-14,1840,Ian Perkins
9027,101,Product A,Category 1,5,10.0,2023-11-21,1858,James Smith
2050,102,Product B,Category 1,5,20.0,2023-10-24,1478,Beth Jackson
2688,102,Product B,Category 1,7,20.0,2023-08-24,1850,Sylvia Miles
6702,102,Product B,Category 1,14,20.0,2023-10-07,1458,Marcus Lane
3890,102,Product B,Category 1,13,20.0,2023-07-23,1769,Ricky Soto
359,101,Product A,Category 1,5,10.0,2023-12-05,1024,Curtis Campbell
6074,101,Product A,Category 1,5,10.0,2023-12-30,1637,Diane Thomas
101,102,Product B,Category 1,2,20.0,2023-02-05,1265,Charles Nguyen
6701,101,Product A,Category 1,12,10.0,2023-06-11,1285,Zachary Smith
6724,101,Product A,Category 1,3,10.0,2023-07-20,1560,Jared Bennett
3421,101,Product A,Category 1,4,10.0,2023-01-25,1886,Samantha Dorsey
8525,103,Product C,Category 2,6,30.0,2023-07-02,1752,Tammy Parrish
8183,104,Product D,Category 2,8,40.0,2023-08-23,1710,Nicole Caldwell
6003,101,Product A,Category 1,12,10.0,2023-01-31,1889,Scott Garcia
4981,101,Product A,Category 1,1,10.0,2023-04-30,1024,Curtis Campbell
7205,101,Product A,Category 1,13,10.0,2023-05-26,1630,Susan Short
4122,101,Product A,Category 1,2,10.0,2023-02-06,1463,Tiffany Luna
287,102,Product B,Category 1,2,20.0,2023-05-15,1823,Nicole Galloway
2543,103,Product C,Category 2,8,30.0,2023-02-04,1599,Sean Carter
7625,104,Product D,Category 2,3,40.0,2023-10-23,1481,Matthew Camacho
4898,104,Product D,Category 2,6,40.0,2023-08-24,1805,Joshua Lozano
5261,103,Product C,Category 2,11,30.0,2023-02-24,1176,Christina Wagner
3047,103,Product C,Category 2,14,30.0,2023-01-12,1303,Ashley Lopez
5564,104,Product D,Category 2,13,40.0,2023-07-15,1027,Destiny Moreno
8813,101,Product A,Category 1,15,10.0,2023-06-08,1139,Katherine Evans
230,104,Product D,Category 2,7,40.0,2023-02-06,1148,Veronica Delgado
6631,104,Product D,Category 2,1,40.0,2023-12-10,1858,James Smith
482,101,Product A,Category 1,9,10.0,2023-12-10,1955,Lindsay Woodward
8103,101,Product A,Category 1,9,10.0,2023-12-02,1118,Heather Proctor
5765,102,Product B,Category 1,3,20.0,2023-06-21,1513,Maria Barker
4849,102,Product B,Category 1,13,20.0,2023-04-12,1938,Mark Carlson
4800,102,Product B,Category 1,11,20.0,2023-09-07,1789,Jennifer Edwards
8433,101,Product A,Category 1,5,10.0,2023-07-25,1579,Michele Hicks
6535,101,Product A,Category 1,15,10.0,2023-10-21,1729,Karen Moyer
5081,104,Product D,Category 2,13,40.0,2023-04-11,1200,Alex Williamson
9108,103,Product C,Category 2,11,30.0,2023-01-11,1928,Marissa Mendoza
3309,102,Product B,Category 1,6,20.0,2023-11-10,1298,Christopher Mullins
5134,101,Product A,Category 1,4,10.0,2023-01-07,1090,Amy Strickland
1427,102,Product B,Category 1,1,20.0,2023-03-13,1402,Wanda Sheppard
3112,103,Product C,Category 2,3,30.0,2023-02-16,1947,Nicole Hall
3544,102,Product B,Category 1,8,20.0,2023-06-14,1901,Tammy Kennedy
5021,101,Product A,Category 1,15,10.0,2023-11-22,1393,Debra Bennett
3315,101,Product A,Category 1,4,10.0,2023-05-26,1145,James Bauer
321,103,Product C,Category 2,14,30.0,2023-02-05,1336,Michael Richard
2866,102,Product B,Category 1,6,20.0,2023-09-08,1404,Mr. Anthony Palmer
4330,101,Product A,Category 1,11,10.0,2023-02-21,1689,Nicholas Dalton
4927,102,Product B,Category 1,15,20.0,2023-05-02,1542,Christy Lynch
4980,102,Product B,Category 1,1,20.0,2023-02-25,1462,Amy Wang
8046,101,Product A,Category 1,3,10.0,2023-11-30,1789,Jennifer Edwards
2201,101,Product A,Category 1,13,10.0,2023-03-15,1815,Kirsten Tran
4055,104,Product D,Category 2,3,40.0,2023-08-01,1555,Christopher Dawson DVM
9888,101,Product A,Category 1,9,10.0,2023-10-05,1339,Mary Mccoy MD
4147,104,Product D,Category 2,15,40.0,2023-03-25,1593,Joseph Williamson
6972,101,Product A,Category 1,11,10.0,2023-10-22,1308,Amy Barber
5848,102,Product B,Category 1,3,20.0,2023-07-04,1346,Kelsey Martinez
9963,102,Product B,Category 1,4,20.0,2023-01-21,1533,Julie Richardson
2761,104,Product D,Category 2,9,40.0,2023-02-06,1801,Katherine Delacruz
7905,101,Product A,Category 1,4,10.0,2023-11-17,1955,Lindsay Woodward
8545,102,Product B,Category 1,13,20.0,2023-12-28,1730,Jasmine Espinoza
1229,103,Product C,Category 2,8,30.0,2023-05-10,1426,Andrew Hill
4356,103,Product C,Category 2,10,30.0,2023-08-03,1547,Lori Bell
1481,104,Product D,Category 2,6,40.0,2023-04-01,1929,Matthew Scott
8872,102,Product B,Category 1,11,20.0,2023-07-22,1649,Kimberly Hernandez
7051,101,Product A,Category 1,8,10.0,2023-01-20,1376,William Lewis
270,103,Product C,Category 2,13,30.0,2023-01-13,1509,Levi Clark
6757,103,Product C,Category 2,15,30.0,2023-02-18,1220,Julie Kim
9709,102,Product B,Category 1,8,20.0,2023-06-16,1390,Danielle Cross
1119,102,Product B,Category 1,12,20.0,2023-01-31,1801,Katherine Delacruz
6220,102,Product B,Category 1,15,20.0,2023-12-13,1846,Jonathan Nunez
6129,104,Product D,Category 2,10,40.0,2023-07-02,1625,Timothy Marshall
9715,102,Product B,Category 1,12,20.0,2023-01-12,1531,Brittany Murphy
6018,104,Product D,Category 2,1,40.0,2023-12-07,1085,Virginia Smith
3137,101,Product A,Category 1,12,10.0,2023-07-12,1791,Mrs. Wanda Mullins
5573,101,Product A,Category 1,14,10.0,2023-11-22,1718,George Cox
8354,101,Product A,Category 1,9,10.0,2023-03-16,1421,Miss Mary Williams
8214,102,Product B,Category 1,6,20.0,2023-08-29,1328,Thomas Mcdonald
357,102,Product B,Category 1,14,20.0,2023-09-06,1289,Matthew Harding
2261,102,Product B,Category 1,7,20.0,2023-03-30,1909,Billy Rowland
513,103,Product C,Category 2,6,30.0,2023-08-24,1578,Robert Green
6450,103,Product C,Category 2,1,30.0,2023-01-07,1425,Gary Watkins
3202,101,Product A,Category 1,14,10.0,2023-06-06,1717,Ricardo Kim
5166,103,Product C,Category 2,9,30.0,2023-04-23,1892,Elizabeth Mercado
745,104,Product D,Category 2,9,40.0,2023-11-20,1547,Lori Bell
7713,103,Product C,Category 2,5,30.0,2023-12-22,1050,Michael Fisher
5145,101,Product A,Category 1,5,10.0,2023-09-07,1739,Kristin Williams
296,101,Product A,Category 1,4,10.0,2023-10-21,1370,Phillip Ferguson
7703,101,Product A,Category 1,5,10.0,2023-04-30,1599,Sean Carter
6652,104,Product D,Category 2,1,40.0,2023-06-17,1261,Jaime Farmer
7076,103,Product C,Category 2,8,30.0,2023-08-01,1875,Morgan Roberson
562,101,Product A,Category 1,6,10.0,2023-12-26,1408,Jesus Williams
1375,101,Product A,Category 1,5,10.0,2023-12-22,1925,Brenda Smith
7721,104,Product D,Category 2,14,40.0,2023-03-09,1370,Phillip Ferguson
4967,101,Product A,Category 1,5,10.0,2023-11-09,1255,Philip Williamson
2057,101,Product A,Category 1,8,10.0,2023-11-12,1495,Brittney Burnett
5924,101,Product A,Category 1,11,10.0,2023-11-08,1715,James Daniels
2891,103,Product C,Category 2,10,30.0,2023-04-07,1445,Rebecca Martinez
1053,104,Product D,Category 2,3,40.0,2023-11-29,1818,Alice Dunn
9312,103,Product C,Category 2,6,30.0,2023-04-28,1363,Sylvia Williams
560,104,Product D,Category 2,9,40.0,2023-08-06,2000,Molly Martin
3164,102,Product B,Category 1,8,20.0,2023-07-21,1975,Theresa Poole
8557,101,Product A,Category 1,3,10.0,2023-07-22,1779,Rebecca Wallace
9459,101,Product A,Category 1,15,10.0,2023-08-04,1381,Courtney Hansen
3654,101,Product A,Category 1,3,10.0,2023-08-06,1530,Christina Santiago
1159,104,Product D,Category 2,10,40.0,2023-04-20,1236,William Jones
22,101,Product A,Category 1,1,10.0,2023-05-30,1922,Nicholas Stevens
7420,103,Product C,Category 2,6,30.0,2023-04-01,1871,Brent Garcia
4261,104,Product D,Category 2,4,40.0,2023-08-30,1632,James Guerrero
8128,101,Product A,Category 1,7,10.0,2023-03-04,1325,Monica Becker
5120,101,Product A,Category 1,9,10.0,2023-11-03,1953,Billy Wilson
3015,104,Product D,Category 2,10,40.0,2023-07-06,1391,Mario Williams
149,102,Product B,Category 1,8,20.0,2023-04-25,1806,Rose Sanchez
8552,102,Product B,Category 1,15,20.0,2023-03-13,1427,Brittney Robinson MD
4315,101,Product A,Category 1,2,10.0,2023-04-17,1642,Bryce Coleman
4591,102,Product B,Category 1,10,20.0,2023-12-01,1488,Connor Schultz
6633,101,Product A,Category 1,13,10.0,2023-05-10,1452,Heather Payne
1415,102,Product B,Category 1,7,20.0,2023-05-03,1195,Robert Ellis
1278,101,Product A,Category 1,4,10.0,2023-11-14,1787,Tiffany Walker
6601,102,Product B,Category 1,13,20.0,2023-09-15,1124,Carrie Crawford
5652,101,Product A,Category 1,8,10.0,2023-11-27,1089,Nancy Ruiz
2901,102,Product B,Category 1,13,20.0,2023-01-06,1964,Christopher Gonzales
369,101,Product A,Category 1,11,10.0,2023-05-03,1786,Linda Salinas
122,102,Product B,Category 1,15,20.0,2023-05-07,1449,Joshua Reyes
4376,103,Product C,Category 2,14,30.0,2023-03-27,1792,Kelly Kelley
6202,102,Product B,Category 1,14,20.0,2023-05-29,1802,Sarah Moses
6364,102,Product B,Category 1,1,20.0,2023-04-20,1209,Joseph Baker
1385,101,Product A,Category 1,7,10.0,2023-08-12,1298,Christopher Mullins
2081,104,Product D,Category 2,6,40.0,2023-08-12,1629,Alexander Ramirez
6918,103,Product C,Category 2,10,30.0,2023-04-16,1762,Stephen Douglas
6318,101,Product A,Category 1,2,10.0,2023-08-31,1373,Melissa Johnson
6305,101,Product A,Category 1,15,10.0,2023-05-13,1001,Laura Brooks
9572,102,Product B,Category 1,4,20.0,2023-04-12,1692,Patricia Garcia
7206,102,Product B,Category 1,1,20.0,2023-05-20,1400,Michelle Brewer
9791,101,Product A,Category 1,4,10.0,2023-07-26,1167,Joseph Mccarty
4225,104,Product D,Category 2,8,40.0,2023-02-12,1913,Diane Adams
1452,102,Product B,Category 1,12,20.0,2023-08-13,1154,Renee Guzman
4191,103,Product C,Category 2,3,30.0,2023-02-13,1070,Miss Brittany Boyd
8324,102,Product B,Category 1,6,20.0,2023-12-02,1702,Kimberly Ramirez
9374,101,Product A,Category 1,14,10.0,2023-06-21,1246,Jerry Stephens
8299,102,Product B,Category 1,14,20.0,2023-10-31,1944,Jeremy Novak
2480,101,Product A,Category 1,4,10.0,2023-06-05,1753,Bradley Townsend
361,104,Product D,Category 2,13,40.0,2023-01-27,1069,James Bell
5284,101,Product A,Category 1,12,10.0,2023-01-08,1561,Sean Rivera
6823,101,Product A,Category 1,5,10.0,2023-09-19,1535,Rebecca Snyder
7735,104,Product D,Category 2,4,40.0,2023-09-28,1751,Debbie Roth
961,104,Product D,Category 2,11,40.0,2023-10-30,1851,Jessica Golden
8753,102,Product B,Category 1,7,20.0,2023-12-27,1238,Laura Walker
4759,102,Product B,Category 1,1,20.0,2023-11-29,1669,Tyrone Allen
4061,101,Product A,Category 1,11,10.0,2023-11-04,1323,Debra Hernandez
7472,103,Product C,Category 2,4,30.0,2023-11-07,1819,Michele Hamilton
2558,104,Product D,Category 2,11,40.0,2023-06-08,1802,Sarah Moses
50,102,Product B,Category 1,14,20.0,2023-09-14,1503,Kenneth Young
7647,104,Product D,Category 2,13,40.0,2023-11-24,1359,Nicole Matthews
4798,102,Product B,Category 1,4,20.0,2023-11-16,1568,Sarah Harper
6048,103,Product C,Category 2,15,30.0,2023-03-16,1285,Zachary Smith
6054,101,Product A,Category 1,9,10.0,2023-08-22,1988,Elizabeth Hernandez
4954,102,Product B,Category 1,6,20.0,2023-08-14,1918,Mr. Wesley White
8465,104,Product D,Category 2,14,40.0,2023-06-01,1689,Nicholas Dalton
9372,102,Product B,Category 1,6,20.0,2023-04-15,1504,David Morgan
7644,102,Product B,Category 1,5,20.0,2023-03-19,1622,Jessica Richmond
8359,102,Product B,Category 1,5,20.0,2023-01-06,1957,Todd Aguilar
9850,101,Product A,Category 1,2,10.0,2023-03-13,1802,Sarah Moses
8394,103,Product C,Category 2,5,30.0,2023-03-02,1200,Alex Williamson
4866,102,Product B,Category 1,2,20.0,2023-11-08,1177,Anthony Brown
2862,104,Product D,Category 2,4,40.0,2023-04-25,1275,Terry Collins
6678,102,Product B,Category 1,15,20.0,2023-05-10,1040,Shawn Castillo
3684,102,Product B,Category 1,14,20.0,2023-11-07,1207,Ashley Powell
2433,101,Product A,Category 1,1,10.0,2023-07-12,1421,Miss Mary Williams
4142,102,Product B,Category 1,13,20.0,2023-07-22,1506,Summer Stevens
859,103,Product C,Category 2,4,30.0,2023-08-08,1174,Jacob Moore
7184,102,Product B,Category 1,7,20.0,2023-02-04,1718,George Cox
2172,102,Product B,Category 1,12,20.0,2023-03-19,1967,Kristina Lyons
4901,103,Product C,Category 2,7,30.0,2023-03-08,1299,Michael Moreno
8242,102,Product B,Category 1,11,20.0,2023-09-27,1106,Jared Miranda
7965,101,Product A,Category 1,6,10.0,2023-05-12,1823,Nicole Galloway
7096,101,Product A,Category 1,5,10.0,2023-08-26,1570,Andre Patel
4136,102,Product B,Category 1,3,20.0,2023-03-25,1094,Lisa Meyer
5654,104,Product D,Category 2,11,40.0,2023-09-04,1497,James Myers
336,101,Product A,Category 1,10,10.0,2023-03-03,1849,Bryan Cole
3541,102,Product B,Category 1,15,20.0,2023-08-13,1478,Beth Jackson
9553,101,Product A,Category 1,8,10.0,2023-05-05,1169,Mark Stewart
5259,103,Product C,Category 2,14,30.0,2023-02-25,1907,Whitney Carrillo
7612,102,Product B,Category 1,14,20.0,2023-07-28,1570,Andre Patel
3352,101,Product A,Category 1,13,10.0,2023-10-25,1976,Joshua Parker
4547,104,Product D,Category 2,2,40.0,2023-01-06,1231,Marissa Carlson MD
1173,102,Product B,Category 1,11,20.0,2023-02-17,1065,Dr. Amber Flores
2412,101,Product A,Category 1,15,10.0,2023-05-14,1558,Dr. Kristin Miller
3730,101,Product A,Category 1,3,10.0,2023-09-22,1095,Lawrence Oneill
243,103,Product C,Category 2,1,30.0,2023-03-21,1210,Denise Anderson
822,101,Product A,Category 1,11,10.0,2023-05-25,1063,Dr. Donna Shelton
1741,102,Product B,Category 1,3,20.0,2023-10-21,1379,Samantha West
2332,103,Product C,Category 2,11,30.0,2023-01-18,1650,Joshua Turner
89,101,Product A,Category 1,6,10.0,2023-12-08,1240,Troy Phillips
7756,101,Product A,Category 1,8,10.0,2023-07-02,1533,Julie Richardson
2162,101,Product A,Category 1,8,10.0,2023-08-16,1236,William Jones
1191,101,Product A,Category 1,2,10.0,2023-12-15,1226,Tracy Moore
3566,103,Product C,Category 2,12,30.0,2023-04-24,1407,Jennifer Brock
7360,103,Product C,Category 2,15,30.0,2023-08-06,1613,Philip Bowen
4934,103,Product C,Category 2,11,30.0,2023-09-29,1002,Jeffrey Knapp
2945,104,Product D,Category 2,3,40.0,2023-09-17,1452,Heather Payne
5500,103,Product C,Category 2,13,30.0,2023-03-30,1845,Jennifer Rosales
5785,103,Product C,Category 2,15,30.0,2023-01-23,1665,Michele Sharp
7133,101,Product A,Category 1,7,10.0,2023-04-20,1424,Justin Snyder
162,102,Product B,Category 1,6,20.0,2023-11-12,1876,Dustin Fletcher
1700,104,Product D,Category 2,15,40.0,2023-11-26,1639,James Macdonald
6778,103,Product C,Category 2,5,30.0,2023-10-21,1594,Amanda Bowers
1553,104,Product D,Category 2,11,40.0,2023-12-13,1029,William Blackburn
2062,104,Product D,Category 2,6,40.0,2023-03-16,1663,Miss Crystal Butler
1601,102,Product B,Category 1,6,20.0,2023-01-24,1410,Jessica Harvey
5077,104,Product D,Category 2,8,40.0,2023-05-12,1570,Andre Patel
4380,101,Product A,Category 1,2,10.0,2023-03-03,1009,Nicole Bailey
8111,104,Product D,Category 2,6,40.0,2023-02-27,1939,Donna Ayala
3660,101,Product A,Category 1,3,10.0,2023-01-19,1649,Kimberly Hernandez
3256,102,Product B,Category 1,11,20.0,2023-02-14,1626,Sally Wilson
6140,102,Product B,Category 1,10,20.0,2023-04-15,1064,Alexis Price
8185,102,Product B,Category 1,4,20.0,2023-06-15,1815,Kirsten Tran
7141,102,Product B,Category 1,8,20.0,2023-06-08,1776,Deborah Hubbard
8984,103,Product C,Category 2,7,30.0,2023-01-31,1493,Mary Ferguson
6277,104,Product D,Category 2,14,40.0,2023-08-18,1067,Barbara Coleman
3204,102,Product B,Category 1,10,20.0,2023-10-10,1700,Robert Barton
9867,103,Product C,Category 2,7,30.0,2023-11-23,1739,Kristin Williams
1814,101,Product A,Category 1,1,10.0,2023-08-03,1891,Justin Phillips
724,104,Product D,Category 2,2,40.0,2023-02-03,1946,David Ashley
6154,103,Product C,Category 2,1,30.0,2023-03-04,1934,Lorraine Deleon
4236,101,Product A,Category 1,10,10.0,2023-10-23,1328,Thomas Mcdonald
8459,103,Product C,Category 2,12,30.0,2023-03-16,1524,Joshua Lane
632,103,Product C,Category 2,3,30.0,2023-07-29,1787,Tiffany Walker
9035,101,Product A,Category 1,15,10.0,2023-07-02,1159,Marie Rivera
8849,102,Product B,Category 1,5,20.0,2023-05-05,1233,Robert Hahn
5040,104,Product D,Category 2,11,40.0,2023-12-14,1379,Samantha West
1824,103,Product C,Category 2,2,30.0,2023-04-18,1149,Matthew Love
1503,103,Product C,Category 2,3,30.0,2023-08-23,1319,Jennifer Clark
9721,102,Product B,Category 1,13,20.0,2023-09-12,1443,Shannon Garcia
6983,104,Product D,Category 2,11,40.0,2023-08-23,1674,Adam Bullock
8016,104,Product D,Category 2,1,40.0,2023-09-15,1297,Russell Gomez
6302,101,Product A,Category 1,6,10.0,2023-12-01,1062,Matthew Donovan
4554,104,Product D,Category 2,3,40.0,2023-04-16,1863,Laura Gonzalez
233,101,Product A,Category 1,2,10.0,2023-09-30,1627,Daniel Lopez
3614,101,Product A,Category 1,14,10.0,2023-02-09,1946,David Ashley
5285,102,Product B,Category 1,10,20.0,2023-05-21,1393,Debra Bennett
3608,103,Product C,Category 2,14,30.0,2023-12-22,1191,Gabriella Bennett
1348,101,Product A,Category 1,7,10.0,2023-10-07,1396,Daniel Taylor
3584,101,Product A,Category 1,8,10.0,2023-11-11,1819,Michele Hamilton
1747,101,Product A,Category 1,2,10.0,2023-03-26,1882,Wendy Edwards
6345,104,Product D,Category 2,2,40.0,2023-02-06,1895,Miranda Taylor
2223,101,Product A,Category 1,6,10.0,2023-01-26,1355,Tracy Shepherd
1885,102,Product B,Category 1,6,20.0,2023-02-01,1657,Carla Anderson
8599,102,Product B,Category 1,15,20.0,2023-09-21,1098,Brian Martin
4295,102,Product B,Category 1,7,20.0,2023-03-14,1016,Kayla Kelly
4580,102,Product B,Category 1,10,20.0,2023-12-12,1853,Justin Day
6851,103,Product C,Category 2,14,30.0,2023-11-30,1364,Andrew Gibson
3136,102,Product B,Category 1,15,20.0,2023-07-21,1640,Dr. Kelly Walker
2806,103,Product C,Category 2,2,30.0,2023-10-13,1494,Destiny Robinson
4667,104,Product D,Category 2,14,40.0,2023-06-03,1603,Wayne Shaw
5043,104,Product D,Category 2,5,40.0,2023-05-14,1810,Dustin Rodriguez
6856,103,Product C,Category 2,5,30.0,2023-06-18,1781,Christina Smith
2971,102,Product B,Category 1,3,20.0,2023-09-22,1719,Michael Williams
4658,101,Product A,Category 1,14,10.0,2023-01-29,1380,Matthew Kramer
2130,103,Product C,Category 2,1,30.0,2023-03-09,1729,Karen Moyer
7728,101,Product A,Category 1,8,10.0,2023-12-17,1907,Whitney Carrillo
2805,103,Product C,Category 2,15,30.0,2023-09-11,1360,Christine Marshall
3011,101,Product A,Category 1,5,10.0,2023-08-03,1530,Christina Santiago
599,104,Product D,Category 2,2,40.0,2023-07-16,1391,Mario Williams
4475,102,Product B,Category 1,4,20.0,2023-05-21,1978,James Boyer
591,102,Product B,Category 1,8,20.0,2023-02-15,1495,Brittney Burnett
6124,101,Product A,Category 1,9,10.0,2023-11-17,1296,John Walker MD
8245,102,Product B,Category 1,12,20.0,2023-05-29,1125,Melissa Long
7326,104,Product D,Category 2,14,40.0,2023-06-21,1952,Michael Perez
5162,101,Product A,Category 1,12,10.0,2023-07-01,1049,Alexander Wilson
1443,102,Product B,Category 1,6,20.0,2023-05-19,1619,Angel Sanders
1925,102,Product B,Category 1,1,20.0,2023-12-10,1856,Patricia Green
5188,101,Product A,Category 1,1,10.0,2023-09-18,1508,Brittany Walker
3927,104,Product D,Category 2,9,40.0,2023-09-26,1427,Brittney Robinson MD
283,102,Product B,Category 1,3,20.0,2023-04-11,1543,Patrick Williams
1380,102,Product B,Category 1,9,20.0,2023-08-15,1194,Michael Maldonado
5691,102,Product B,Category 1,11,20.0,2023-10-07,1160,Andrea Lopez
3449,101,Product A,Category 1,6,10.0,2023-06-29,1490,Robert Bishop
5415,104,Product D,Category 2,11,40.0,2023-01-17,1996,Shelby Monroe
9105,102,Product B,Category 1,14,20.0,2023-01-24,1694,Kyle Tapia
8540,102,Product B,Category 1,8,20.0,2023-05-22,1331,Katherine Oliver
3397,101,Product A,Category 1,15,10.0,2023-02-08,1852,Amy Frazier
2419,102,Product B,Category 1,14,20.0,2023-10-18,1993,Morgan Santiago
1861,101,Product A,Category 1,6,10.0,2023-08-30,1563,Lori Wall
404,101,Product A,Category 1,9,10.0,2023-11-21,1406,Lonnie Wolf
6546,103,Product C,Category 2,7,30.0,2023-10-19,1374,Cynthia Morgan
944,102,Product B,Category 1,4,20.0,2023-09-24,1355,Tracy Shepherd
6719,102,Product B,Category 1,1,20.0,2023-12-13,1938,Mark Carlson
6135,102,Product B,Category 1,10,20.0,2023-01-28,1732,Benjamin Zhang
51,101,Product A,Category 1,3,10.0,2023-09-10,1350,William Joseph
766,104,Product D,Category 2,11,40.0,2023-03-28,1070,Miss Brittany Boyd
4888,102,Product B,Category 1,11,20.0,2023-09-19,1181,Tammy Flores
495,103,Product C,Category 2,4,30.0,2023-03-26,1256,Kayla Torres
8384,102,Product B,Category 1,1,20.0,2023-12-24,1428,Jack Anderson
9555,101,Product A,Category 1,11,10.0,2023-10-31,1691,Brent Glenn
7174,102,Product B,Category 1,9,20.0,2023-10-16,1094,Lisa Meyer
5055,104,Product D,Category 2,15,40.0,2023-06-09,1340,Debra Kelly
8348,101,Product A,Category 1,10,10.0,2023-02-06,1418,Gary Gonzales
9064,102,Product B,Category 1,6,20.0,2023-09-02,1121,Frank West
7597,102,Product B,Category 1,6,20.0,2023-04-26,1683,Robert Bryant
1164,104,Product D,Category 2,7,40.0,2023-11-30,1169,Mark Stewart
3917,102,Product B,Category 1,4,20.0,2023-07-28,1716,Rebecca Green
157,104,Product D,Category 2,4,40.0,2023-09-07,1166,Emma Sosa
9164,103,Product C,Category 2,12,30.0,2023-06-08,1024,Curtis Campbell
1346,101,Product A,Category 1,14,10.0,2023-09-15,1594,Amanda Bowers
1887,102,Product B,Category 1,12,20.0,2023-03-09,1799,Rita Romero
259,104,Product D,Category 2,11,40.0,2023-11-05,1695,Melissa Rodriguez
1267,101,Product A,Category 1,14,10.0,2023-04-29,1734,Brian Webster
9841,101,Product A,Category 1,3,10.0,2023-02-23,1866,Richard Goodman
7758,104,Product D,Category 2,8,40.0,2023-01-01,1794,Amanda Wells
927,103,Product C,Category 2,2,30.0,2023-05-21,1214,Angela Davis
4564,102,Product B,Category 1,10,20.0,2023-03-03,1556,Anne Smith
9809,102,Product B,Category 1,12,20.0,2023-07-07,1777,William Morrison
1140,104,Product D,Category 2,6,40.0,2023-10-09,1180,Joshua Raymond
1946,101,Product A,Category 1,6,10.0,2023-10-19,1857,Jessica Oconnor
180,104,Product D,Category 2,15,40.0,2023-07-29,1002,Jeffrey Knapp
3935,102,Product B,Category 1,3,20.0,2023-03-25,1823,Nicole Galloway
9125,102,Product B,Category 1,8,20.0,2023-09-05,1340,Debra Kelly
489,104,Product D,Category 2,12,40.0,2023-08-15,1446,Suzanne Flores MD
7419,101,Product A,Category 1,10,10.0,2023-09-24,1069,James Bell
4313,103,Product C,Category 2,10,30.0,2023-10-28,1459,Jacob White
8784,104,Product D,Category 2,10,40.0,2023-12-19,1569,Timothy Perkins
1062,104,Product D,Category 2,6,40.0,2023-06-09,1673,Destiny Rivas
4831,104,Product D,Category 2,4,40.0,2023-03-07,1308,Amy Barber
7838,101,Product A,Category 1,9,10.0,2023-04-06,1111,Christopher Smith
9437,102,Product B,Category 1,8,20.0,2023-08-08,1650,Joshua Turner
4910,104,Product D,Category 2,11,40.0,2023-08-05,1388,Gary Williams
2120,104,Product D,Category 2,7,40.0,2023-02-02,1214,Angela Davis
5947,101,Product A,Category 1,3,10.0,2023-03-28,1783,Adrian Guerra
2511,102,Product B,Category 1,11,20.0,2023-04-17,1222,Justin Berry
5203,101,Product A,Category 1,10,10.0,2023-07-13,1380,Matthew Kramer
6858,101,Product A,Category 1,8,10.0,2023-02-27,1876,Dustin Fletcher
7599,102,Product B,Category 1,7,20.0,2023-02-19,1520,Angela Moreno
3348,102,Product B,Category 1,3,20.0,2023-07-15,1998,Paul Jones
4862,102,Product B,Category 1,3,20.0,2023-08-19,1123,David Mccoy
351,101,Product A,Category 1,6,10.0,2023-08-31,1622,Jessica Richmond
4297,104,Product D,Category 2,2,40.0,2023-09-25,1394,Lori Edwards
8831,101,Product A,Category 1,3,10.0,2023-07-11,1685,Danielle Stewart
7779,102,Product B,Category 1,8,20.0,2023-08-19,1806,Rose Sanchez
9376,101,Product A,Category 1,2,10.0,2023-03-18,1714,Cole Mcdowell
1783,104,Product D,Category 2,9,40.0,2023-12-12,1940,James Benson
2895,103,Product C,Category 2,15,30.0,2023-08-04,1794,Amanda Wells
8402,102,Product B,Category 1,11,20.0,2023-02-05,1761,Gregory Hodges
1512,101,Product A,Category 1,14,10.0,2023-09-10,1649,Kimberly Hernandez
7037,104,Product D,Category 2,13,40.0,2023-05-26,1874,Thomas Sutton
8597,101,Product A,Category 1,10,10.0,2023-12-08,1038,Isaac Sexton
5108,103,Product C,Category 2,5,30.0,2023-04-15,1579,Michele Hicks
1311,103,Product C,Category 2,11,30.0,2023-08-05,1679,Christie Smith
1513,101,Product A,Category 1,1,10.0,2023-03-18,1265,Charles Nguyen
1516,102,Product B,Category 1,1,20.0,2023-07-16,1690,Ashley Ali
7866,102,Product B,Category 1,10,20.0,2023-06-06,1896,Margaret Odonnell
4111,102,Product B,Category 1,6,20.0,2023-04-11,1692,Patricia Garcia
7533,101,Product A,Category 1,10,10.0,2023-08-12,1723,Courtney Lyons
5195,104,Product D,Category 2,5,40.0,2023-03-29,1784,Sara Martin
9296,104,Product D,Category 2,3,40.0,2023-04-11,1800,James Peterson
9545,102,Product B,Category 1,13,20.0,2023-09-19,1466,Alex Snow
1210,103,Product C,Category 2,7,30.0,2023-04-22,1501,Jane Cruz
1644,103,Product C,Category 2,14,30.0,2023-03-15,1079,Emily Sherman
8604,104,Product D,Category 2,13,40.0,2023-04-23,1816,Maureen Olson
4747,102,Product B,Category 1,7,20.0,2023-04-03,1377,Juan Murphy
2763,102,Product B,Category 1,2,20.0,2023-01-11,1863,Laura Gonzalez
6676,101,Product A,Category 1,11,10.0,2023-06-20,1010,Karen Jacobs
6978,101,Product A,Category 1,11,10.0,2023-02-08,1021,Thomas Buckley
5980,101,Product A,Category 1,11,10.0,2023-12-30,1857,Jessica Oconnor
2076,104,Product D,Category 2,15,40.0,2023-09-13,1465,Katelyn Garcia
2400,104,Product D,Category 2,8,40.0,2023-08-20,1841,Kelly Burke
3242,101,Product A,Category 1,9,10.0,2023-04-09,1102,Nathaniel Noble
3633,104,Product D,Category 2,2,40.0,2023-02-25,1919,Erica Russell
5600,101,Product A,Category 1,7,10.0,2023-04-09,1870,Joseph Cain
4070,104,Product D,Category 2,14,40.0,2023-07-05,1113,Jeffery Moran
9464,104,Product D,Category 2,3,40.0,2023-01-02,1551,Robin Russo
9144,102,Product B,Category 1,3,20.0,2023-10-18,1557,Nicholas Caldwell
9946,102,Product B,Category 1,7,20.0,2023-01-11,1478,Beth Jackson
8261,102,Product B,Category 1,13,20.0,2023-04-12,1702,Kimberly Ramirez
3045,101,Product A,Category 1,2,10.0,2023-03-06,1759,James Herrera
2241,102,Product B,Category 1,8,20.0,2023-12-27,1909,Billy Rowland
6408,101,Product A,Category 1,10,10.0,2023-03-17,1285,Zachary Smith
8055,102,Product B,Category 1,13,20.0,2023-01-13,1657,Carla Anderson
440,103,Product C,Category 2,9,30.0,2023-12-10,1467,Taylor Glenn
577,104,Product D,Category 2,3,40.0,2023-09-03,1858,James Smith
5771,102,Product B,Category 1,5,20.0,2023-03-18,1738,Sabrina Soto
853,104,Product D,Category 2,7,40.0,2023-11-21,1681,Charles Sheppard
6281,101,Product A,Category 1,3,10.0,2023-02-13,1035,Robert Rodriguez
1049,102,Product B,Category 1,2,20.0,2023-04-25,1006,Douglas Willis
3816,103,Product C,Category 2,2,30.0,2023-03-13,1367,Elizabeth Oconnor
3102,103,Product C,Category 2,5,30.0,2023-10-13,1543,Patrick Williams
8196,101,Product A,Category 1,7,10.0,2023-09-08,1560,Jared Bennett
2782,101,Product A,Category 1,11,10.0,2023-10-03,1687,Ryan Archer
1289,101,Product A,Category 1,5,10.0,2023-01-04,1766,Scott Howard
5905,104,Product D,Category 2,14,40.0,2023-06-21,1731,Stephen Francis
4320,101,Product A,Category 1,4,10.0,2023-01-03,1810,Dustin Rodriguez
8085,104,Product D,Category 2,4,40.0,2023-07-16,1343,Joshua Murphy
8700,103,Product C,Category 2,3,30.0,2023-05-28,1908,Tony Stephens
1442,102,Product B,Category 1,9,20.0,2023-05-17,1384,Joy Kelly
4998,102,Product B,Category 1,8,20.0,2023-05-08,1699,Sabrina Schultz
3930,102,Product B,Category 1,15,20.0,2023-07-18,1442,Lori Rosales
1255,103,Product C,Category 2,1,30.0,2023-11-24,1047,Suzanne Avila
873,102,Product B,Category 1,1,20.0,2023-01-11,1004,Kevin Moyer
2583,101,Product A,Category 1,4,10.0,2023-07-06,1697,Michelle Mendoza
5373,104,Product D,Category 2,7,40.0,2023-12-09,1922,Nicholas Stevens
7282,102,Product B,Category 1,9,20.0,2023-09-10,1937,Cody Miles
8795,101,Product A,Category 1,2,10.0,2023-12-12,1910,Savannah Ellison
8702,102,Product B,Category 1,14,20.0,2023-10-22,1619,Angel Sanders
6871,102,Product B,Category 1,9,20.0,2023-04-25,1776,Deborah Hubbard
2447,102,Product B,Category 1,10,20.0,2023-01-23,1750,Steve Hamilton
7992,101,Product A,Category 1,14,10.0,2023-01-15,1251,Christina Clark
3623,101,Product A,Category 1,10,10.0,2023-01-25,1725,Matthew Downs
1917,102,Product B,Category 1,2,20.0,2023-04-09,1028,Jeffrey Smith
5337,102,Product B,Category 1,14,20.0,2023-06-14,1840,Ian Perkins
1052,102,Product B,Category 1,13,20.0,2023-02-07,1257,Brandon Leon
6118,102,Product B,Category 1,15,20.0,2023-03-20,1047,Suzanne Avila
7202,102,Product B,Category 1,6,20.0,2023-10-30,1686,Anthony Perez
1261,104,Product D,Category 2,8,40.0,2023-09-22,1976,Joshua Parker
9244,104,Product D,Category 2,11,40.0,2023-06-08,1359,Nicole Matthews
8118,102,Product B,Category 1,12,20.0,2023-04-02,1217,Jessica Harper
7891,103,Product C,Category 2,15,30.0,2023-05-02,1308,Amy Barber
9284,103,Product C,Category 2,3,30.0,2023-04-20,1853,Justin Day
5002,102,Product B,Category 1,6,20.0,2023-03-02,1132,Matthew Williams
479,103,Product C,Category 2,13,30.0,2023-10-06,1251,Christina Clark
2287,102,Product B,Category 1,8,20.0,2023-03-06,1806,Rose Sanchez
6613,102,Product B,Category 1,8,20.0,2023-09-03,1688,Robert Mclaughlin
838,104,Product D,Category 2,13,40.0,2023-06-20,1311,Dr. Jennifer Byrd
3052,104,Product D,Category 2,15,40.0,2023-04-13,1602,Scott Nixon
4368,102,Product B,Category 1,5,20.0,2023-12-19,1193,Kendra Johns
2425,104,Product D,Category 2,15,40.0,2023-01-21,1563,Lori Wall
3530,102,Product B,Category 1,5,20.0,2023-11-19,1057,Larry Clark
1170,102,Product B,Category 1,6,20.0,2023-09-04,1089,Nancy Ruiz
5814,104,Product D,Category 2,13,40.0,2023-03-10,1176,Christina Wagner
2815,104,Product D,Category 2,2,40.0,2023-08-13,1637,Diane Thomas
2874,101,Product A,Category 1,4,10.0,2023-03-21,1791,Mrs. Wanda Mullins
6190,101,Product A,Category 1,15,10.0,2023-06-04,1254,Donald Brown MD
4677,104,Product D,Category 2,10,40.0,2023-03-30,1304,Justin Morse
1547,103,Product C,Category 2,14,30.0,2023-04-18,1748,Kelly Cooley
8991,101,Product A,Category 1,7,10.0,2023-02-17,1710,Nicole Caldwell
8316,104,Product D,Category 2,2,40.0,2023-01-25,1909,Billy Rowland
943,101,Product A,Category 1,6,10.0,2023-09-27,1170,Deborah Wilson
240,101,Product A,Category 1,1,10.0,2023-02-02,1743,Roy Ryan
872,101,Product A,Category 1,3,10.0,2023-05-10,1338,Anthony Patton
7447,101,Product A,Category 1,14,10.0,2023-07-23,1658,John Abbott
4440,102,Product B,Category 1,8,20.0,2023-01-24,1236,William Jones
6932,103,Product C,Category 2,4,30.0,2023-11-29,1817,Christopher Morris
3765,101,Product A,Category 1,15,10.0,2023-11-13,1265,Charles Nguyen
5147,101,Product A,Category 1,8,10.0,2023-10-21,1348,Wendy Small
120,102,Product B,Category 1,11,20.0,2023-08-25,1018,Jill Schwartz
8761,104,Product D,Category 2,12,40.0,2023-08-03,1221,Matthew Hunter
1656,101,Product A,Category 1,7,10.0,2023-05-28,1065,Dr. Amber Flores
7466,103,Product C,Category 2,4,30.0,2023-05-06,1305,Jennifer Gordon
2897,102,Product B,Category 1,3,20.0,2023-04-02,1382,Dr. Martha Martin
6819,101,Product A,Category 1,3,10.0,2023-08-26,1198,Roberta Woods
6700,101,Product A,Category 1,2,10.0,2023-07-12,1709,Nicholas Pena
58,102,Product B,Category 1,7,20.0,2023-02-17,1441,Kimberly Harris
7559,101,Product A,Category 1,12,10.0,2023-10-29,1941,William Carroll
5412,102,Product B,Category 1,12,20.0,2023-10-30,1592,Taylor Dawson
3344,101,Product A,Category 1,4,10.0,2023-03-07,1645,Scott Shaffer
6393,104,Product D,Category 2,14,40.0,2023-11-02,1398,Katherine Parker
8958,104,Product D,Category 2,7,40.0,2023-01-08,1462,Amy Wang
5544,101,Product A,Category 1,14,10.0,2023-02-09,1941,William Carroll
368,103,Product C,Category 2,6,30.0,2023-10-07,1899,Daniel Smith
249,103,Product C,Category 2,1,30.0,2023-12-15,1279,Monique Orr
4697,101,Product A,Category 1,12,10.0,2023-05-23,1380,Matthew Kramer
6331,102,Product B,Category 1,13,20.0,2023-02-02,1009,Nicole Bailey
17,104,Product D,Category 2,2,40.0,2023-06-28,1938,Mark Carlson
3702,101,Product A,Category 1,5,10.0,2023-09-02,1151,Thomas Romero
8325,104,Product D,Category 2,14,40.0,2023-09-03,1932,Philip Mack
9918,101,Product A,Category 1,8,10.0,2023-03-18,1761,Gregory Hodges
3462,102,Product B,Category 1,1,20.0,2023-10-06,1255,Philip Williamson
7514,102,Product B,Category 1,10,20.0,2023-11-29,1880,Jody Cain
5001,101,Product A,Category 1,8,10.0,2023-04-01,1588,Edward Allen
6965,104,Product D,Category 2,12,40.0,2023-10-01,1205,Joe Wright
6490,102,Product B,Category 1,15,20.0,2023-11-17,1074,Charles Brown
6868,102,Product B,Category 1,8,20.0,2023-08-31,1188,Adrienne Weaver
6989,102,Product B,Category 1,5,20.0,2023-03-14,1901,Tammy Kennedy
3851,102,Product B,Category 1,4,20.0,2023-11-24,1303,Ashley Lopez
574,103,Product C,Category 2,2,30.0,2023-10-23,1514,Julia Brown
4163,101,Product A,Category 1,9,10.0,2023-04-23,1186,Dr. Tammy Walker
3375,102,Product B,Category 1,3,20.0,2023-01-05,1847,Paul Smith
8766,102,Product B,Category 1,7,20.0,2023-01-08,1752,Tammy Parrish
1079,101,Product A,Category 1,6,10.0,2023-05-25,2001,Phillip Ballard
6378,102,Product B,Category 1,2,20.0,2023-08-23,1952,Michael Perez
2037,102,Product B,Category 1,11,20.0,2023-01-18,1280,Sarah Rivera
6083,102,Product B,Category 1,5,20.0,2023-04-07,1292,Jamie Pitts
4202,102,Product B,Category 1,14,20.0,2023-10-18,1079,Emily Sherman
907,103,Product C,Category 2,13,30.0,2023-10-16,1226,Tracy Moore
6394,103,Product C,Category 2,8,30.0,2023-04-24,1655,Heather Anderson
1886,104,Product D,Category 2,6,40.0,2023-06-09,1722,Cody Carroll
3466,103,Product C,Category 2,6,30.0,2023-06-08,1141,Brenda Gonzalez
6196,104,Product D,Category 2,6,40.0,2023-06-12,1161,Douglas Ortega
7094,101,Product A,Category 1,14,10.0,2023-06-22,1206,Sheila Perez
8065,101,Product A,Category 1,3,10.0,2023-03-06,1779,Rebecca Wallace
7164,101,Product A,Category 1,7,10.0,2023-08-06,1601,Brett Cook
7471,104,Product D,Category 2,12,40.0,2023-11-02,1953,Billy Wilson
2079,101,Product A,Category 1,2,10.0,2023-07-11,1209,Joseph Baker
9924,101,Product A,Category 1,9,10.0,2023-09-04,1193,Kendra Johns
3088,103,Product C,Category 2,8,30.0,2023-11-26,1194,Michael Maldonado
7086,103,Product C,Category 2,15,30.0,2023-09-03,1163,Brian Hutchinson
173,101,Product A,Category 1,9,10.0,2023-12-28,1986,Joseph Vance
1292,102,Product B,Category 1,7,20.0,2023-07-30,1175,Michael Mendez
1070,104,Product D,Category 2,13,40.0,2023-11-15,1464,Mercedes Allen
8974,103,Product C,Category 2,1,30.0,2023-04-11,1254,Donald Brown MD
6285,101,Product A,Category 1,8,10.0,2023-04-20,1657,Carla Anderson
3205,103,Product C,Category 2,2,30.0,2023-04-12,1906,Brittany Morgan
2451,104,Product D,Category 2,8,40.0,2023-11-27,1263,John Davis
1406,102,Product B,Category 1,11,20.0,2023-07-21,1604,Melissa Smith
4538,104,Product D,Category 2,11,40.0,2023-06-10,1738,Sabrina Soto
3048,102,Product B,Category 1,4,20.0,2023-02-24,1424,Justin Snyder
6512,104,Product D,Category 2,10,40.0,2023-11-25,1975,Theresa Poole
7611,101,Product A,Category 1,1,10.0,2023-06-13,1308,Amy Barber
127,101,Product A,Category 1,4,10.0,2023-08-12,1859,Danielle Robinson
7307,101,Product A,Category 1,3,10.0,2023-03-15,1123,David Mccoy
8720,102,Product B,Category 1,6,20.0,2023-02-12,1398,Katherine Parker
8445,101,Product A,Category 1,3,10.0,2023-08-11,1504,David Morgan
418,104,Product D,Category 2,2,40.0,2023-04-07,1355,Tracy Shepherd
9939,103,Product C,Category 2,8,30.0,2023-10-03,1084,Andrea Hayes
7044,103,Product C,Category 2,9,30.0,2023-04-13,1324,Tammy Clark
7663,102,Product B,Category 1,8,20.0,2023-05-06,1510,Christopher Wright
4094,102,Product B,Category 1,4,20.0,2023-11-21,1381,Courtney Hansen
8714,103,Product C,Category 2,9,30.0,2023-09-24,1193,Kendra Johns
1797,102,Product B,Category 1,12,20.0,2023-03-15,1258,Kelsey Gill
6501,102,Product B,Category 1,8,20.0,2023-06-22,1706,Susan Adams
569,101,Product A,Category 1,5,10.0,2023-06-11,1114,Daniel Reed
7286,101,Product A,Category 1,4,10.0,2023-01-10,1256,Kayla Torres
7605,102,Product B,Category 1,5,20.0,2023-05-08,1862,William Carroll
2576,101,Product A,Category 1,6,10.0,2023-05-05,1101,Evan Mitchell
707,103,Product C,Category 2,7,30.0,2023-08-23,1521,Jonathan Jackson
2387,103,Product C,Category 2,10,30.0,2023-02-11,1425,Gary Watkins
2469,102,Product B,Category 1,14,20.0,2023-11-21,1394,Lori Edwards
1977,101,Product A,Category 1,15,10.0,2023-05-12,1898,Henry Wright
9523,101,Product A,Category 1,14,10.0,2023-10-02,1084,Andrea Hayes
543,102,Product B,Category 1,15,20.0,2023-06-22,1675,Jessica Villa
6705,102,Product B,Category 1,6,20.0,2023-07-03,1130,Tracy Martinez
1331,102,Product B,Category 1,15,20.0,2023-03-17,1675,Jessica Villa
6453,101,Product A,Category 1,12,10.0,2023-10-04,1160,Andrea Lopez
769,102,Product B,Category 1,8,20.0,2023-12-24,1646,Tyler Nunez
2601,103,Product C,Category 2,15,30.0,2023-07-01,1150,Terri Smith
4789,102,Product B,Category 1,10,20.0,2023-02-28,1138,Ashley Moore
4893,101,Product A,Category 1,5,10.0,2023-08-09,1416,Holly Graves
7387,101,Product A,Category 1,8,10.0,2023-09-16,1882,Wendy Edwards
5140,101,Product A,Category 1,13,10.0,2023-04-03,1628,Diana Burns
3311,104,Product D,Category 2,6,40.0,2023-04-28,1326,Arthur King
6146,102,Product B,Category 1,1,20.0,2023-09-06,1379,Samantha West
1309,102,Product B,Category 1,12,20.0,2023-12-29,1869,Charles Blair
2809,104,Product D,Category 2,14,40.0,2023-05-15,1828,Lisa Wright
6185,104,Product D,Category 2,4,40.0,2023-02-06,1173,John Shaw
2477,103,Product C,Category 2,7,30.0,2023-08-10,1477,Louis Harris
8301,101,Product A,Category 1,1,10.0,2023-02-11,1782,Nancy Martinez
8890,104,Product D,Category 2,7,40.0,2023-02-24,1846,Jonathan Nunez
100,103,Product C,Category 2,11,30.0,2023-01-01,1454,Christopher Nash
1713,102,Product B,Category 1,2,20.0,2023-05-26,1896,Margaret Odonnell
4259,104,Product D,Category 2,14,40.0,2023-07-24,1912,Joann Brown
7995,103,Product C,Category 2,10,30.0,2023-08-30,1913,Diane Adams
4211,102,Product B,Category 1,3,20.0,2023-10-21,1006,Douglas Willis
174,102,Product B,Category 1,9,20.0,2023-12-13,1723,Courtney Lyons
8328,101,Product A,Category 1,12,10.0,2023-02-16,1591,Jennifer Ford
2732,101,Product A,Category 1,13,10.0,2023-07-18,1740,Jesse Miller
491,102,Product B,Category 1,13,20.0,2023-09-06,1971,Mark Mccann
7110,101,Product A,Category 1,12,10.0,2023-01-21,1228,Terrance Novak
3484,104,Product D,Category 2,1,40.0,2023-08-11,1820,William Smith II
6493,101,Product A,Category 1,6,10.0,2023-02-20,1484,Jeffrey Bennett
953,104,Product D,Category 2,4,40.0,2023-06-12,1161,Douglas Ortega
4657,102,Product B,Category 1,14,20.0,2023-07-15,1978,James Boyer
5992,102,Product B,Category 1,15,20.0,2023-09-13,1734,Brian Webster
2191,103,Product C,Category 2,3,30.0,2023-03-29,1929,Matthew Scott
5589,102,Product B,Category 1,4,20.0,2023-04-29,1818,Alice Dunn
9516,102,Product B,Category 1,3,20.0,2023-07-15,1210,Denise Anderson
4107,102,Product B,Category 1,2,20.0,2023-07-02,1275,Terry Collins
5625,101,Product A,Category 1,10,10.0,2023-09-12,1406,Lonnie Wolf
6891,102,Product B,Category 1,7,20.0,2023-05-26,1382,Dr. Martha Martin
4469,104,Product D,Category 2,12,40.0,2023-05-03,1092,Shawn Zimmerman
7782,101,Product A,Category 1,7,10.0,2023-03-12,1182,Zachary Ward
2431,102,Product B,Category 1,7,20.0,2023-10-16,1383,David Nielsen
2566,104,Product D,Category 2,5,40.0,2023-09-21,1482,Amanda Ayers
739,102,Product B,Category 1,9,20.0,2023-04-04,1308,Amy Barber
7916,103,Product C,Category 2,12,30.0,2023-04-19,1460,Kelly Haynes
5474,101,Product A,Category 1,3,10.0,2023-06-27,1864,Edward Cohen
8630,102,Product B,Category 1,3,20.0,2023-11-22,1521,Jonathan Jackson
4364,101,Product A,Category 1,5,10.0,2023-09-26,1417,Courtney Haley
2700,102,Product B,Category 1,6,20.0,2023-05-18,1580,Cory Ross
5424,104,Product D,Category 2,8,40.0,2023-10-20,1729,Karen Moyer
1359,101,Product A,Category 1,5,10.0,2023-04-27,1556,Anne Smith
411,103,Product C,Category 2,5,30.0,2023-04-09,1203,Joseph Larson
5434,102,Product B,Category 1,6,20.0,2023-07-14,1605,Dawn Rivera
982,102,Product B,Category 1,10,20.0,2023-12-19,1446,Suzanne Flores MD
9989,102,Product B,Category 1,7,20.0,2023-06-19,1617,Daniel Lewis
4905,102,Product B,Category 1,7,20.0,2023-04-12,1754,Michael Potter
3630,104,Product D,Category 2,9,40.0,2023-05-12,1978,James Boyer
706,102,Product B,Category 1,12,20.0,2023-09-17,1545,Bruce Martin
3565,101,Product A,Category 1,5,10.0,2023-04-02,1798,Joel Hill MD
7492,103,Product C,Category 2,14,30.0,2023-06-21,1330,Lance Larsen
7404,102,Product B,Category 1,10,20.0,2023-12-26,1132,Matthew Williams
2221,104,Product D,Category 2,1,40.0,2023-10-19,1481,Matthew Camacho
1657,104,Product D,Category 2,13,40.0,2023-04-17,1605,Dawn Rivera
1518,102,Product B,Category 1,6,20.0,2023-12-08,1116,Mathew Morris
3157,101,Product A,Category 1,9,10.0,2023-01-08,1702,Kimberly Ramirez
3745,102,Product B,Category 1,11,20.0,2023-12-08,1696,Anthony Guzman
5725,103,Product C,Category 2,7,30.0,2023-03-10,1248,Matthew May
862,102,Product B,Category 1,11,20.0,2023-02-28,1150,Terri Smith
6446,104,Product D,Category 2,6,40.0,2023-10-26,1588,Edward Allen
1086,101,Product A,Category 1,13,10.0,2023-11-28,1270,Ashley Hernandez
7003,103,Product C,Category 2,12,30.0,2023-07-26,1672,Jennifer Lowe
8251,102,Product B,Category 1,6,20.0,2023-08-14,1724,Kevin Copeland
1104,104,Product D,Category 2,2,40.0,2023-10-04,1411,Daniel Larsen
2509,104,Product D,Category 2,14,40.0,2023-09-01,1665,Michele Sharp
1965,101,Product A,Category 1,6,10.0,2023-10-09,1283,Luis Leonard MD
4083,102,Product B,Category 1,1,20.0,2023-10-05,1318,Kimberly Cook
3099,102,Product B,Category 1,2,20.0,2023-03-24,1902,Michelle Walters
1243,101,Product A,Category 1,9,10.0,2023-09-03,1579,Michele Hicks
7112,101,Product A,Category 1,9,10.0,2023-01-12,1002,Jeffrey Knapp
4603,104,Product D,Category 2,2,40.0,2023-08-16,1976,Joshua Parker
9140,101,Product A,Category 1,4,10.0,2023-10-01,1538,Margaret Garcia
9136,101,Product A,Category 1,3,10.0,2023-09-26,1999,Diane Steele
3810,104,Product D,Category 2,13,40.0,2023-12-19,1760,Elizabeth Wright
2265,103,Product C,Category 2,14,30.0,2023-10-23,1884,Donald Davis
6875,102,Product B,Category 1,11,20.0,2023-07-29,1308,Amy Barber
7093,104,Product D,Category 2,14,40.0,2023-09-01,1730,Jasmine Espinoza
8518,102,Product B,Category 1,2,20.0,2023-09-11,1576,Jason Ford
5658,102,Product B,Category 1,1,20.0,2023-07-02,1042,Jessica Gibson
8219,103,Product C,Category 2,4,30.0,2023-06-15,1009,Nicole Bailey
9010,102,Product B,Category 1,2,20.0,2023-06-21,1048,Jessica Smith
9637,101,Product A,Category 1,5,10.0,2023-06-05,1976,Joshua Parker
8388,104,Product D,Category 2,7,40.0,2023-11-08,1481,Matthew Camacho
7100,104,Product D,Category 2,10,40.0,2023-09-09,1351,Eileen Tucker
200,104,Product D,Category 2,6,40.0,2023-04-21,1028,Jeffrey Smith
757,101,Product A,Category 1,11,10.0,2023-05-17,1062,Matthew Donovan
63,103,Product C,Category 2,5,30.0,2023-11-04,1500,Mrs. Wendy Henderson
1468,102,Product B,Category 1,1,20.0,2023-08-13,1125,Melissa Long
3319,101,Product A,Category 1,15,10.0,2023-06-14,1528,Regina Brown
6667,102,Product B,Category 1,2,20.0,2023-03-08,1352,Monica Liu
6670,102,Product B,Category 1,15,20.0,2023-02-11,1335,Anna Johnson
5993,101,Product A,Category 1,11,10.0,2023-08-06,1355,Tracy Shepherd
9334,101,Product A,Category 1,5,10.0,2023-02-08,1821,Brandi Thompson
9543,102,Product B,Category 1,10,20.0,2023-03-12,1077,Dana Evans
9564,101,Product A,Category 1,14,10.0,2023-09-18,1190,Dr. Debra Thomas
1473,101,Product A,Category 1,1,10.0,2023-03-09,1899,Daniel Smith
2388,101,Product A,Category 1,4,10.0,2023-10-08,1106,Jared Miranda
3920,104,Product D,Category 2,12,40.0,2023-08-13,1487,Allen Montes
7943,101,Product A,Category 1,8,10.0,2023-01-14,1654,Suzanne Johnson
8644,101,Product A,Category 1,4,10.0,2023-05-10,1723,Courtney Lyons
2396,102,Product B,Category 1,12,20.0,2023-03-28,1780,Erin Palmer
322,102,Product B,Category 1,10,20.0,2023-09-23,1348,Wendy Small
7862,103,Product C,Category 2,8,30.0,2023-11-14,1192,Alicia Reynolds
6092,101,Product A,Category 1,4,10.0,2023-06-13,1728,Kimberly Green
1109,104,Product D,Category 2,4,40.0,2023-09-24,1203,Joseph Larson
4698,102,Product B,Category 1,7,20.0,2023-08-13,1682,Evan Garcia
8852,104,Product D,Category 2,13,40.0,2023-07-03,1274,Morgan Mcdonald
5270,104,Product D,Category 2,10,40.0,2023-05-23,1291,Amanda Fernandez
4751,101,Product A,Category 1,2,10.0,2023-08-25,1886,Samantha Dorsey
2831,102,Product B,Category 1,8,20.0,2023-02-04,1356,Chris Kelley
7519,101,Product A,Category 1,10,10.0,2023-03-10,1737,Colleen Mcgee
7006,102,Product B,Category 1,3,20.0,2023-03-02,1234,Denise Martinez
736,104,Product D,Category 2,4,40.0,2023-08-02,1525,Alexandra Young
7870,102,Product B,Category 1,12,20.0,2023-10-13,1647,Ronald Murphy
6313,101,Product A,Category 1,3,10.0,2023-10-11,1344,Katherine Diaz
4736,103,Product C,Category 2,11,30.0,2023-04-11,1355,Tracy Shepherd
9412,102,Product B,Category 1,3,20.0,2023-05-21,1110,Justin Fletcher
8007,101,Product A,Category 1,5,10.0,2023-02-16,1132,Matthew Williams
7988,104,Product D,Category 2,9,40.0,2023-07-13,1097,Christopher Delgado
5780,101,Product A,Category 1,10,10.0,2023-03-31,1601,Brett Cook
5220,104,Product D,Category 2,6,40.0,2023-08-19,1598,Donna Li
2967,104,Product D,Category 2,13,40.0,2023-05-08,1997,Kimberly Banks
4997,101,Product A,Category 1,12,10.0,2023-02-26,1891,Justin Phillips
5454,101,Product A,Category 1,14,10.0,2023-09-18,1452,Heather Payne
8050,104,Product D,Category 2,1,40.0,2023-09-07,1486,Jonathan Rodriguez
2426,102,Product B,Category 1,10,20.0,2023-09-22,1056,Mark Rangel
1611,103,Product C,Category 2,15,30.0,2023-01-12,1023,Andrea Warren
4014,102,Product B,Category 1,10,20.0,2023-07-20,1485,Jonathan Arnold
9614,103,Product C,Category 2,5,30.0,2023-06-22,1607,Brendan Smith
9973,101,Product A,Category 1,1,10.0,2023-12-23,1410,Jessica Harvey
8576,104,Product D,Category 2,13,40.0,2023-02-03,1551,Robin Russo
3605,101,Product A,Category 1,5,10.0,2023-06-12,1423,George Nash
4649,103,Product C,Category 2,4,30.0,2023-09-11,1645,Scott Shaffer
2327,103,Product C,Category 2,9,30.0,2023-10-29,1654,Suzanne Johnson
6773,101,Product A,Category 1,10,10.0,2023-05-15,1821,Brandi Thompson
3023,104,Product D,Category 2,5,40.0,2023-10-19,1513,Maria Barker
4921,101,Product A,Category 1,10,10.0,2023-08-29,1383,David Nielsen
2751,102,Product B,Category 1,12,20.0,2023-08-24,1613,Philip Bowen
3528,104,Product D,Category 2,13,40.0,2023-11-21,1897,Sean Galloway
2464,102,Product B,Category 1,15,20.0,2023-08-29,1452,Heather Payne
8661,102,Product B,Category 1,12,20.0,2023-01-07,1008,Tracy Mcdaniel
6279,102,Product B,Category 1,14,20.0,2023-08-12,2000,Molly Martin
6180,101,Product A,Category 1,6,10.0,2023-12-12,1600,Kimberly Gallegos
8539,102,Product B,Category 1,8,20.0,2023-11-08,1501,Jane Cruz
8683,102,Product B,Category 1,8,20.0,2023-10-06,1151,Thomas Romero
2554,102,Product B,Category 1,9,20.0,2023-07-27,1527,Brandon Howell
9204,103,Product C,Category 2,14,30.0,2023-07-05,1171,Craig Lyons
5125,101,Product A,Category 1,3,10.0,2023-01-14,1738,Sabrina Soto
4976,103,Product C,Category 2,12,30.0,2023-12-20,1522,Jack Medina
6523,103,Product C,Category 2,11,30.0,2023-05-27,1156,Michael Roberts
3257,102,Product B,Category 1,10,20.0,2023-03-20,1877,Kelsey Bell
8623,101,Product A,Category 1,3,10.0,2023-04-10,1538,Margaret Garcia
2985,103,Product C,Category 2,8,30.0,2023-09-01,1248,Matthew May
2693,101,Product A,Category 1,8,10.0,2023-02-07,1587,Andrew Mayer
1418,101,Product A,Category 1,10,10.0,2023-10-17,1940,James Benson
9236,103,Product C,Category 2,2,30.0,2023-06-09,1548,Jasmine Perez
178,101,Product A,Category 1,6,10.0,2023-04-21,1011,Thomas Escobar
827,101,Product A,Category 1,9,10.0,2023-11-18,1619,Angel Sanders
6578,102,Product B,Category 1,13,20.0,2023-12-05,1145,James Bauer
2085,102,Product B,Category 1,2,20.0,2023-10-30,1621,Samuel Johnston
4782,102,Product B,Category 1,14,20.0,2023-01-25,1590,Frederick Hicks
2290,104,Product D,Category 2,11,40.0,2023-07-03,1199,Michael Romero
2976,102,Product B,Category 1,2,20.0,2023-04-06,1092,Shawn Zimmerman
4738,102,Product B,Category 1,15,20.0,2023-06-03,1140,Samantha Collins
1908,101,Product A,Category 1,5,10.0,2023-09-16,1141,Brenda Gonzalez
9322,102,Product B,Category 1,8,20.0,2023-09-12,1826,Juan Weaver
854,102,Product B,Category 1,9,20.0,2023-05-29,1057,Larry Clark
2812,103,Product C,Category 2,9,30.0,2023-07-14,1318,Kimberly Cook
8035,102,Product B,Category 1,5,20.0,2023-09-27,1033,Tammy Jones
8322,104,Product D,Category 2,2,40.0,2023-06-25,1613,Philip Bowen
9837,102,Product B,Category 1,10,20.0,2023-01-12,1904,Barbara Johnston
5637,101,Product A,Category 1,6,10.0,2023-01-21,1277,Jessica Sheppard
3843,103,Product C,Category 2,3,30.0,2023-08-02,1366,Michael Baker MD
6583,104,Product D,Category 2,6,40.0,2023-03-22,1993,Morgan Santiago
908,102,Product B,Category 1,3,20.0,2023-05-31,1481,Matthew Camacho
9428,101,Product A,Category 1,10,10.0,2023-04-07,1956,Mrs. Sonya Jacobs MD
8522,102,Product B,Category 1,10,20.0,2023-06-29,1101,Evan Mitchell
9507,102,Product B,Category 1,10,20.0,2023-12-20,1124,Carrie Crawford
6314,101,Product A,Category 1,5,10.0,2023-02-27,1327,James Stephens
8820,102,Product B,Category 1,12,20.0,2023-09-18,1546,Rebecca Thomas
4965,104,Product D,Category 2,15,40.0,2023-08-24,1006,Douglas Willis
396,102,Product B,Category 1,1,20.0,2023-03-31,1525,Alexandra Young
7990,101,Product A,Category 1,9,10.0,2023-03-09,1634,Ann Rush
7993,102,Product B,Category 1,11,20.0,2023-02-14,1804,Paul Patterson
6920,102,Product B,Category 1,2,20.0,2023-03-29,1239,Melissa Owens
5668,102,Product B,Category 1,15,20.0,2023-08-10,1072,Maurice Peterson
3570,103,Product C,Category 2,7,30.0,2023-05-12,1410,Jessica Harvey
9104,101,Product A,Category 1,5,10.0,2023-10-14,1564,Brooke Howard
7332,101,Product A,Category 1,10,10.0,2023-07-25,1601,Brett Cook
4788,102,Product B,Category 1,13,20.0,2023-12-30,1436,Mary Howard
619,102,Product B,Category 1,2,20.0,2023-02-18,1641,Tanya Daugherty
4153,102,Product B,Category 1,9,20.0,2023-01-20,1002,Jeffrey Knapp
1203,102,Product B,Category 1,6,20.0,2023-04-19,1713,Jeffery Brown
6147,102,Product B,Category 1,7,20.0,2023-03-13,1209,Joseph Baker
5094,104,Product D,Category 2,3,40.0,2023-03-07,1894,Jamie Mcguire
6839,101,Product A,Category 1,6,10.0,2023-08-14,1909,Billy Rowland
2733,102,Product B,Category 1,10,20.0,2023-10-07,1609,Alexandra Clark
7374,102,Product B,Category 1,7,20.0,2023-02-21,1492,Sarah Williams
1436,103,Product C,Category 2,6,30.0,2023-04-29,1282,Allen Bell
2526,104,Product D,Category 2,3,40.0,2023-10-01,1657,Carla Anderson
9970,102,Product B,Category 1,1,20.0,2023-01-30,1470,Kristen Myers
9609,101,Product A,Category 1,15,10.0,2023-12-08,1847,Paul Smith
7777,103,Product C,Category 2,6,30.0,2023-10-09,1087,Jason Stewart
1281,103,Product C,Category 2,1,30.0,2023-09-09,1409,Lynn Shields
9570,104,Product D,Category 2,13,40.0,2023-03-22,1991,Jonathan Saunders
7865,102,Product B,Category 1,7,20.0,2023-04-27,1602,Scott Nixon
8258,101,Product A,Category 1,13,10.0,2023-03-02,1992,Kathleen Manning
7039,102,Product B,Category 1,10,20.0,2023-06-27,1860,Michael Sanford
690,103,Product C,Category 2,11,30.0,2023-05-16,1370,Phillip Ferguson
184,101,Product A,Category 1,5,10.0,2023-12-08,1080,Joshua Becker
2047,104,Product D,Category 2,10,40.0,2023-06-06,1595,Belinda Santos
1829,101,Product A,Category 1,8,10.0,2023-11-15,1523,Phillip Meyer
2915,104,Product D,Category 2,2,40.0,2023-11-09,1997,Kimberly Banks
9254,103,Product C,Category 2,15,30.0,2023-05-28,1106,Jared Miranda
8773,101,Product A,Category 1,6,10.0,2023-12-24,1939,Donna Ayala
9908,104,Product D,Category 2,1,40.0,2023-07-01,1522,Jack Medina
3824,101,Product A,Category 1,14,10.0,2023-11-09,1539,Charles Dixon
4003,102,Product B,Category 1,4,20.0,2023-11-07,1945,Deborah Weber
7211,101,Product A,Category 1,1,10.0,2023-08-30,1200,Alex Williamson
412,101,Product A,Category 1,4,10.0,2023-07-03,1542,Christy Lynch
3848,101,Product A,Category 1,12,10.0,2023-11-21,1106,Jared Miranda
3070,102,Product B,Category 1,14,20.0,2023-02-11,1146,Laura Ramos
8347,102,Product B,Category 1,7,20.0,2023-02-04,1649,Kimberly Hernandez
5333,102,Product B,Category 1,9,20.0,2023-11-26,1324,Tammy Clark
4878,104,Product D,Category 2,1,40.0,2023-07-14,1475,Andrea Vaughn
7294,101,Product A,Category 1,5,10.0,2023-10-20,1282,Allen Bell
1304,103,Product C,Category 2,14,30.0,2023-04-26,1116,Mathew Morris
8837,103,Product C,Category 2,4,30.0,2023-10-17,1668,Brian Bridges
3998,101,Product A,Category 1,1,10.0,2023-09-01,1505,Melissa Myers
2455,102,Product B,Category 1,6,20.0,2023-08-28,1373,Melissa Johnson
2345,102,Product B,Category 1,8,20.0,2023-05-15,1243,Patricia Sampson
1357,101,Product A,Category 1,13,10.0,2023-01-08,1014,Christine Roman
6427,102,Product B,Category 1,6,20.0,2023-12-07,1238,Laura Walker
9922,101,Product A,Category 1,6,10.0,2023-12-28,1544,Erika Bailey
9636,101,Product A,Category 1,2,10.0,2023-01-11,1937,Cody Miles
9923,102,Product B,Category 1,3,20.0,2023-05-31,1284,Jessica Miles
6809,101,Product A,Category 1,6,10.0,2023-01-19,1274,Morgan Mcdonald
3029,104,Product D,Category 2,2,40.0,2023-11-26,1986,Joseph Vance
4941,103,Product C,Category 2,12,30.0,2023-03-14,1338,Anthony Patton
2220,103,Product C,Category 2,8,30.0,2023-10-12,1759,James Herrera
5809,103,Product C,Category 2,11,30.0,2023-11-30,1992,Kathleen Manning
6692,103,Product C,Category 2,3,30.0,2023-10-25,1225,Dustin Bird
758,102,Product B,Category 1,7,20.0,2023-10-25,1803,Heather Jefferson
3335,102,Product B,Category 1,4,20.0,2023-02-19,1048,Jessica Smith
8395,104,Product D,Category 2,11,40.0,2023-06-19,1771,Rhonda Garrett
7230,103,Product C,Category 2,10,30.0,2023-06-06,1512,Brian Austin
3986,101,Product A,Category 1,9,10.0,2023-01-18,1403,Lynn Welch
1413,101,Product A,Category 1,1,10.0,2023-04-14,1868,James Martinez
6661,101,Product A,Category 1,4,10.0,2023-12-26,1685,Danielle Stewart
7707,101,Product A,Category 1,13,10.0,2023-04-04,1220,Julie Kim
1580,103,Product C,Category 2,6,30.0,2023-03-16,1573,Jimmy Blanchard
8435,103,Product C,Category 2,10,30.0,2023-08-18,1710,Nicole Caldwell
6299,102,Product B,Category 1,11,20.0,2023-04-22,1714,Cole Mcdowell
8215,102,Product B,Category 1,15,20.0,2023-06-06,1343,Joshua Murphy
9966,101,Product A,Category 1,1,10.0,2023-02-04,1097,Christopher Delgado
4696,103,Product C,Category 2,1,30.0,2023-01-13,1594,Amanda Bowers
2492,103,Product C,Category 2,3,30.0,2023-06-14,1833,Benjamin Ellis
1982,102,Product B,Category 1,5,20.0,2023-06-14,1148,Veronica Delgado
4470,102,Product B,Category 1,14,20.0,2023-02-25,1513,Maria Barker
9392,102,Product B,Category 1,10,20.0,2023-07-12,1881,Alicia Parrish
5630,102,Product B,Category 1,6,20.0,2023-10-15,1830,Oscar Palmer
8321,104,Product D,Category 2,3,40.0,2023-05-27,1169,Mark Stewart
6999,102,Product B,Category 1,5,20.0,2023-03-29,1884,Donald Davis
2147,101,Product A,Category 1,3,10.0,2023-11-04,1641,Tanya Daugherty
1171,102,Product B,Category 1,10,20.0,2023-07-24,1809,Katherine King
3511,101,Product A,Category 1,7,10.0,2023-11-13,1381,Courtney Hansen
7271,101,Product A,Category 1,2,10.0,2023-11-14,1332,Brittany Lester
5201,101,Product A,Category 1,4,10.0,2023-03-23,1097,Christopher Delgado
7723,101,Product A,Category 1,8,10.0,2023-03-06,1638,Kyle Gibson
3392,101,Product A,Category 1,6,10.0,2023-07-12,1238,Laura Walker
74,101,Product A,Category 1,14,10.0,2023-09-23,1053,Hannah Mclaughlin
4184,102,Product B,Category 1,6,20.0,2023-06-30,1633,Dylan Hull
487,101,Product A,Category 1,8,10.0,2023-08-23,1208,Lisa Smith
4217,101,Product A,Category 1,3,10.0,2023-02-03,1170,Deborah Wilson
3336,102,Product B,Category 1,6,20.0,2023-06-23,1808,Abigail Williams
5707,102,Product B,Category 1,3,20.0,2023-12-27,1497,James Myers
6338,102,Product B,Category 1,10,20.0,2023-01-13,1836,Sarah Murphy
8692,101,Product A,Category 1,4,10.0,2023-03-30,1447,Ashley Long
5970,102,Product B,Category 1,4,20.0,2023-07-09,1673,Destiny Rivas
8138,101,Product A,Category 1,7,10.0,2023-01-08,1349,Teresa Chung
8905,102,Product B,Category 1,1,20.0,2023-07-01,1562,Lisa Thompson
1844,103,Product C,Category 2,15,30.0,2023-04-20,1076,Mike Barnett
7444,101,Product A,Category 1,6,10.0,2023-02-12,1478,Beth Jackson
3414,103,Product C,Category 2,3,30.0,2023-03-27,1209,Joseph Baker
8703,102,Product B,Category 1,12,20.0,2023-12-08,1122,Kristopher Lee
6945,101,Product A,Category 1,8,10.0,2023-04-11,1781,Christina Smith
315,102,Product B,Category 1,12,20.0,2023-08-10,1082,Donna Smith
3183,104,Product D,Category 2,15,40.0,2023-03-11,1112,Rachel Graham
1253,101,Product A,Category 1,4,10.0,2023-11-14,1113,Jeffery Moran
3594,102,Product B,Category 1,14,20.0,2023-03-03,1734,Brian Webster
6761,102,Product B,Category 1,10,20.0,2023-09-18,1030,Craig Smith
730,102,Product B,Category 1,11,20.0,2023-04-02,1581,Joe Beck
3098,101,Product A,Category 1,11,10.0,2023-08-10,1756,Christopher Thompson
7509,101,Product A,Category 1,11,10.0,2023-02-07,1835,Chris Walker
3691,102,Product B,Category 1,15,20.0,2023-02-27,1713,Jeffery Brown
3554,103,Product C,Category 2,11,30.0,2023-07-30,1899,Daniel Smith
1588,103,Product C,Category 2,3,30.0,2023-09-30,1555,Christopher Dawson DVM
8470,101,Product A,Category 1,9,10.0,2023-01-29,1007,Katherine Stephens
9232,102,Product B,Category 1,4,20.0,2023-01-11,1409,Lynn Shields
7860,101,Product A,Category 1,1,10.0,2023-06-16,1717,Ricardo Kim
5027,103,Product C,Category 2,5,30.0,2023-01-24,1661,Jamie Murphy
2514,104,Product D,Category 2,5,40.0,2023-10-10,1912,Joann Brown
6267,104,Product D,Category 2,9,40.0,2023-03-19,1491,Michael Kaufman
1198,101,Product A,Category 1,13,10.0,2023-12-08,1915,Sandra Bell
4110,103,Product C,Category 2,10,30.0,2023-11-22,1194,Michael Maldonado
9730,103,Product C,Category 2,3,30.0,2023-10-18,1798,Joel Hill MD
8194,101,Product A,Category 1,13,10.0,2023-06-09,1212,Ryan Mcfarland
783,102,Product B,Category 1,13,20.0,2023-04-28,1544,Erika Bailey
7858,102,Product B,Category 1,4,20.0,2023-10-20,1652,Mitchell Burch
5982,102,Product B,Category 1,8,20.0,2023-08-18,1457,Carol Wood
831,101,Product A,Category 1,3,10.0,2023-11-23,1486,Jonathan Rodriguez
6263,101,Product A,Category 1,2,10.0,2023-04-30,1953,Billy Wilson
1931,102,Product B,Category 1,2,20.0,2023-08-21,1502,Jessica Young
9560,102,Product B,Category 1,2,20.0,2023-09-02,1103,Ryan Turner
4502,104,Product D,Category 2,6,40.0,2023-09-08,1607,Brendan Smith
1880,102,Product B,Category 1,13,20.0,2023-07-27,1731,Stephen Francis
1042,102,Product B,Category 1,1,20.0,2023-07-06,1293,Andrea Vega
6890,104,Product D,Category 2,12,40.0,2023-04-12,1573,Jimmy Blanchard
182,102,Product B,Category 1,14,20.0,2023-11-10,1705,Catherine Moore
8591,102,Product B,Category 1,14,20.0,2023-04-17,1663,Miss Crystal Butler
2952,102,Product B,Category 1,3,20.0,2023-10-15,1567,Yvonne Banks
6218,104,Product D,Category 2,4,40.0,2023-07-31,1772,Eric White
2476,103,Product C,Category 2,12,30.0,2023-03-03,1407,Jennifer Brock
4778,102,Product B,Category 1,9,20.0,2023-02-11,1535,Rebecca Snyder
1673,104,Product D,Category 2,15,40.0,2023-03-28,1919,Erica Russell
681,102,Product B,Category 1,12,20.0,2023-03-26,1465,Katelyn Garcia
8841,101,Product A,Category 1,15,10.0,2023-04-07,1748,Kelly Cooley
6057,101,Product A,Category 1,8,10.0,2023-03-03,1824,Sandra Walker
5463,102,Product B,Category 1,15,20.0,2023-12-17,1688,Robert Mclaughlin
7765,102,Product B,Category 1,2,20.0,2023-10-19,1499,Justin Alvarado
5829,102,Product B,Category 1,12,20.0,2023-10-06,1317,Sharon Kennedy
3955,101,Product A,Category 1,15,10.0,2023-06-15,1679,Christie Smith
4710,104,Product D,Category 2,5,40.0,2023-05-03,1693,Paula Mcguire
6178,101,Product A,Category 1,1,10.0,2023-05-03,1447,Ashley Long
3470,101,Product A,Category 1,5,10.0,2023-08-16,1176,Christina Wagner
2410,102,Product B,Category 1,11,20.0,2023-05-12,1604,Melissa Smith
2209,104,Product D,Category 2,13,40.0,2023-11-16,1393,Debra Bennett
5671,101,Product A,Category 1,12,10.0,2023-06-03,1034,Sarah Thomas
7582,102,Product B,Category 1,14,20.0,2023-07-23,1933,Tracy Fields
5714,102,Product B,Category 1,3,20.0,2023-03-03,1412,Michele Myers MD
5632,102,Product B,Category 1,11,20.0,2023-07-02,1461,Julie Jensen
2245,103,Product C,Category 2,15,30.0,2023-12-10,1595,Belinda Santos
4761,102,Product B,Category 1,13,20.0,2023-12-06,1717,Ricardo Kim
6913,101,Product A,Category 1,10,10.0,2023-09-29,1080,Joshua Becker
6760,104,Product D,Category 2,2,40.0,2023-04-10,1552,Megan Crawford
6860,102,Product B,Category 1,5,20.0,2023-08-08,1621,Samuel Johnston
9418,104,Product D,Category 2,9,40.0,2023-11-09,1537,Steven Taylor
8157,102,Product B,Category 1,2,20.0,2023-05-05,1497,James Myers
5860,104,Product D,Category 2,10,40.0,2023-11-24,1774,Nathan Brown
79,102,Product B,Category 1,2,20.0,2023-08-09,1015,Dennis Castillo
4432,104,Product D,Category 2,12,40.0,2023-03-08,1694,Kyle Tapia
7654,104,Product D,Category 2,2,40.0,2023-08-03,1638,Kyle Gibson
5453,104,Product D,Category 2,15,40.0,2023-09-05,1701,Jennifer Hernandez
6573,104,Product D,Category 2,7,40.0,2023-01-21,1197,Erica Wang
8141,102,Product B,Category 1,7,20.0,2023-12-23,1787,Tiffany Walker
7465,104,Product D,Category 2,8,40.0,2023-04-14,1012,Lee Randolph
2611,103,Product C,Category 2,15,30.0,2023-07-11,1156,Michael Roberts
4209,103,Product C,Category 2,14,30.0,2023-08-16,1699,Sabrina Schultz
9782,103,Product C,Category 2,14,30.0,2023-05-15,1578,Robert Green
4820,103,Product C,Category 2,1,30.0,2023-07-26,1340,Debra Kelly
9318,104,Product D,Category 2,10,40.0,2023-05-24,1740,Jesse Miller
2036,103,Product C,Category 2,7,30.0,2023-09-14,1365,Samantha Wilson
9076,103,Product C,Category 2,13,30.0,2023-03-12,1089,Nancy Ruiz
3975,104,Product D,Category 2,10,40.0,2023-11-09,1200,Alex Williamson
6386,103,Product C,Category 2,3,30.0,2023-09-15,1064,Alexis Price
4025,104,Product D,Category 2,1,40.0,2023-09-14,1277,Jessica Sheppard
3937,102,Product B,Category 1,9,20.0,2023-05-31,1165,Ryan Rodriguez
3516,102,Product B,Category 1,13,20.0,2023-04-06,1745,Christy Bradford
7355,103,Product C,Category 2,7,30.0,2023-03-19,1144,Danielle Macias
5174,103,Product C,Category 2,6,30.0,2023-02-22,1746,Samantha Taylor
4357,101,Product A,Category 1,7,10.0,2023-10-13,1078,Jacob King
7464,101,Product A,Category 1,10,10.0,2023-11-15,1949,Christopher Rodriguez
8730,101,Product A,Category 1,8,10.0,2023-03-28,1876,Dustin Fletcher
3828,103,Product C,Category 2,7,30.0,2023-11-22,1281,Julian Tate
6241,104,Product D,Category 2,14,40.0,2023-02-22,1154,Renee Guzman
1606,104,Product D,Category 2,13,40.0,2023-11-09,1597,Michelle Robinson
9263,101,Product A,Category 1,12,10.0,2023-04-22,1113,Jeffery Moran
3521,101,Product A,Category 1,10,10.0,2023-10-27,1006,Douglas Willis
9687,101,Product A,Category 1,9,10.0,2023-10-27,1687,Ryan Archer
2088,102,Product B,Category 1,4,20.0,2023-04-29,1441,Kimberly Harris
3615,104,Product D,Category 2,5,40.0,2023-09-14,1999,Diane Steele
5512,104,Product D,Category 2,4,40.0,2023-12-09,1071,Carl Evans
481,102,Product B,Category 1,5,20.0,2023-05-05,1405,Gina Cain
2075,101,Product A,Category 1,2,10.0,2023-07-19,1056,Mark Rangel
804,103,Product C,Category 2,14,30.0,2023-08-28,1492,Sarah Williams
4194,101,Product A,Category 1,3,10.0,2023-05-05,1340,Debra Kelly
2644,101,Product A,Category 1,8,10.0,2023-03-29,1080,Joshua Becker
9680,102,Product B,Category 1,15,20.0,2023-08-09,1413,Patrick Chung
4203,102,Product B,Category 1,6,20.0,2023-03-26,1603,Wayne Shaw
3557,103,Product C,Category 2,10,30.0,2023-07-16,1797,Todd Black
9449,103,Product C,Category 2,2,30.0,2023-02-25,1801,Katherine Delacruz
8676,102,Product B,Category 1,9,20.0,2023-01-04,1323,Debra Hernandez
3216,101,Product A,Category 1,14,10.0,2023-04-06,1590,Frederick Hicks
6638,101,Product A,Category 1,8,10.0,2023-07-02,1754,Michael Potter
6617,101,Product A,Category 1,3,10.0,2023-01-15,1139,Katherine Evans
1918,102,Product B,Category 1,3,20.0,2023-06-24,1179,Michael Sexton
2560,104,Product D,Category 2,1,40.0,2023-02-23,1602,Scott Nixon
8318,101,Product A,Category 1,8,10.0,2023-09-01,1204,Keith Knight
2183,101,Product A,Category 1,9,10.0,2023-11-26,1401,April Ramirez
6418,101,Product A,Category 1,1,10.0,2023-04-02,1678,Kristen Jennings
8181,103,Product C,Category 2,10,30.0,2023-06-20,1484,Jeffrey Bennett
1950,103,Product C,Category 2,11,30.0,2023-11-18,1459,Jacob White
7316,101,Product A,Category 1,8,10.0,2023-11-06,1527,Brandon Howell
206,102,Product B,Category 1,4,20.0,2023-01-19,1457,Carol Wood
2922,101,Product A,Category 1,3,10.0,2023-06-20,1990,Tiffany Horne
1853,103,Product C,Category 2,2,30.0,2023-06-07,1486,Jonathan Rodriguez
3272,102,Product B,Category 1,11,20.0,2023-05-09,1840,Ian Perkins
9591,102,Product B,Category 1,2,20.0,2023-07-26,1586,Sarah Jenkins
4460,102,Product B,Category 1,2,20.0,2023-10-11,1711,Erica Mills
7400,103,Product C,Category 2,10,30.0,2023-03-04,1523,Phillip Meyer
8256,102,Product B,Category 1,10,20.0,2023-05-21,1394,Lori Edwards
5851,101,Product A,Category 1,6,10.0,2023-08-02,1916,Scott Mathews
20,104,Product D,Category 2,8,40.0,2023-06-23,1682,Evan Garcia
9107,104,Product D,Category 2,13,40.0,2023-03-27,1977,Taylor Thomas
9020,103,Product C,Category 2,6,30.0,2023-02-04,1417,Courtney Haley
734,103,Product C,Category 2,10,30.0,2023-02-10,1971,Mark Mccann
9741,104,Product D,Category 2,2,40.0,2023-10-11,1122,Kristopher Lee
7579,102,Product B,Category 1,4,20.0,2023-02-14,1060,Jennifer Carey
6497,104,Product D,Category 2,8,40.0,2023-06-01,1971,Mark Mccann
6328,104,Product D,Category 2,5,40.0,2023-03-05,1934,Lorraine Deleon
3448,101,Product A,Category 1,12,10.0,2023-01-26,1346,Kelsey Martinez
5636,104,Product D,Category 2,9,40.0,2023-10-03,1314,Shane Garcia
9513,102,Product B,Category 1,12,20.0,2023-01-11,1803,Heather Jefferson
5278,104,Product D,Category 2,6,40.0,2023-09-25,1133,Zachary Moore
5443,101,Product A,Category 1,3,10.0,2023-06-03,1110,Justin Fletcher
9247,103,Product C,Category 2,13,30.0,2023-07-12,1752,Tammy Parrish
9774,104,Product D,Category 2,2,40.0,2023-02-25,1337,James Bryant
9896,102,Product B,Category 1,15,20.0,2023-01-14,1566,Linda Henderson
7518,102,Product B,Category 1,14,20.0,2023-04-17,1088,Anthony Nelson
573,101,Product A,Category 1,11,10.0,2023-09-27,1627,Daniel Lopez
5096,102,Product B,Category 1,1,20.0,2023-12-10,1537,Steven Taylor
2567,103,Product C,Category 2,4,30.0,2023-08-14,1635,Kevin Saunders
1080,101,Product A,Category 1,15,10.0,2023-07-04,1513,Maria Barker
5451,101,Product A,Category 1,11,10.0,2023-08-13,1847,Paul Smith
6099,101,Product A,Category 1,3,10.0,2023-12-08,1825,Andrew Sweeney
3158,101,Product A,Category 1,12,10.0,2023-10-08,1278,Gilbert Villanueva
4275,101,Product A,Category 1,8,10.0,2023-10-24,1569,Timothy Perkins
1121,103,Product C,Category 2,13,30.0,2023-07-05,1880,Jody Cain
630,101,Product A,Category 1,8,10.0,2023-06-23,1245,Michelle Hampton
5757,102,Product B,Category 1,15,20.0,2023-02-01,1125,Melissa Long
5326,102,Product B,Category 1,10,20.0,2023-07-03,1491,Michael Kaufman
2294,101,Product A,Category 1,12,10.0,2023-11-26,1444,Zachary Young
5460,102,Product B,Category 1,2,20.0,2023-05-03,1319,Jennifer Clark
6097,104,Product D,Category 2,9,40.0,2023-01-02,1486,Jonathan Rodriguez
5255,102,Product B,Category 1,14,20.0,2023-06-29,1585,Heidi Luna
8529,101,Product A,Category 1,5,10.0,2023-02-13,1645,Scott Shaffer
3147,101,Product A,Category 1,10,10.0,2023-05-22,1650,Joshua Turner
8159,102,Product B,Category 1,12,20.0,2023-11-21,1672,Jennifer Lowe
8835,102,Product B,Category 1,7,20.0,2023-02-17,1188,Adrienne Weaver
9607,101,Product A,Category 1,5,10.0,2023-08-12,1791,Mrs. Wanda Mullins
7516,101,Product A,Category 1,2,10.0,2023-03-20,1137,Joshua Hull
839,102,Product B,Category 1,10,20.0,2023-05-31,1989,Jason Smith
4984,102,Product B,Category 1,5,20.0,2023-10-31,1825,Andrew Sweeney
4429,102,Product B,Category 1,5,20.0,2023-07-26,1812,Andrew Miller
378,104,Product D,Category 2,7,40.0,2023-08-25,1990,Tiffany Horne
1546,102,Product B,Category 1,4,20.0,2023-10-29,1845,Jennifer Rosales
16,101,Product A,Category 1,10,10.0,2023-10-13,1720,Laura Smith
8998,104,Product D,Category 2,13,40.0,2023-12-09,1301,Matthew Riley
5849,102,Product B,Category 1,15,20.0,2023-06-12,1062,Matthew Donovan
788,102,Product B,Category 1,12,20.0,2023-05-13,1275,Terry Collins
6157,102,Product B,Category 1,8,20.0,2023-01-27,1068,Tina Thompson
2638,104,Product D,Category 2,10,40.0,2023-04-21,1927,Elizabeth Barnett
3909,102,Product B,Category 1,12,20.0,2023-08-22,1658,John Abbott
6852,101,Product A,Category 1,5,10.0,2023-06-19,1255,Philip Williamson
5121,102,Product B,Category 1,1,20.0,2023-11-03,1289,Matthew Harding
1477,104,Product D,Category 2,14,40.0,2023-06-24,1673,Destiny Rivas
8547,101,Product A,Category 1,10,10.0,2023-07-10,1950,Gregory Dickerson
9319,104,Product D,Category 2,5,40.0,2023-01-13,1937,Cody Miles
4179,102,Product B,Category 1,6,20.0,2023-06-27,1488,Connor Schultz
2493,103,Product C,Category 2,4,30.0,2023-01-19,1663,Miss Crystal Butler
6496,103,Product C,Category 2,6,30.0,2023-04-25,1063,Dr. Donna Shelton
2527,102,Product B,Category 1,10,20.0,2023-02-28,1040,Shawn Castillo
1778,102,Product B,Category 1,5,20.0,2023-10-24,1708,Stephanie Hickman
5441,104,Product D,Category 2,10,40.0,2023-05-12,1739,Kristin Williams
9178,102,Product B,Category 1,8,20.0,2023-07-12,1350,William Joseph
2962,102,Product B,Category 1,9,20.0,2023-02-25,1414,Amanda Wilson
6758,103,Product C,Category 2,6,30.0,2023-12-28,1184,Maria Mccall
2137,104,Product D,Category 2,15,40.0,2023-04-06,1808,Abigail Williams
2529,101,Product A,Category 1,10,10.0,2023-10-30,1368,Heather Knight
2703,103,Product C,Category 2,9,30.0,2023-11-27,1173,John Shaw
3782,101,Product A,Category 1,11,10.0,2023-12-30,1163,Brian Hutchinson
8914,101,Product A,Category 1,13,10.0,2023-10-07,1562,Lisa Thompson
3101,103,Product C,Category 2,14,30.0,2023-02-03,1593,Joseph Williamson
3834,102,Product B,Category 1,7,20.0,2023-08-30,1617,Daniel Lewis
5458,102,Product B,Category 1,10,20.0,2023-10-01,1928,Marissa Mendoza
3217,104,Product D,Category 2,8,40.0,2023-02-19,1089,Nancy Ruiz
4607,101,Product A,Category 1,15,10.0,2023-12-28,1017,Daniel Maxwell
166,104,Product D,Category 2,10,40.0,2023-09-03,1840,Ian Perkins
3361,101,Product A,Category 1,9,10.0,2023-09-15,1645,Scott Shaffer
9794,101,Product A,Category 1,13,10.0,2023-11-13,1706,Susan Adams
9347,102,Product B,Category 1,10,20.0,2023-01-09,1469,Michael Jones
4754,102,Product B,Category 1,6,20.0,2023-06-19,1174,Jacob Moore
4246,101,Product A,Category 1,6,10.0,2023-11-28,1449,Joshua Reyes
8089,101,Product A,Category 1,6,10.0,2023-12-03,1183,Samuel Cook
7742,102,Product B,Category 1,7,20.0,2023-07-13,1205,Joe Wright
265,101,Product A,Category 1,9,10.0,2023-09-14,1836,Sarah Murphy
9610,101,Product A,Category 1,5,10.0,2023-01-03,1081,Dana Kennedy
1438,102,Product B,Category 1,8,20.0,2023-06-29,1059,Jessica Jackson
5935,101,Product A,Category 1,9,10.0,2023-08-01,1319,Jennifer Clark
8548,102,Product B,Category 1,11,20.0,2023-10-30,1686,Anthony Perez
9001,103,Product C,Category 2,10,30.0,2023-08-02,1727,Christopher Herrera
6201,104,Product D,Category 2,10,40.0,2023-12-21,1733,Diana Hopkins
1825,102,Product B,Category 1,10,20.0,2023-06-20,1515,Jorge Valdez
7247,104,Product D,Category 2,4,40.0,2023-04-28,1032,Jacob Brown
6073,102,Product B,Category 1,7,20.0,2023-02-06,1758,Dr. Adam Hudson MD
7215,103,Product C,Category 2,10,30.0,2023-10-04,1247,Cory Allen
5513,102,Product B,Category 1,6,20.0,2023-11-13,1505,Melissa Myers
389,101,Product A,Category 1,13,10.0,2023-06-24,1813,Cathy Hanna
8146,102,Product B,Category 1,8,20.0,2023-04-07,1286,Kevin Hebert
8160,102,Product B,Category 1,7,20.0,2023-02-12,1663,Miss Crystal Butler
2039,102,Product B,Category 1,5,20.0,2023-11-01,1997,Kimberly Banks
3425,101,Product A,Category 1,2,10.0,2023-09-27,1394,Lori Edwards
69,101,Product A,Category 1,9,10.0,2023-04-07,1632,James Guerrero
6434,101,Product A,Category 1,10,10.0,2023-12-09,1942,Joseph Martin
2264,104,Product D,Category 2,5,40.0,2023-07-28,1513,Maria Barker
9387,103,Product C,Category 2,7,30.0,2023-08-27,1960,Gary Rhodes
7259,102,Product B,Category 1,10,20.0,2023-05-07,1188,Adrienne Weaver
9500,101,Product A,Category 1,10,10.0,2023-12-22,1501,Jane Cruz
6756,102,Product B,Category 1,8,20.0,2023-07-25,1375,Grace Lopez
2395,101,Product A,Category 1,10,10.0,2023-09-24,1719,Michael Williams
6882,102,Product B,Category 1,6,20.0,2023-12-22,1276,Kevin Le
2080,103,Product C,Category 2,10,30.0,2023-08-07,1028,Jeffrey Smith
7455,103,Product C,Category 2,3,30.0,2023-09-13,1590,Frederick Hicks
118,103,Product C,Category 2,4,30.0,2023-07-28,1385,Mrs. Brandi Shaw
8120,102,Product B,Category 1,7,20.0,2023-07-25,1480,Kimberly Johnson
5355,101,Product A,Category 1,12,10.0,2023-04-15,1212,Ryan Mcfarland
8380,104,Product D,Category 2,7,40.0,2023-04-30,1886,Samantha Dorsey
3699,104,Product D,Category 2,15,40.0,2023-04-15,1335,Anna Johnson
8174,101,Product A,Category 1,11,10.0,2023-12-16,1767,Nicholas Wolf II
386,102,Product B,Category 1,13,20.0,2023-07-13,1895,Miranda Taylor
2031,104,Product D,Category 2,9,40.0,2023-03-02,1295,Jeffrey Ballard
3499,102,Product B,Category 1,15,20.0,2023-07-11,1704,David Sanders
3723,102,Product B,Category 1,2,20.0,2023-04-14,1899,Daniel Smith
4810,101,Product A,Category 1,14,10.0,2023-01-15,1104,Alice Anderson
914,103,Product C,Category 2,5,30.0,2023-08-20,1685,Danielle Stewart
7650,102,Product B,Category 1,13,20.0,2023-11-27,1192,Alicia Reynolds
7368,101,Product A,Category 1,6,10.0,2023-05-20,1255,Philip Williamson
8937,101,Product A,Category 1,10,10.0,2023-06-18,1586,Sarah Jenkins
2671,101,Product A,Category 1,5,10.0,2023-06-02,1187,Bob Franklin
4899,102,Product B,Category 1,12,20.0,2023-10-11,1606,Marcia Baker
3076,103,Product C,Category 2,8,30.0,2023-01-30,1791,Mrs. Wanda Mullins
8390,101,Product A,Category 1,11,10.0,2023-06-19,1986,Joseph Vance
9250,104,Product D,Category 2,12,40.0,2023-09-15,1169,Mark Stewart
779,102,Product B,Category 1,4,20.0,2023-11-21,1703,Lucas Gomez
7708,101,Product A,Category 1,14,10.0,2023-02-18,1057,Larry Clark
1663,102,Product B,Category 1,6,20.0,2023-09-29,1630,Susan Short
8331,102,Product B,Category 1,10,20.0,2023-06-20,1132,Matthew Williams
2366,102,Product B,Category 1,12,20.0,2023-09-22,1500,Mrs. Wendy Henderson
6221,102,Product B,Category 1,12,20.0,2023-03-29,1284,Jessica Miles
6416,101,Product A,Category 1,15,10.0,2023-02-12,1345,Karen West
4416,101,Product A,Category 1,6,10.0,2023-05-21,1067,Barbara Coleman
5864,103,Product C,Category 2,10,30.0,2023-05-29,1938,Mark Carlson
2545,102,Product B,Category 1,2,20.0,2023-10-23,1543,Patrick Williams
3804,102,Product B,Category 1,3,20.0,2023-01-31,1326,Arthur King
9702,104,Product D,Category 2,4,40.0,2023-01-19,1065,Dr. Amber Flores
3933,101,Product A,Category 1,8,10.0,2023-02-23,1181,Tammy Flores
4930,102,Product B,Category 1,2,20.0,2023-12-26,1373,Melissa Johnson
4653,103,Product C,Category 2,4,30.0,2023-12-15,1738,Sabrina Soto
7792,102,Product B,Category 1,13,20.0,2023-07-15,1092,Shawn Zimmerman
6533,102,Product B,Category 1,3,20.0,2023-09-18,1258,Kelsey Gill
1352,101,Product A,Category 1,1,10.0,2023-07-24,1494,Destiny Robinson
3116,102,Product B,Category 1,13,20.0,2023-06-04,1640,Dr. Kelly Walker
852,102,Product B,Category 1,13,20.0,2023-03-07,1406,Lonnie Wolf
2325,104,Product D,Category 2,3,40.0,2023-05-13,1068,Tina Thompson
4198,101,Product A,Category 1,6,10.0,2023-02-08,1048,Jessica Smith
4265,101,Product A,Category 1,12,10.0,2023-07-20,1689,Nicholas Dalton
8429,104,Product D,Category 2,6,40.0,2023-07-04,1404,Mr. Anthony Palmer
5164,101,Product A,Category 1,6,10.0,2023-09-04,1916,Scott Mathews
2097,102,Product B,Category 1,2,20.0,2023-03-25,1109,Erik Roberts
75,102,Product B,Category 1,8,20.0,2023-12-22,1896,Margaret Odonnell
3036,104,Product D,Category 2,13,40.0,2023-03-26,1424,Justin Snyder
5595,104,Product D,Category 2,13,40.0,2023-03-27,1410,Jessica Harvey
5354,101,Product A,Category 1,4,10.0,2023-12-12,1550,Robert Fox
4245,101,Product A,Category 1,2,10.0,2023-12-22,1756,Christopher Thompson
6749,101,Product A,Category 1,2,10.0,2023-12-16,1018,Jill Schwartz
8317,103,Product C,Category 2,7,30.0,2023-09-24,1820,William Smith II
9337,104,Product D,Category 2,3,40.0,2023-01-16,1509,Levi Clark
4027,103,Product C,Category 2,2,30.0,2023-10-25,1230,Brandon Marsh
6721,104,Product D,Category 2,7,40.0,2023-05-30,1317,Sharon Kennedy
8491,104,Product D,Category 2,10,40.0,2023-05-27,1448,Mrs. Alisha Bowers
3973,103,Product C,Category 2,8,30.0,2023-04-30,1387,Gregory Phelps
5882,103,Product C,Category 2,7,30.0,2023-01-10,1755,Jessica Craig
1963,104,Product D,Category 2,6,40.0,2023-02-23,1474,Michael Wallace
9808,102,Product B,Category 1,13,20.0,2023-03-16,1178,Connie Garcia
8559,103,Product C,Category 2,9,30.0,2023-08-31,1064,Alexis Price
3744,101,Product A,Category 1,1,10.0,2023-05-25,1175,Michael Mendez
1612,102,Product B,Category 1,1,20.0,2023-12-08,1822,Patricia Ramos
8248,102,Product B,Category 1,5,20.0,2023-08-12,1954,Samantha Moore
6551,102,Product B,Category 1,15,20.0,2023-12-01,1472,Heather Fields
3035,103,Product C,Category 2,8,30.0,2023-03-17,1641,Tanya Daugherty
5664,104,Product D,Category 2,8,40.0,2023-05-29,1455,Brendan Flores
2087,101,Product A,Category 1,15,10.0,2023-06-12,1482,Amanda Ayers
3079,101,Product A,Category 1,10,10.0,2023-01-07,1712,Wendy Smith
5244,102,Product B,Category 1,11,20.0,2023-10-12,1922,Nicholas Stevens
3796,103,Product C,Category 2,14,30.0,2023-06-04,1189,Alyssa Delacruz
3706,101,Product A,Category 1,15,10.0,2023-12-23,1207,Ashley Powell
4177,104,Product D,Category 2,9,40.0,2023-03-30,1416,Holly Graves
3291,103,Product C,Category 2,10,30.0,2023-11-19,1393,Debra Bennett
6609,102,Product B,Category 1,11,20.0,2023-05-28,1789,Jennifer Edwards
4825,101,Product A,Category 1,1,10.0,2023-10-23,1949,Christopher Rodriguez
5253,101,Product A,Category 1,15,10.0,2023-04-07,1944,Jeremy Novak
841,102,Product B,Category 1,12,20.0,2023-04-05,1289,Matthew Harding
5084,101,Product A,Category 1,11,10.0,2023-02-20,1358,Jonathan Franco
8125,102,Product B,Category 1,7,20.0,2023-08-02,1666,Guy Reed Jr.
4772,101,Product A,Category 1,2,10.0,2023-03-04,1063,Dr. Donna Shelton
1617,102,Product B,Category 1,15,20.0,2023-06-10,1690,Ashley Ali
2930,103,Product C,Category 2,7,30.0,2023-01-23,1958,Joseph Irwin
4640,101,Product A,Category 1,8,10.0,2023-12-24,1326,Arthur King
3198,102,Product B,Category 1,12,20.0,2023-04-13,1470,Kristen Myers
191,102,Product B,Category 1,7,20.0,2023-12-26,1896,Margaret Odonnell
9919,102,Product B,Category 1,9,20.0,2023-02-26,1186,Dr. Tammy Walker
9382,103,Product C,Category 2,9,30.0,2023-05-04,1620,Barbara Hamilton
1613,103,Product C,Category 2,14,30.0,2023-10-30,1855,Monica Gonzalez
9114,104,Product D,Category 2,7,40.0,2023-07-31,1123,David Mccoy
3480,101,Product A,Category 1,11,10.0,2023-12-19,1341,Craig Blake
135,103,Product C,Category 2,12,30.0,2023-10-08,1775,William Camacho
5428,104,Product D,Category 2,9,40.0,2023-11-11,1544,Erika Bailey
9200,104,Product D,Category 2,15,40.0,2023-10-23,1059,Jessica Jackson
6275,101,Product A,Category 1,4,10.0,2023-11-02,1199,Michael Romero
7062,101,Product A,Category 1,6,10.0,2023-06-27,1213,William Yates
6883,102,Product B,Category 1,10,20.0,2023-10-12,1903,Caleb Brooks
4438,102,Product B,Category 1,14,20.0,2023-10-27,1808,Abigail Williams
6213,103,Product C,Category 2,4,30.0,2023-09-28,1611,Matthew Lucas
2876,103,Product C,Category 2,2,30.0,2023-05-06,1622,Jessica Richmond
6494,104,Product D,Category 2,9,40.0,2023-03-16,1788,Megan Skinner
498,101,Product A,Category 1,4,10.0,2023-08-22,1259,Daniel Mcmillan
8020,101,Product A,Category 1,15,10.0,2023-03-18,1661,Jamie Murphy
6461,102,Product B,Category 1,5,20.0,2023-10-29,1082,Donna Smith
8641,101,Product A,Category 1,5,10.0,2023-08-23,1916,Scott Mathews
1655,102,Product B,Category 1,3,20.0,2023-03-05,1762,Stephen Douglas
6714,104,Product D,Category 2,8,40.0,2023-11-03,1472,Heather Fields
7889,104,Product D,Category 2,10,40.0,2023-08-11,1240,Troy Phillips
4945,104,Product D,Category 2,4,40.0,2023-06-13,1712,Wendy Smith
8145,104,Product D,Category 2,2,40.0,2023-05-26,1493,Mary Ferguson
3195,104,Product D,Category 2,11,40.0,2023-06-16,1179,Michael Sexton
5594,101,Product A,Category 1,6,10.0,2023-01-22,1278,Gilbert Villanueva
8440,103,Product C,Category 2,13,30.0,2023-02-19,1630,Susan Short
3879,101,Product A,Category 1,13,10.0,2023-05-23,1701,Jennifer Hernandez
8621,101,Product A,Category 1,14,10.0,2023-03-10,1424,Justin Snyder
5485,102,Product B,Category 1,12,20.0,2023-09-09,1921,Kurt Tucker
6990,102,Product B,Category 1,5,20.0,2023-12-05,1109,Erik Roberts
8713,101,Product A,Category 1,10,10.0,2023-05-20,1157,Christine Chase
4402,104,Product D,Category 2,6,40.0,2023-06-07,1313,Crystal Johns
2886,104,Product D,Category 2,12,40.0,2023-02-12,1057,Larry Clark
2156,101,Product A,Category 1,7,10.0,2023-05-01,1289,Matthew Harding
9987,102,Product B,Category 1,9,20.0,2023-01-04,1748,Kelly Cooley
1841,101,Product A,Category 1,10,10.0,2023-11-07,1880,Jody Cain
7704,101,Product A,Category 1,12,10.0,2023-12-11,1504,David Morgan
6085,101,Product A,Category 1,7,10.0,2023-03-27,1783,Adrian Guerra
5598,102,Product B,Category 1,6,20.0,2023-06-14,1390,Danielle Cross
1428,102,Product B,Category 1,12,20.0,2023-09-21,1087,Jason Stewart
8153,102,Product B,Category 1,5,20.0,2023-09-10,1410,Jessica Harvey
1999,102,Product B,Category 1,12,20.0,2023-10-14,1772,Eric White
7827,102,Product B,Category 1,9,20.0,2023-07-19,1395,Justin Mccarty
7540,104,Product D,Category 2,7,40.0,2023-08-28,1739,Kristin Williams
8606,104,Product D,Category 2,6,40.0,2023-01-07,1698,Samuel Smith
2068,102,Product B,Category 1,12,20.0,2023-10-26,1833,Benjamin Ellis
6091,102,Product B,Category 1,7,20.0,2023-11-12,1683,Robert Bryant
9101,103,Product C,Category 2,6,30.0,2023-05-10,1986,Joseph Vance
4063,101,Product A,Category 1,10,10.0,2023-08-12,1641,Tanya Daugherty
9704,103,Product C,Category 2,11,30.0,2023-11-10,1384,Joy Kelly
2472,102,Product B,Category 1,14,20.0,2023-12-01,1304,Justin Morse
9373,102,Product B,Category 1,14,20.0,2023-01-10,1874,Thomas Sutton
9787,101,Product A,Category 1,7,10.0,2023-11-07,1061,Wendy Cruz
2333,104,Product D,Category 2,8,40.0,2023-10-19,1504,David Morgan
2775,102,Product B,Category 1,3,20.0,2023-03-27,1257,Brandon Leon
8648,103,Product C,Category 2,11,30.0,2023-08-14,1048,Jessica Smith
2789,103,Product C,Category 2,7,30.0,2023-08-16,1171,Craig Lyons
4477,104,Product D,Category 2,11,40.0,2023-03-18,1112,Rachel Graham
9051,102,Product B,Category 1,13,20.0,2023-03-20,1342,Benjamin Sutton
4218,101,Product A,Category 1,5,10.0,2023-03-25,1112,Rachel Graham
4190,104,Product D,Category 2,7,40.0,2023-01-26,1014,Christine Roman
3547,104,Product D,Category 2,4,40.0,2023-07-11,1294,Tammy Robinson
3303,103,Product C,Category 2,15,30.0,2023-03-22,1585,Heidi Luna
8357,102,Product B,Category 1,14,20.0,2023-10-02,1168,Maria Shah
4766,101,Product A,Category 1,9,10.0,2023-12-17,1983,Pamela Griffin MD
5942,102,Product B,Category 1,7,20.0,2023-07-16,1034,Sarah Thomas
119,102,Product B,Category 1,1,20.0,2023-03-10,1494,Destiny Robinson
1376,102,Product B,Category 1,14,20.0,2023-08-17,1809,Katherine King
768,101,Product A,Category 1,13,10.0,2023-09-09,1979,Joseph Phillips
3870,103,Product C,Category 2,4,30.0,2023-09-05,1131,Kurt Reed
2459,101,Product A,Category 1,6,10.0,2023-11-23,1315,Alejandro Davis
7616,101,Product A,Category 1,8,10.0,2023-09-04,1904,Barbara Johnston
9587,103,Product C,Category 2,9,30.0,2023-08-11,1427,Brittney Robinson MD
7512,103,Product C,Category 2,5,30.0,2023-11-20,1041,Colleen Roberts
4727,103,Product C,Category 2,3,30.0,2023-08-21,1086,Angela Cunningham
3347,101,Product A,Category 1,15,10.0,2023-09-27,1765,David Fields
7543,103,Product C,Category 2,2,30.0,2023-05-17,1452,Heather Payne
7487,104,Product D,Category 2,14,40.0,2023-06-10,1092,Shawn Zimmerman
9881,103,Product C,Category 2,11,30.0,2023-11-22,1619,Angel Sanders
8770,101,Product A,Category 1,12,10.0,2023-09-30,1655,Heather Anderson
1063,102,Product B,Category 1,9,20.0,2023-10-24,1968,Jeremiah Ramirez
7967,101,Product A,Category 1,13,10.0,2023-05-28,1164,Brian Mccann
275,103,Product C,Category 2,5,30.0,2023-10-06,1180,Joshua Raymond
8694,102,Product B,Category 1,2,20.0,2023-05-30,1230,Brandon Marsh
9186,103,Product C,Category 2,5,30.0,2023-01-20,1075,Erin Ortiz MD
7443,101,Product A,Category 1,13,10.0,2023-09-10,1864,Edward Cohen
9044,102,Product B,Category 1,10,20.0,2023-03-31,1843,Peter Garrison
6748,104,Product D,Category 2,9,40.0,2023-05-09,1743,Roy Ryan
7337,101,Product A,Category 1,9,10.0,2023-05-30,1002,Jeffrey Knapp
4610,104,Product D,Category 2,5,40.0,2023-11-09,1620,Barbara Hamilton
7490,101,Product A,Category 1,15,10.0,2023-10-29,1224,Taylor Johnson
3512,103,Product C,Category 2,12,30.0,2023-06-12,1545,Bruce Martin
8121,102,Product B,Category 1,3,20.0,2023-08-01,1385,Mrs. Brandi Shaw
1718,101,Product A,Category 1,3,10.0,2023-10-29,1446,Suzanne Flores MD
1691,101,Product A,Category 1,9,10.0,2023-08-08,1585,Heidi Luna
9659,102,Product B,Category 1,12,20.0,2023-06-04,1394,Lori Edwards
714,103,Product C,Category 2,10,30.0,2023-04-14,1222,Justin Berry
735,101,Product A,Category 1,5,10.0,2023-09-14,1801,Katherine Delacruz
6324,101,Product A,Category 1,5,10.0,2023-07-06,1942,Joseph Martin
3545,101,Product A,Category 1,5,10.0,2023-03-04,1797,Todd Black
3638,104,Product D,Category 2,4,40.0,2023-07-04,1592,Taylor Dawson
1610,102,Product B,Category 1,13,20.0,2023-08-07,1593,Joseph Williamson
9022,101,Product A,Category 1,15,10.0,2023-05-22,1876,Dustin Fletcher
7059,103,Product C,Category 2,1,30.0,2023-09-27,1830,Oscar Palmer
9354,104,Product D,Category 2,2,40.0,2023-01-03,1164,Brian Mccann
3781,102,Product B,Category 1,2,20.0,2023-07-01,1033,Tammy Jones
4692,101,Product A,Category 1,4,10.0,2023-05-27,1451,Ashley Silva
3126,103,Product C,Category 2,6,30.0,2023-05-01,1860,Michael Sanford
5238,104,Product D,Category 2,4,40.0,2023-04-06,1602,Scott Nixon
7000,102,Product B,Category 1,1,20.0,2023-05-28,1428,Jack Anderson
352,102,Product B,Category 1,6,20.0,2023-08-09,1506,Summer Stevens
9750,102,Product B,Category 1,7,20.0,2023-12-13,1037,Kyle Sanchez
3464,102,Product B,Category 1,14,20.0,2023-10-06,1950,Gregory Dickerson
4723,102,Product B,Category 1,2,20.0,2023-09-10,1356,Chris Kelley
6094,104,Product D,Category 2,2,40.0,2023-05-14,1965,Emily Stevenson
2169,102,Product B,Category 1,3,20.0,2023-02-27,1995,Kevin Burns
223,102,Product B,Category 1,7,20.0,2023-03-15,1631,John Morris
6529,104,Product D,Category 2,1,40.0,2023-12-21,1687,Ryan Archer
5988,102,Product B,Category 1,2,20.0,2023-10-25,1389,Michelle Lopez
8397,101,Product A,Category 1,15,10.0,2023-03-20,1188,Adrienne Weaver
1085,101,Product A,Category 1,15,10.0,2023-07-12,1676,Craig Conner
6498,101,Product A,Category 1,2,10.0,2023-09-19,1913,Diane Adams
9503,102,Product B,Category 1,5,20.0,2023-03-16,1130,Tracy Martinez
9306,101,Product A,Category 1,10,10.0,2023-09-06,1019,James Newton
3236,102,Product B,Category 1,9,20.0,2023-03-08,1589,Brandi Hill
2856,103,Product C,Category 2,8,30.0,2023-09-22,1222,Justin Berry
6904,104,Product D,Category 2,7,40.0,2023-12-16,1164,Brian Mccann
6838,101,Product A,Category 1,8,10.0,2023-08-31,1632,James Guerrero
8479,102,Product B,Category 1,10,20.0,2023-07-28,1595,Belinda Santos
1989,101,Product A,Category 1,12,10.0,2023-05-02,1182,Zachary Ward
2421,104,Product D,Category 2,1,40.0,2023-08-10,1009,Nicole Bailey
5527,103,Product C,Category 2,1,30.0,2023-01-06,1686,Anthony Perez
4262,104,Product D,Category 2,7,40.0,2023-05-24,1527,Brandon Howell
2001,104,Product D,Category 2,13,40.0,2023-12-22,1575,Daniel Le
7809,101,Product A,Category 1,5,10.0,2023-05-25,1995,Kevin Burns
7806,101,Product A,Category 1,3,10.0,2023-12-14,1262,Patricia Garcia
5960,102,Product B,Category 1,11,20.0,2023-10-27,1926,Christina Patterson
617,101,Product A,Category 1,13,10.0,2023-11-03,1911,Barbara Holmes
6414,101,Product A,Category 1,12,10.0,2023-09-19,1600,Kimberly Gallegos
9692,104,Product D,Category 2,12,40.0,2023-06-21,1540,Tina Thompson
6062,104,Product D,Category 2,6,40.0,2023-07-16,1641,Tanya Daugherty
4105,101,Product A,Category 1,13,10.0,2023-06-05,1801,Katherine Delacruz
5859,103,Product C,Category 2,9,30.0,2023-06-21,1558,Dr. Kristin Miller
7563,102,Product B,Category 1,4,20.0,2023-10-28,1153,Paul George
688,102,Product B,Category 1,7,20.0,2023-10-15,1035,Robert Rodriguez
8015,104,Product D,Category 2,11,40.0,2023-03-15,1052,Eric Parker
7501,101,Product A,Category 1,13,10.0,2023-03-28,1051,Deborah Campbell
4861,102,Product B,Category 1,1,20.0,2023-12-08,1032,Jacob Brown
2145,104,Product D,Category 2,8,40.0,2023-03-27,1624,Yvette Jackson
4129,104,Product D,Category 2,2,40.0,2023-07-30,1337,James Bryant
2089,102,Product B,Category 1,9,20.0,2023-07-10,1338,Anthony Patton
1602,104,Product D,Category 2,2,40.0,2023-02-01,1880,Jody Cain
4360,101,Product A,Category 1,9,10.0,2023-03-25,1796,Benjamin Henry
1246,103,Product C,Category 2,1,30.0,2023-03-04,1055,Jennifer Giles
6333,101,Product A,Category 1,7,10.0,2023-04-24,1415,Linda Jones
6451,102,Product B,Category 1,15,20.0,2023-10-29,1781,Christina Smith
584,103,Product C,Category 2,9,30.0,2023-07-27,1787,Tiffany Walker
6993,103,Product C,Category 2,13,30.0,2023-10-19,1749,Scott Wright
9135,102,Product B,Category 1,4,20.0,2023-09-17,1223,Briana Clark
5985,101,Product A,Category 1,10,10.0,2023-01-12,1081,Dana Kennedy
4048,101,Product A,Category 1,14,10.0,2023-09-05,1359,Nicole Matthews
9329,102,Product B,Category 1,10,20.0,2023-07-10,1502,Jessica Young
871,102,Product B,Category 1,4,20.0,2023-01-21,1773,Steven Mcdonald
9293,101,Product A,Category 1,3,10.0,2023-02-21,1137,Joshua Hull
2947,103,Product C,Category 2,1,30.0,2023-11-23,1334,Jennifer Burch
1330,101,Product A,Category 1,15,10.0,2023-01-09,1649,Kimberly Hernandez
9093,101,Product A,Category 1,9,10.0,2023-09-02,1230,Brandon Marsh
7166,104,Product D,Category 2,15,40.0,2023-07-15,1554,Robyn Trujillo
2887,102,Product B,Category 1,14,20.0,2023-09-29,1741,Amy Sanchez
1985,101,Product A,Category 1,4,10.0,2023-08-01,1582,Nicole Davis
9889,101,Product A,Category 1,10,10.0,2023-11-18,1808,Abigail Williams
9056,102,Product B,Category 1,15,20.0,2023-06-10,1886,Samantha Dorsey
1016,102,Product B,Category 1,15,20.0,2023-06-29,1056,Mark Rangel
3590,103,Product C,Category 2,7,30.0,2023-06-15,1766,Scott Howard
9085,101,Product A,Category 1,10,10.0,2023-05-30,1378,Audrey Davis
8870,102,Product B,Category 1,4,20.0,2023-12-03,1776,Deborah Hubbard
4084,102,Product B,Category 1,6,20.0,2023-08-04,1351,Eileen Tucker
9852,104,Product D,Category 2,10,40.0,2023-07-21,1931,William Carson
3641,102,Product B,Category 1,11,20.0,2023-06-06,1281,Julian Tate
9994,102,Product B,Category 1,11,20.0,2023-12-23,1820,William Smith II
1225,101,Product A,Category 1,13,10.0,2023-07-20,1573,Jimmy Blanchard
989,104,Product D,Category 2,2,40.0,2023-06-28,1881,Alicia Parrish
959,104,Product D,Category 2,14,40.0,2023-10-31,1176,Christina Wagner
5989,101,Product A,Category 1,7,10.0,2023-06-10,1786,Linda Salinas
3740,103,Product C,Category 2,13,30.0,2023-11-26,1001,Laura Brooks
3062,103,Product C,Category 2,2,30.0,2023-03-14,1594,Amanda Bowers
6674,104,Product D,Category 2,3,40.0,2023-05-05,1105,Kelly Gross
9632,102,Product B,Category 1,10,20.0,2023-07-14,1358,Jonathan Franco
5208,104,Product D,Category 2,11,40.0,2023-10-18,1441,Kimberly Harris
7820,102,Product B,Category 1,4,20.0,2023-04-23,1657,Carla Anderson
6322,104,Product D,Category 2,5,40.0,2023-01-23,1579,Michele Hicks
1328,101,Product A,Category 1,14,10.0,2023-04-26,1403,Lynn Welch
6520,104,Product D,Category 2,14,40.0,2023-03-13,1371,Jennifer Livingston
6685,101,Product A,Category 1,6,10.0,2023-01-24,1097,Christopher Delgado
2158,101,Product A,Category 1,10,10.0,2023-03-19,1727,Christopher Herrera
8617,101,Product A,Category 1,8,10.0,2023-08-29,1250,Bruce Walsh
6014,104,Product D,Category 2,15,40.0,2023-02-08,1229,Andrew Franklin
102,104,Product D,Category 2,3,40.0,2023-04-05,1703,Lucas Gomez
1922,104,Product D,Category 2,12,40.0,2023-09-08,1728,Kimberly Green
3751,104,Product D,Category 2,13,40.0,2023-05-11,1554,Robyn Trujillo
9917,101,Product A,Category 1,1,10.0,2023-12-01,1894,Jamie Mcguire
2916,103,Product C,Category 2,6,30.0,2023-04-22,1187,Bob Franklin
6548,102,Product B,Category 1,6,20.0,2023-08-20,1482,Amanda Ayers
7909,101,Product A,Category 1,10,10.0,2023-03-10,1913,Diane Adams
1994,101,Product A,Category 1,15,10.0,2023-08-21,1235,Mario Leblanc
1943,101,Product A,Category 1,14,10.0,2023-01-05,1702,Kimberly Ramirez
4522,103,Product C,Category 2,9,30.0,2023-02-01,1771,Rhonda Garrett
4806,102,Product B,Category 1,11,20.0,2023-05-21,1343,Joshua Murphy
9747,102,Product B,Category 1,3,20.0,2023-01-29,1933,Tracy Fields
554,102,Product B,Category 1,6,20.0,2023-02-21,1389,Michelle Lopez
9251,103,Product C,Category 2,9,30.0,2023-04-14,1122,Kristopher Lee
8453,102,Product B,Category 1,12,20.0,2023-08-03,1476,Mary Robinson
6339,103,Product C,Category 2,6,30.0,2023-01-10,1891,Justin Phillips
6024,102,Product B,Category 1,10,20.0,2023-06-01,1225,Dustin Bird
1228,102,Product B,Category 1,6,20.0,2023-01-12,1060,Jennifer Carey
1283,101,Product A,Category 1,1,10.0,2023-05-27,1207,Ashley Powell
8155,101,Product A,Category 1,8,10.0,2023-09-24,1433,Cristian Mcknight
9071,103,Product C,Category 2,1,30.0,2023-01-05,1461,Julie Jensen
3823,101,Product A,Category 1,5,10.0,2023-05-06,1643,Randy Ford
3573,101,Product A,Category 1,7,10.0,2023-02-03,1638,Kyle Gibson
6693,102,Product B,Category 1,12,20.0,2023-02-25,1511,Kenneth Hardy
252,104,Product D,Category 2,4,40.0,2023-05-01,1726,Andrea Shah
721,103,Product C,Category 2,5,30.0,2023-11-01,1099,Karl Smith
5229,102,Product B,Category 1,5,20.0,2023-10-15,1008,Tracy Mcdaniel
1460,101,Product A,Category 1,6,10.0,2023-12-07,1381,Courtney Hansen
8562,104,Product D,Category 2,9,40.0,2023-06-26,1821,Brandi Thompson
9729,102,Product B,Category 1,5,20.0,2023-09-16,1327,James Stephens
7458,102,Product B,Category 1,9,20.0,2023-05-02,1116,Mathew Morris
3115,103,Product C,Category 2,14,30.0,2023-11-20,1933,Tracy Fields
7454,102,Product B,Category 1,12,20.0,2023-10-15,1728,Kimberly Green
121,103,Product C,Category 2,5,30.0,2023-05-28,1460,Kelly Haynes
5308,103,Product C,Category 2,12,30.0,2023-06-13,1551,Robin Russo
7535,101,Product A,Category 1,13,10.0,2023-03-04,1516,Hannah Anderson
2973,102,Product B,Category 1,13,20.0,2023-05-03,1501,Jane Cruz
10000,103,Product C,Category 2,4,30.0,2023-04-18,1992,Kathleen Manning
1132,103,Product C,Category 2,13,30.0,2023-06-27,1857,Jessica Oconnor
2757,103,Product C,Category 2,10,30.0,2023-12-07,1423,George Nash
3742,101,Product A,Category 1,11,10.0,2023-06-13,1637,Diane Thomas
8845,101,Product A,Category 1,15,10.0,2023-01-02,1389,Michelle Lopez
1,101,Product A,Category 1,10,10.0,2023-08-05,1047,Suzanne Avila
1769,102,Product B,Category 1,6,20.0,2023-04-24,1471,Sarah James
5309,102,Product B,Category 1,1,20.0,2023-08-19,1789,Jennifer Edwards
575,101,Product A,Category 1,10,10.0,2023-08-24,1227,Erin Barrera
1099,101,Product A,Category 1,13,10.0,2023-07-16,1988,Elizabeth Hernandez
3604,104,Product D,Category 2,9,40.0,2023-02-04,1068,Tina Thompson
9307,101,Product A,Category 1,13,10.0,2023-11-29,1412,Michele Myers MD
6311,103,Product C,Category 2,3,30.0,2023-03-01,1650,Joshua Turner
6447,102,Product B,Category 1,2,20.0,2023-07-31,1471,Sarah James
3509,102,Product B,Category 1,5,20.0,2023-02-22,1595,Belinda Santos
4818,102,Product B,Category 1,9,20.0,2023-03-09,1625,Timothy Marshall
1398,104,Product D,Category 2,12,40.0,2023-07-09,1012,Lee Randolph
640,104,Product D,Category 2,14,40.0,2023-07-04,1328,Thomas Mcdonald
5768,104,Product D,Category 2,9,40.0,2023-01-14,1976,Joshua Parker
8538,101,Product A,Category 1,2,10.0,2023-06-20,1178,Connie Garcia
5347,103,Product C,Category 2,6,30.0,2023-01-20,1268,Katelyn Abbott
377,102,Product B,Category 1,10,20.0,2023-01-02,1958,Joseph Irwin
6420,103,Product C,Category 2,13,30.0,2023-12-22,1853,Justin Day
7969,104,Product D,Category 2,5,40.0,2023-04-06,1309,Paula Cook
8309,102,Product B,Category 1,7,20.0,2023-03-17,1363,Sylvia Williams
6056,102,Product B,Category 1,6,20.0,2023-05-16,1936,Heather Gordon
6976,104,Product D,Category 2,1,40.0,2023-02-28,1166,Emma Sosa
8615,101,Product A,Category 1,15,10.0,2023-04-27,1897,Sean Galloway
5804,102,Product B,Category 1,6,20.0,2023-08-16,1524,Joshua Lane
5146,102,Product B,Category 1,8,20.0,2023-07-31,1693,Paula Mcguire
409,102,Product B,Category 1,3,20.0,2023-12-29,1042,Jessica Gibson
5086,103,Product C,Category 2,14,30.0,2023-08-04,1075,Erin Ortiz MD
7584,102,Product B,Category 1,13,20.0,2023-05-20,1930,Renee Guzman
4035,101,Product A,Category 1,10,10.0,2023-05-29,1592,Taylor Dawson
5483,104,Product D,Category 2,4,40.0,2023-10-31,1926,Christina Patterson
9844,101,Product A,Category 1,1,10.0,2023-02-11,1176,Christina Wagner
1088,102,Product B,Category 1,3,20.0,2023-12-14,1822,Patricia Ramos
4133,103,Product C,Category 2,13,30.0,2023-08-31,1763,Shawn Graham
5116,104,Product D,Category 2,15,40.0,2023-07-25,1781,Christina Smith
4487,102,Product B,Category 1,13,20.0,2023-05-14,1067,Barbara Coleman
5584,104,Product D,Category 2,5,40.0,2023-01-15,1526,Kari Baker
1333,102,Product B,Category 1,9,20.0,2023-09-08,1782,Nancy Martinez
3134,104,Product D,Category 2,4,40.0,2023-05-30,1624,Yvette Jackson
6723,101,Product A,Category 1,3,10.0,2023-01-16,1769,Ricky Soto
7204,101,Product A,Category 1,4,10.0,2023-02-05,1940,James Benson
2828,104,Product D,Category 2,3,40.0,2023-11-23,1361,Steven Gray
4371,101,Product A,Category 1,1,10.0,2023-07-05,1063,Dr. Donna Shelton
9283,101,Product A,Category 1,10,10.0,2023-04-08,1101,Evan Mitchell
8830,103,Product C,Category 2,3,30.0,2023-02-07,1212,Ryan Mcfarland
6104,101,Product A,Category 1,12,10.0,2023-05-08,1733,Diana Hopkins
3885,102,Product B,Category 1,14,20.0,2023-07-02,1256,Kayla Torres
2428,101,Product A,Category 1,12,10.0,2023-02-03,1774,Nathan Brown
8058,103,Product C,Category 2,6,30.0,2023-07-21,1749,Scott Wright
5383,102,Product B,Category 1,11,20.0,2023-07-10,1914,Jennifer Davis
5049,101,Product A,Category 1,13,10.0,2023-06-13,1716,Rebecca Green
2411,103,Product C,Category 2,11,30.0,2023-09-18,1254,Donald Brown MD
4708,102,Product B,Category 1,12,20.0,2023-12-21,1156,Michael Roberts
3877,104,Product D,Category 2,2,40.0,2023-07-29,1292,Jamie Pitts
6571,104,Product D,Category 2,1,40.0,2023-12-14,1155,Mark Sanchez
9613,101,Product A,Category 1,5,10.0,2023-06-22,1696,Anthony Guzman
978,104,Product D,Category 2,12,40.0,2023-02-04,1213,William Yates
7815,103,Product C,Category 2,12,30.0,2023-03-30,1878,Deborah Ortega
5813,102,Product B,Category 1,8,20.0,2023-10-03,1905,Christopher Horne
1846,103,Product C,Category 2,14,30.0,2023-07-30,1539,Charles Dixon
7010,102,Product B,Category 1,4,20.0,2023-02-22,1463,Tiffany Luna
5576,104,Product D,Category 2,13,40.0,2023-03-25,1033,Tammy Jones
1758,104,Product D,Category 2,2,40.0,2023-08-06,1062,Matthew Donovan
8920,102,Product B,Category 1,2,20.0,2023-05-15,1547,Lori Bell
5938,102,Product B,Category 1,4,20.0,2023-12-25,1522,Jack Medina
9127,102,Product B,Category 1,7,20.0,2023-12-27,1908,Tony Stephens
417,101,Product A,Category 1,3,10.0,2023-11-03,1151,Thomas Romero
323,102,Product B,Category 1,6,20.0,2023-09-22,1809,Katherine King
6646,101,Product A,Category 1,14,10.0,2023-08-05,1447,Ashley Long
2231,103,Product C,Category 2,6,30.0,2023-01-09,1498,Angela Guerrero
997,102,Product B,Category 1,2,20.0,2023-05-20,1950,Gregory Dickerson
8222,102,Product B,Category 1,15,20.0,2023-09-26,1760,Elizabeth Wright
9512,101,Product A,Category 1,13,10.0,2023-06-30,1010,Karen Jacobs
4321,102,Product B,Category 1,3,20.0,2023-01-29,1361,Steven Gray
6575,101,Product A,Category 1,10,10.0,2023-08-01,1032,Jacob Brown
81,102,Product B,Category 1,3,20.0,2023-09-08,1501,Jane Cruz
2581,102,Product B,Category 1,10,20.0,2023-10-08,1217,Jessica Harper
4409,104,Product D,Category 2,4,40.0,2023-11-05,1169,Mark Stewart
2854,102,Product B,Category 1,13,20.0,2023-11-11,1756,Christopher Thompson
244,102,Product B,Category 1,3,20.0,2023-07-11,1786,Linda Salinas
2889,101,Product A,Category 1,7,10.0,2023-03-21,1446,Suzanne Flores MD
7084,103,Product C,Category 2,15,30.0,2023-11-20,1716,Rebecca Green
5368,102,Product B,Category 1,4,20.0,2023-09-28,1634,Ann Rush
3923,102,Product B,Category 1,10,20.0,2023-11-02,1894,Jamie Mcguire
4171,102,Product B,Category 1,2,20.0,2023-09-19,1908,Tony Stephens
6015,101,Product A,Category 1,1,10.0,2023-01-28,1041,Colleen Roberts
2549,103,Product C,Category 2,15,30.0,2023-10-09,1712,Wendy Smith
273,102,Product B,Category 1,11,20.0,2023-03-26,1673,Destiny Rivas
6697,103,Product C,Category 2,1,30.0,2023-03-08,1804,Paul Patterson
9824,102,Product B,Category 1,11,20.0,2023-04-24,1294,Tammy Robinson
6597,103,Product C,Category 2,4,30.0,2023-12-01,1988,Elizabeth Hernandez
744,102,Product B,Category 1,8,20.0,2023-06-22,1569,Timothy Perkins
202,101,Product A,Category 1,2,10.0,2023-12-29,1515,Jorge Valdez
9439,101,Product A,Category 1,8,10.0,2023-05-05,1567,Yvonne Banks
7662,102,Product B,Category 1,13,20.0,2023-04-29,1478,Beth Jackson
9219,102,Product B,Category 1,13,20.0,2023-03-30,1219,Kathleen White
8446,101,Product A,Category 1,8,10.0,2023-09-27,1402,Wanda Sheppard
2578,103,Product C,Category 2,12,30.0,2023-11-19,1209,Joseph Baker
1521,104,Product D,Category 2,13,40.0,2023-01-03,1092,Shawn Zimmerman
5721,102,Product B,Category 1,7,20.0,2023-01-08,1275,Terry Collins
463,104,Product D,Category 2,10,40.0,2023-02-08,1760,Elizabeth Wright
7001,102,Product B,Category 1,5,20.0,2023-10-10,1743,Roy Ryan
5205,102,Product B,Category 1,5,20.0,2023-01-14,1199,Michael Romero
3000,101,Product A,Category 1,10,10.0,2023-06-02,1635,Kevin Saunders
2501,101,Product A,Category 1,1,10.0,2023-04-19,1572,Nicholas Austin
8790,102,Product B,Category 1,6,20.0,2023-09-26,1644,Heather Leonard
3962,102,Product B,Category 1,6,20.0,2023-07-19,1334,Jennifer Burch
3947,102,Product B,Category 1,13,20.0,2023-04-23,1064,Alexis Price
8504,101,Product A,Category 1,3,10.0,2023-01-09,1138,Ashley Moore
9054,102,Product B,Category 1,3,20.0,2023-09-23,1589,Brandi Hill
9754,103,Product C,Category 2,9,30.0,2023-09-10,1293,Andrea Vega
5874,102,Product B,Category 1,3,20.0,2023-06-25,1899,Daniel Smith
5251,102,Product B,Category 1,15,20.0,2023-01-03,1180,Joshua Raymond
3625,101,Product A,Category 1,15,10.0,2023-12-15,1153,Paul George
408,102,Product B,Category 1,2,20.0,2023-05-17,1542,Christy Lynch
4699,101,Product A,Category 1,5,10.0,2023-05-19,1003,Katrina White
2569,102,Product B,Category 1,4,20.0,2023-04-06,1742,Michelle Hoover
8792,102,Product B,Category 1,4,20.0,2023-09-27,1521,Jonathan Jackson
1144,104,Product D,Category 2,3,40.0,2023-06-06,1610,Mr. Kevin Wilson Jr.
9259,104,Product D,Category 2,13,40.0,2023-10-24,1635,Kevin Saunders
8439,103,Product C,Category 2,7,30.0,2023-12-17,1377,Juan Murphy
3132,103,Product C,Category 2,4,30.0,2023-05-23,1084,Andrea Hayes
5508,104,Product D,Category 2,2,40.0,2023-12-25,1111,Christopher Smith
4372,104,Product D,Category 2,12,40.0,2023-05-20,1952,Michael Perez
44,102,Product B,Category 1,11,20.0,2023-02-18,1526,Kari Baker
5612,103,Product C,Category 2,12,30.0,2023-09-03,1255,Philip Williamson
3033,101,Product A,Category 1,4,10.0,2023-02-21,1017,Daniel Maxwell
1532,102,Product B,Category 1,6,20.0,2023-11-16,1468,Colin Wiggins
5272,102,Product B,Category 1,9,20.0,2023-05-09,1022,Linda Campbell
761,102,Product B,Category 1,9,20.0,2023-12-29,1736,Emily George
4087,101,Product A,Category 1,6,10.0,2023-12-02,1263,John Davis
8143,103,Product C,Category 2,10,30.0,2023-08-07,1655,Heather Anderson
9427,101,Product A,Category 1,3,10.0,2023-06-03,1803,Heather Jefferson
8411,101,Product A,Category 1,1,10.0,2023-03-29,1639,James Macdonald
970,102,Product B,Category 1,10,20.0,2023-11-13,1237,Jorge Fisher
237,104,Product D,Category 2,9,40.0,2023-03-29,1052,Eric Parker
7910,102,Product B,Category 1,11,20.0,2023-04-05,1180,Joshua Raymond
9098,102,Product B,Category 1,15,20.0,2023-09-19,1264,Kathleen Jones
6307,103,Product C,Category 2,8,30.0,2023-01-07,1314,Shane Garcia
3984,102,Product B,Category 1,11,20.0,2023-09-04,1894,Jamie Mcguire
4207,102,Product B,Category 1,14,20.0,2023-06-13,1466,Alex Snow
1337,101,Product A,Category 1,7,10.0,2023-04-16,1592,Taylor Dawson
8130,102,Product B,Category 1,7,20.0,2023-03-06,1956,Mrs. Sonya Jacobs MD
9040,103,Product C,Category 2,13,30.0,2023-03-08,1383,David Nielsen
5550,101,Product A,Category 1,15,10.0,2023-03-17,1055,Jennifer Giles
9732,104,Product D,Category 2,7,40.0,2023-01-22,1368,Heather Knight
7196,101,Product A,Category 1,11,10.0,2023-05-01,1839,Christopher Shelton
4774,101,Product A,Category 1,7,10.0,2023-05-14,1289,Matthew Harding
9234,104,Product D,Category 2,13,40.0,2023-03-20,1550,Robert Fox
5156,102,Product B,Category 1,13,20.0,2023-08-04,1234,Denise Martinez
6095,103,Product C,Category 2,9,30.0,2023-09-16,1998,Paul Jones
8731,102,Product B,Category 1,12,20.0,2023-08-11,1496,Ashley Williams
6563,101,Product A,Category 1,10,10.0,2023-06-17,1220,Julie Kim
2334,103,Product C,Category 2,1,30.0,2023-07-15,1057,Larry Clark
3121,101,Product A,Category 1,5,10.0,2023-06-22,1585,Heidi Luna
3378,101,Product A,Category 1,2,10.0,2023-07-03,1788,Megan Skinner
9742,101,Product A,Category 1,5,10.0,2023-07-12,1635,Kevin Saunders
7065,104,Product D,Category 2,2,40.0,2023-07-16,1683,Robert Bryant
4148,104,Product D,Category 2,4,40.0,2023-05-27,1856,Patricia Green
4638,103,Product C,Category 2,8,30.0,2023-01-27,1385,Mrs. Brandi Shaw
3601,102,Product B,Category 1,6,20.0,2023-05-24,1746,Samantha Taylor
2541,102,Product B,Category 1,1,20.0,2023-03-18,1179,Michael Sexton
9748,103,Product C,Category 2,4,30.0,2023-08-13,1904,Barbara Johnston
8029,102,Product B,Category 1,14,20.0,2023-02-17,1677,Jay Jarvis
3465,101,Product A,Category 1,5,10.0,2023-04-27,1388,Gary Williams
1154,102,Product B,Category 1,15,20.0,2023-02-21,1194,Michael Maldonado
6415,102,Product B,Category 1,13,20.0,2023-11-04,1360,Christine Marshall
7890,102,Product B,Category 1,11,20.0,2023-04-16,1692,Patricia Garcia
9859,103,Product C,Category 2,1,30.0,2023-09-23,1459,Jacob White
3282,101,Product A,Category 1,13,10.0,2023-02-11,1169,Mark Stewart
5909,101,Product A,Category 1,3,10.0,2023-02-13,1584,Richard Madden
3801,104,Product D,Category 2,7,40.0,2023-05-25,1675,Jessica Villa
5670,102,Product B,Category 1,1,20.0,2023-12-04,1340,Debra Kelly
5260,104,Product D,Category 2,2,40.0,2023-11-14,1111,Christopher Smith
9361,101,Product A,Category 1,14,10.0,2023-10-27,1734,Brian Webster
7900,102,Product B,Category 1,2,20.0,2023-09-29,1775,William Camacho
7592,102,Product B,Category 1,11,20.0,2023-02-11,1202,Joseph Stevens
472,101,Product A,Category 1,4,10.0,2023-12-12,1505,Melissa Myers
9878,103,Product C,Category 2,15,30.0,2023-11-06,1202,Joseph Stevens
9431,103,Product C,Category 2,15,30.0,2023-11-24,1536,Christopher Hanson MD
7384,102,Product B,Category 1,3,20.0,2023-09-26,1283,Luis Leonard MD
9328,104,Product D,Category 2,10,40.0,2023-11-03,1657,Carla Anderson
1640,103,Product C,Category 2,4,30.0,2023-05-17,1763,Shawn Graham
9984,104,Product D,Category 2,4,40.0,2023-07-12,1950,Gregory Dickerson
6970,101,Product A,Category 1,10,10.0,2023-01-26,1105,Kelly Gross
2305,102,Product B,Category 1,3,20.0,2023-11-13,1698,Samuel Smith
5877,103,Product C,Category 2,8,30.0,2023-09-10,1025,Tanya Walton
4546,101,Product A,Category 1,5,10.0,2023-08-01,1890,Francisco Carlson
4353,103,Product C,Category 2,11,30.0,2023-01-05,1536,Christopher Hanson MD
4365,101,Product A,Category 1,4,10.0,2023-09-24,1081,Dana Kennedy
5972,102,Product B,Category 1,10,20.0,2023-08-08,1085,Virginia Smith
6625,104,Product D,Category 2,7,40.0,2023-11-16,1862,William Carroll
7560,101,Product A,Category 1,15,10.0,2023-06-21,1199,Michael Romero
3422,102,Product B,Category 1,3,20.0,2023-06-13,1405,Gina Cain
8511,102,Product B,Category 1,15,20.0,2023-12-09,1951,Stephanie Stark
4843,104,Product D,Category 2,2,40.0,2023-09-13,1206,Sheila Perez
3410,101,Product A,Category 1,8,10.0,2023-06-15,1534,Michael Lozano
5329,103,Product C,Category 2,5,30.0,2023-12-27,1317,Sharon Kennedy
7058,102,Product B,Category 1,5,20.0,2023-05-24,1237,Jorge Fisher
9239,102,Product B,Category 1,14,20.0,2023-04-27,1541,Bianca Sutton
1048,104,Product D,Category 2,1,40.0,2023-07-29,1494,Destiny Robinson
5209,101,Product A,Category 1,12,10.0,2023-08-29,1353,Isabella Park
5680,101,Product A,Category 1,14,10.0,2023-09-15,1971,Mark Mccann
8840,104,Product D,Category 2,13,40.0,2023-03-15,1469,Michael Jones
1893,104,Product D,Category 2,7,40.0,2023-04-20,1911,Barbara Holmes
2704,104,Product D,Category 2,12,40.0,2023-07-20,1963,Kathleen Porter
6102,101,Product A,Category 1,3,10.0,2023-05-28,1697,Michelle Mendoza
1658,102,Product B,Category 1,7,20.0,2023-10-06,1011,Thomas Escobar
2736,104,Product D,Category 2,15,40.0,2023-09-19,1610,Mr. Kevin Wilson Jr.
1495,104,Product D,Category 2,3,40.0,2023-07-13,1164,Brian Mccann
7942,102,Product B,Category 1,10,20.0,2023-10-04,1337,James Bryant
2881,104,Product D,Category 2,7,40.0,2023-09-28,1722,Cody Carroll
1803,103,Product C,Category 2,2,30.0,2023-12-06,1809,Katherine King
6233,102,Product B,Category 1,5,20.0,2023-03-02,1343,Joshua Murphy
1432,102,Product B,Category 1,5,20.0,2023-02-19,1072,Maurice Peterson
5331,103,Product C,Category 2,12,30.0,2023-11-07,1320,Cheryl Kennedy
187,101,Product A,Category 1,3,10.0,2023-12-03,1421,Miss Mary Williams
6460,102,Product B,Category 1,10,20.0,2023-05-07,1802,Sarah Moses
3388,101,Product A,Category 1,7,10.0,2023-05-07,1142,Tanya Davidson
5392,101,Product A,Category 1,4,10.0,2023-11-01,1508,Brittany Walker
9996,101,Product A,Category 1,11,10.0,2023-08-23,1747,Sherri Green
1804,101,Product A,Category 1,5,10.0,2023-11-02,1190,Dr. Debra Thomas
7623,101,Product A,Category 1,11,10.0,2023-09-13,1874,Thomas Sutton
5847,104,Product D,Category 2,7,40.0,2023-04-25,1545,Bruce Martin
8815,102,Product B,Category 1,1,20.0,2023-06-11,1813,Cathy Hanna
7262,101,Product A,Category 1,10,10.0,2023-05-02,1895,Miranda Taylor
6186,102,Product B,Category 1,14,20.0,2023-02-22,1446,Suzanne Flores MD
6774,104,Product D,Category 2,12,40.0,2023-10-12,1544,Erika Bailey
7629,101,Product A,Category 1,1,10.0,2023-12-09,1949,Christopher Rodriguez
6134,101,Product A,Category 1,3,10.0,2023-04-30,1761,Gregory Hodges
7844,101,Product A,Category 1,15,10.0,2023-03-05,1402,Wanda Sheppard
1388,101,Product A,Category 1,8,10.0,2023-04-30,1020,Matthew Russell
8217,101,Product A,Category 1,4,10.0,2023-12-22,1063,Dr. Donna Shelton
3997,103,Product C,Category 2,14,30.0,2023-05-31,1296,John Walker MD
7303,102,Product B,Category 1,5,20.0,2023-06-02,1737,Colleen Mcgee
1810,103,Product C,Category 2,7,30.0,2023-01-23,1801,Katherine Delacruz
9057,102,Product B,Category 1,1,20.0,2023-04-20,1003,Katrina White
3768,104,Product D,Category 2,2,40.0,2023-05-16,1813,Cathy Hanna
7734,103,Product C,Category 2,5,30.0,2023-03-30,1579,Michele Hicks
4162,101,Product A,Category 1,8,10.0,2023-07-02,1421,Miss Mary Williams
7729,101,Product A,Category 1,2,10.0,2023-02-07,1793,Kevin Huffman
212,102,Product B,Category 1,11,20.0,2023-09-04,1063,Dr. Donna Shelton
5302,101,Product A,Category 1,10,10.0,2023-08-26,1797,Todd Black
8208,102,Product B,Category 1,12,20.0,2023-04-25,1421,Miss Mary Williams
2690,103,Product C,Category 2,8,30.0,2023-12-05,1767,Nicholas Wolf II
3507,101,Product A,Category 1,1,10.0,2023-09-25,1499,Justin Alvarado
1361,102,Product B,Category 1,10,20.0,2023-08-20,1782,Nancy Martinez
5645,104,Product D,Category 2,14,40.0,2023-09-12,1972,Jason Vasquez
9796,103,Product C,Category 2,8,30.0,2023-03-01,1506,Summer Stevens
1235,101,Product A,Category 1,3,10.0,2023-06-09,1019,James Newton
6741,101,Product A,Category 1,2,10.0,2023-04-12,1461,Julie Jensen
234,102,Product B,Category 1,15,20.0,2023-06-08,1760,Elizabeth Wright
3653,102,Product B,Category 1,14,20.0,2023-10-06,1938,Mark Carlson
7334,102,Product B,Category 1,13,20.0,2023-02-21,1067,Barbara Coleman
1193,101,Product A,Category 1,12,10.0,2023-03-20,1916,Scott Mathews
7784,102,Product B,Category 1,7,20.0,2023-02-10,1056,Mark Rangel
8918,102,Product B,Category 1,10,20.0,2023-06-27,1681,Charles Sheppard
6626,104,Product D,Category 2,2,40.0,2023-06-08,1104,Alice Anderson
7975,103,Product C,Category 2,2,30.0,2023-10-17,1866,Richard Goodman
9216,104,Product D,Category 2,9,40.0,2023-12-10,1531,Brittany Murphy
3441,102,Product B,Category 1,3,20.0,2023-11-17,1953,Billy Wilson
6640,103,Product C,Category 2,13,30.0,2023-07-09,1915,Sandra Bell
5952,101,Product A,Category 1,6,10.0,2023-10-01,1138,Ashley Moore
2316,104,Product D,Category 2,5,40.0,2023-07-18,1112,Rachel Graham
9026,101,Product A,Category 1,7,10.0,2023-09-12,1164,Brian Mccann
7527,102,Product B,Category 1,4,20.0,2023-05-17,1095,Lawrence Oneill
2648,103,Product C,Category 2,12,30.0,2023-01-07,1037,Kyle Sanchez
9432,104,Product D,Category 2,4,40.0,2023-05-28,1448,Mrs. Alisha Bowers
6137,102,Product B,Category 1,12,20.0,2023-03-02,1180,Joshua Raymond
5405,102,Product B,Category 1,12,20.0,2023-07-11,1311,Dr. Jennifer Byrd
9833,101,Product A,Category 1,15,10.0,2023-08-16,1120,Dennis Green
9153,102,Product B,Category 1,10,20.0,2023-04-09,1652,Mitchell Burch
9420,102,Product B,Category 1,10,20.0,2023-04-20,1262,Patricia Garcia
2642,104,Product D,Category 2,10,40.0,2023-02-04,1842,Christopher Martin
6608,102,Product B,Category 1,5,20.0,2023-10-26,1236,William Jones
4824,101,Product A,Category 1,15,10.0,2023-09-03,1077,Dana Evans
1934,103,Product C,Category 2,3,30.0,2023-12-07,1013,Michael Garcia
6781,102,Product B,Category 1,8,20.0,2023-06-10,1111,Christopher Smith
7873,102,Product B,Category 1,7,20.0,2023-09-04,1455,Brendan Flores
425,102,Product B,Category 1,7,20.0,2023-09-16,1994,Jennifer Thompson
2879,102,Product B,Category 1,6,20.0,2023-01-11,1838,Crystal Marsh
1912,104,Product D,Category 2,10,40.0,2023-05-03,1200,Alex Williamson
9860,102,Product B,Category 1,13,20.0,2023-09-01,1918,Mr. Wesley White
5819,101,Product A,Category 1,6,10.0,2023-10-23,1613,Philip Bowen
1525,104,Product D,Category 2,8,40.0,2023-06-06,1277,Jessica Sheppard
5657,101,Product A,Category 1,7,10.0,2023-01-27,1241,Stephanie Ramos
4891,103,Product C,Category 2,12,30.0,2023-12-26,1542,Christy Lynch
968,103,Product C,Category 2,12,30.0,2023-04-18,1946,David Ashley
7008,104,Product D,Category 2,4,40.0,2023-07-31,1442,Lori Rosales
8376,101,Product A,Category 1,7,10.0,2023-11-13,1601,Brett Cook
9677,103,Product C,Category 2,7,30.0,2023-05-27,1869,Charles Blair
36,103,Product C,Category 2,6,30.0,2023-05-16,1128,Adam Bell
8777,102,Product B,Category 1,13,20.0,2023-08-08,1150,Terri Smith
7073,104,Product D,Category 2,14,40.0,2023-11-13,1089,Nancy Ruiz
6924,101,Product A,Category 1,13,10.0,2023-06-04,1543,Patrick Williams
6898,103,Product C,Category 2,7,30.0,2023-06-27,1562,Lisa Thompson
1581,104,Product D,Category 2,9,40.0,2023-05-25,1264,Kathleen Jones
809,102,Product B,Category 1,7,20.0,2023-01-24,1407,Jennifer Brock
6109,102,Product B,Category 1,11,20.0,2023-03-03,1394,Lori Edwards
9893,102,Product B,Category 1,4,20.0,2023-03-22,1942,Joseph Martin
8026,101,Product A,Category 1,10,10.0,2023-10-31,1650,Joshua Turner
8392,101,Product A,Category 1,7,10.0,2023-02-06,1149,Matthew Love
4188,102,Product B,Category 1,11,20.0,2023-09-26,1323,Debra Hernandez
18,102,Product B,Category 1,10,20.0,2023-08-25,1553,Thomas Maynard
9193,103,Product C,Category 2,2,30.0,2023-06-03,1162,Annette Richardson
3230,102,Product B,Category 1,5,20.0,2023-04-05,1861,Matthew Orr
5648,104,Product D,Category 2,8,40.0,2023-11-03,1172,Sara Smith
6249,104,Product D,Category 2,2,40.0,2023-03-11,1649,Kimberly Hernandez
4118,101,Product A,Category 1,4,10.0,2023-08-31,1771,Rhonda Garrett
4830,102,Product B,Category 1,1,20.0,2023-10-09,1251,Christina Clark
1093,101,Product A,Category 1,9,10.0,2023-12-17,1323,Debra Hernandez
2014,101,Product A,Category 1,12,10.0,2023-08-27,1779,Rebecca Wallace
1561,102,Product B,Category 1,6,20.0,2023-09-06,1795,Devin Beck
2128,101,Product A,Category 1,2,10.0,2023-01-08,1154,Renee Guzman
6521,103,Product C,Category 2,7,30.0,2023-06-29,1222,Justin Berry
1767,103,Product C,Category 2,12,30.0,2023-11-19,1554,Robyn Trujillo
9011,101,Product A,Category 1,13,10.0,2023-10-08,1652,Mitchell Burch
5540,101,Product A,Category 1,4,10.0,2023-04-13,1957,Todd Aguilar
7256,102,Product B,Category 1,8,20.0,2023-07-30,1351,Eileen Tucker
2885,101,Product A,Category 1,6,10.0,2023-01-03,1918,Mr. Wesley White
147,103,Product C,Category 2,13,30.0,2023-11-23,1173,John Shaw
1897,103,Product C,Category 2,9,30.0,2023-03-17,1836,Sarah Murphy
183,104,Product D,Category 2,5,40.0,2023-05-22,1085,Virginia Smith
3138,102,Product B,Category 1,3,20.0,2023-09-16,1747,Sherri Green
4276,104,Product D,Category 2,1,40.0,2023-07-21,1992,Kathleen Manning
5038,104,Product D,Category 2,15,40.0,2023-05-13,1814,Kimberly Hamilton
8822,103,Product C,Category 2,14,30.0,2023-03-29,1841,Kelly Burke
29,101,Product A,Category 1,7,10.0,2023-11-22,1301,Matthew Riley
1648,103,Product C,Category 2,15,30.0,2023-05-14,1583,Susan Zimmerman
5538,103,Product C,Category 2,3,30.0,2023-12-19,1046,Zachary Gonzales
7430,104,Product D,Category 2,7,40.0,2023-11-24,1793,Kevin Huffman
9701,101,Product A,Category 1,11,10.0,2023-10-14,1891,Justin Phillips
5895,104,Product D,Category 2,11,40.0,2023-03-22,1843,Peter Garrison
6359,101,Product A,Category 1,9,10.0,2023-06-29,1174,Jacob Moore
5155,101,Product A,Category 1,5,10.0,2023-07-22,1545,Bruce Martin
6156,104,Product D,Category 2,4,40.0,2023-09-30,1357,Calvin Brock
2951,103,Product C,Category 2,4,30.0,2023-10-20,1859,Danielle Robinson
6694,104,Product D,Category 2,13,40.0,2023-12-22,1806,Rose Sanchez
5034,101,Product A,Category 1,5,10.0,2023-11-02,1725,Matthew Downs
3752,104,Product D,Category 2,12,40.0,2023-09-12,1766,Scott Howard
9723,102,Product B,Category 1,3,20.0,2023-02-28,1539,Charles Dixon
4350,103,Product C,Category 2,7,30.0,2023-02-27,1774,Nathan Brown
8467,101,Product A,Category 1,3,10.0,2023-02-10,1118,Heather Proctor
4274,103,Product C,Category 2,11,30.0,2023-07-04,1610,Mr. Kevin Wilson Jr.
8418,104,Product D,Category 2,7,40.0,2023-09-22,1198,Roberta Woods
9624,104,Product D,Category 2,6,40.0,2023-10-27,1317,Sharon Kennedy
7182,102,Product B,Category 1,2,20.0,2023-05-21,1219,Kathleen White
1344,101,Product A,Category 1,13,10.0,2023-10-15,1169,Mark Stewart
3836,102,Product B,Category 1,15,20.0,2023-05-31,1597,Michelle Robinson
8288,102,Product B,Category 1,14,20.0,2023-09-24,1951,Stephanie Stark
3073,102,Product B,Category 1,10,20.0,2023-11-18,1892,Elizabeth Mercado
4566,102,Product B,Category 1,7,20.0,2023-09-22,1702,Kimberly Ramirez
8871,101,Product A,Category 1,6,10.0,2023-05-26,1093,Lisa Hester
4571,101,Product A,Category 1,11,10.0,2023-04-08,1259,Daniel Mcmillan
9311,101,Product A,Category 1,2,10.0,2023-07-19,1539,Charles Dixon
6650,101,Product A,Category 1,4,10.0,2023-02-27,1021,Thomas Buckley
7055,102,Product B,Category 1,3,20.0,2023-08-02,1290,Angela Hanson
4400,104,Product D,Category 2,10,40.0,2023-03-15,1357,Calvin Brock
7207,101,Product A,Category 1,9,10.0,2023-06-15,1149,Matthew Love
7639,102,Product B,Category 1,4,20.0,2023-06-29,1156,Michael Roberts
4018,103,Product C,Category 2,8,30.0,2023-03-10,1491,Michael Kaufman
2719,103,Product C,Category 2,11,30.0,2023-11-10,1213,William Yates
7972,102,Product B,Category 1,12,20.0,2023-10-08,1641,Tanya Daugherty
2216,102,Product B,Category 1,15,20.0,2023-08-09,1093,Lisa Hester
8134,101,Product A,Category 1,2,10.0,2023-09-11,1439,Samantha Fields
7407,101,Product A,Category 1,3,10.0,2023-11-20,1196,Steven Simon
8590,101,Product A,Category 1,13,10.0,2023-10-22,1581,Joe Beck
6155,102,Product B,Category 1,6,20.0,2023-03-01,1797,Todd Black
2250,101,Product A,Category 1,3,10.0,2023-10-16,2001,Phillip Ballard
8105,102,Product B,Category 1,6,20.0,2023-11-03,1836,Sarah Murphy
8210,103,Product C,Category 2,1,30.0,2023-07-26,1291,Amanda Fernandez
5417,104,Product D,Category 2,7,40.0,2023-02-11,1891,Justin Phillips
986,101,Product A,Category 1,3,10.0,2023-01-23,1883,Nicole Barton
1776,101,Product A,Category 1,3,10.0,2023-12-18,1557,Nicholas Caldwell
2699,101,Product A,Category 1,5,10.0,2023-02-20,1755,Jessica Craig
7657,102,Product B,Category 1,1,20.0,2023-01-29,1316,Stacey Miller
274,104,Product D,Category 2,13,40.0,2023-02-12,1541,Bianca Sutton
6620,102,Product B,Category 1,14,20.0,2023-09-17,1648,Pamela Rhodes
3346,101,Product A,Category 1,3,10.0,2023-05-28,1593,Joseph Williamson
5779,103,Product C,Category 2,3,30.0,2023-01-02,1112,Rachel Graham
8364,102,Product B,Category 1,5,20.0,2023-05-06,1489,Renee Hines
7042,102,Product B,Category 1,6,20.0,2023-05-30,1162,Annette Richardson
4180,104,Product D,Category 2,6,40.0,2023-12-29,1398,Katherine Parker
7583,101,Product A,Category 1,8,10.0,2023-03-13,1865,David Turner
2417,102,Product B,Category 1,8,20.0,2023-02-15,1738,Sabrina Soto
7684,101,Product A,Category 1,9,10.0,2023-03-14,1725,Matthew Downs
3539,102,Product B,Category 1,14,20.0,2023-03-01,1025,Tanya Walton
6908,102,Product B,Category 1,4,20.0,2023-10-27,1908,Tony Stephens
6933,102,Product B,Category 1,11,20.0,2023-05-25,1032,Jacob Brown
7378,103,Product C,Category 2,1,30.0,2023-04-11,1847,Paul Smith
1796,101,Product A,Category 1,13,10.0,2023-07-14,1701,Jennifer Hernandez
7452,101,Product A,Category 1,3,10.0,2023-03-20,1178,Connie Garcia
5007,101,Product A,Category 1,1,10.0,2023-12-28,1313,Crystal Johns
6577,104,Product D,Category 2,7,40.0,2023-04-18,1659,Diana Taylor
2670,102,Product B,Category 1,1,20.0,2023-12-30,1451,Ashley Silva
7500,104,Product D,Category 2,13,40.0,2023-12-29,1460,Kelly Haynes
4681,104,Product D,Category 2,5,40.0,2023-10-25,1389,Michelle Lopez
2695,104,Product D,Category 2,15,40.0,2023-08-25,1967,Kristina Lyons
2135,103,Product C,Category 2,1,30.0,2023-01-12,1877,Kelsey Bell
5012,101,Product A,Category 1,10,10.0,2023-07-28,1671,Michael King
1556,103,Product C,Category 2,5,30.0,2023-03-10,1164,Brian Mccann
1859,103,Product C,Category 2,15,30.0,2023-10-08,1658,John Abbott
6753,103,Product C,Category 2,14,30.0,2023-05-31,1520,Angela Moreno
4344,101,Product A,Category 1,8,10.0,2023-10-31,2000,Molly Martin
4822,101,Product A,Category 1,11,10.0,2023-09-13,1384,Joy Kelly
670,102,Product B,Category 1,9,20.0,2023-06-29,1885,Dustin Anderson
3812,101,Product A,Category 1,2,10.0,2023-05-23,1160,Andrea Lopez
8894,104,Product D,Category 2,5,40.0,2023-08-21,1297,Russell Gomez
8449,102,Product B,Category 1,6,20.0,2023-02-21,1605,Dawn Rivera
6699,103,Product C,Category 2,5,30.0,2023-08-15,1772,Eric White
435,104,Product D,Category 2,7,40.0,2023-08-02,1036,Elijah Parks
2654,102,Product B,Category 1,2,20.0,2023-12-19,1946,David Ashley
4505,102,Product B,Category 1,11,20.0,2023-06-24,1424,Justin Snyder
2297,101,Product A,Category 1,5,10.0,2023-07-29,1005,Jesse Gonzalez
2948,102,Product B,Category 1,1,20.0,2023-08-26,1117,Sonya Byrd
5198,104,Product D,Category 2,13,40.0,2023-04-26,1599,Sean Carter
6252,102,Product B,Category 1,10,20.0,2023-06-26,1535,Rebecca Snyder
1935,101,Product A,Category 1,12,10.0,2023-04-11,1646,Tyler Nunez
9618,103,Product C,Category 2,11,30.0,2023-12-18,1805,Joshua Lozano
5071,101,Product A,Category 1,7,10.0,2023-06-13,1474,Michael Wallace
2498,101,Product A,Category 1,13,10.0,2023-01-08,1795,Devin Beck
7787,101,Product A,Category 1,4,10.0,2023-06-27,1729,Karen Moyer
6805,101,Product A,Category 1,10,10.0,2023-12-30,1125,Melissa Long
9795,104,Product D,Category 2,10,40.0,2023-11-20,1262,Patricia Garcia
9468,104,Product D,Category 2,12,40.0,2023-08-23,1323,Debra Hernandez
1160,102,Product B,Category 1,5,20.0,2023-03-17,1975,Theresa Poole
6301,101,Product A,Category 1,1,10.0,2023-08-20,1703,Lucas Gomez
8588,102,Product B,Category 1,1,20.0,2023-01-14,1016,Kayla Kelly
8059,102,Product B,Category 1,15,20.0,2023-02-09,1274,Morgan Mcdonald
1739,102,Product B,Category 1,12,20.0,2023-03-22,1346,Kelsey Martinez
6673,102,Product B,Category 1,13,20.0,2023-07-24,1216,Mason Hopkins
8084,104,Product D,Category 2,5,40.0,2023-06-03,1067,Barbara Coleman
7747,104,Product D,Category 2,4,40.0,2023-02-04,1813,Cathy Hanna
4633,102,Product B,Category 1,6,20.0,2023-06-20,1793,Kevin Huffman
9563,103,Product C,Category 2,12,30.0,2023-11-19,1377,Juan Murphy
7354,102,Product B,Category 1,8,20.0,2023-06-03,1984,Lisa Martinez
6257,101,Product A,Category 1,6,10.0,2023-02-12,1408,Jesus Williams
1624,102,Product B,Category 1,10,20.0,2023-05-20,1047,Suzanne Avila
1575,104,Product D,Category 2,12,40.0,2023-08-21,1812,Andrew Miller
708,103,Product C,Category 2,13,30.0,2023-12-11,1013,Michael Garcia
9958,101,Product A,Category 1,2,10.0,2023-02-01,1557,Nicholas Caldwell
9176,104,Product D,Category 2,4,40.0,2023-10-11,1680,Angela Jenkins
4996,103,Product C,Category 2,15,30.0,2023-07-24,1916,Scott Mathews
7237,103,Product C,Category 2,2,30.0,2023-03-11,1072,Maurice Peterson
1236,104,Product D,Category 2,9,40.0,2023-09-22,1467,Taylor Glenn
3665,103,Product C,Category 2,2,30.0,2023-07-25,1949,Christopher Rodriguez
7070,102,Product B,Category 1,10,20.0,2023-12-28,1214,Angela Davis
4923,102,Product B,Category 1,6,20.0,2023-03-30,1393,Debra Bennett
6754,101,Product A,Category 1,4,10.0,2023-10-17,1842,Christopher Martin
8478,103,Product C,Category 2,10,30.0,2023-02-06,1557,Nicholas Caldwell
2565,102,Product B,Category 1,13,20.0,2023-03-28,1171,Craig Lyons
8164,101,Product A,Category 1,4,10.0,2023-10-18,1562,Lisa Thompson
9861,104,Product D,Category 2,11,40.0,2023-08-29,1666,Guy Reed Jr.
269,101,Product A,Category 1,3,10.0,2023-11-12,1899,Daniel Smith
8680,101,Product A,Category 1,1,10.0,2023-09-15,1862,William Carroll
9626,101,Product A,Category 1,12,10.0,2023-08-01,1526,Kari Baker
7113,102,Product B,Category 1,2,20.0,2023-05-20,1017,Daniel Maxwell
3720,104,Product D,Category 2,9,40.0,2023-06-04,1860,Michael Sanford
9582,101,Product A,Category 1,4,10.0,2023-06-20,1418,Gary Gonzales
7770,104,Product D,Category 2,2,40.0,2023-05-19,1374,Cynthia Morgan
9600,104,Product D,Category 2,14,40.0,2023-08-13,1355,Tracy Shepherd
2516,103,Product C,Category 2,11,30.0,2023-10-20,1156,Michael Roberts
55,103,Product C,Category 2,15,30.0,2023-12-19,1046,Zachary Gonzales
4326,104,Product D,Category 2,12,40.0,2023-08-30,1022,Linda Campbell
8022,103,Product C,Category 2,13,30.0,2023-09-14,1068,Tina Thompson
3334,101,Product A,Category 1,5,10.0,2023-08-11,1516,Hannah Anderson
5295,104,Product D,Category 2,1,40.0,2023-09-08,1367,Elizabeth Oconnor
9343,101,Product A,Category 1,5,10.0,2023-05-07,1019,James Newton
1475,102,Product B,Category 1,13,20.0,2023-08-12,1225,Dustin Bird
4370,101,Product A,Category 1,14,10.0,2023-04-12,1722,Cody Carroll
4912,101,Product A,Category 1,7,10.0,2023-05-09,1546,Rebecca Thomas
4103,103,Product C,Category 2,11,30.0,2023-06-23,1572,Nicholas Austin
7749,103,Product C,Category 2,13,30.0,2023-08-17,1537,Steven Taylor
9115,104,Product D,Category 2,15,40.0,2023-11-17,1393,Debra Bennett
8855,104,Product D,Category 2,13,40.0,2023-08-24,1607,Brendan Smith
1677,104,Product D,Category 2,6,40.0,2023-11-17,1183,Samuel Cook
2936,101,Product A,Category 1,8,10.0,2023-03-31,1353,Isabella Park
7566,103,Product C,Category 2,10,30.0,2023-07-22,1938,Mark Carlson
5732,104,Product D,Category 2,3,40.0,2023-06-21,1281,Julian Tate
3187,102,Product B,Category 1,2,20.0,2023-03-06,1580,Cory Ross
6106,102,Product B,Category 1,9,20.0,2023-12-19,1744,Bruce Murray
9646,101,Product A,Category 1,15,10.0,2023-12-18,1142,Tanya Davidson
2313,102,Product B,Category 1,9,20.0,2023-01-23,1112,Rachel Graham
1614,103,Product C,Category 2,8,30.0,2023-09-06,1557,Nicholas Caldwell
9835,102,Product B,Category 1,14,20.0,2023-07-03,1232,Sonya Castillo
4363,102,Product B,Category 1,8,20.0,2023-10-27,1968,Jeremiah Ramirez
8081,104,Product D,Category 2,11,40.0,2023-10-06,1594,Amanda Bowers
8154,103,Product C,Category 2,14,30.0,2023-04-18,1947,Nicole Hall
2404,101,Product A,Category 1,3,10.0,2023-03-03,1792,Kelly Kelley
410,102,Product B,Category 1,1,20.0,2023-09-28,1923,Jessica Martin
6034,101,Product A,Category 1,13,10.0,2023-08-19,1328,Thomas Mcdonald
6820,104,Product D,Category 2,10,40.0,2023-03-16,1818,Alice Dunn
21,101,Product A,Category 1,9,10.0,2023-09-04,1724,Kevin Copeland
5431,102,Product B,Category 1,7,20.0,2023-01-15,1757,Cynthia King
6199,102,Product B,Category 1,10,20.0,2023-02-11,1258,Kelsey Gill
9174,104,Product D,Category 2,3,40.0,2023-09-02,1402,Wanda Sheppard
937,102,Product B,Category 1,7,20.0,2023-05-06,1885,Dustin Anderson
1470,102,Product B,Category 1,2,20.0,2023-10-26,1530,Christina Santiago
1759,101,Product A,Category 1,9,10.0,2023-08-04,1316,Stacey Miller
5475,101,Product A,Category 1,13,10.0,2023-06-24,1939,Donna Ayala
1789,102,Product B,Category 1,1,20.0,2023-03-09,1646,Tyler Nunez
9014,104,Product D,Category 2,15,40.0,2023-08-10,1577,Christopher Hampton
8206,102,Product B,Category 1,4,20.0,2023-02-12,1404,Mr. Anthony Palmer
2458,101,Product A,Category 1,4,10.0,2023-10-21,1594,Amanda Bowers
7588,102,Product B,Category 1,3,20.0,2023-11-30,1487,Allen Montes
3974,103,Product C,Category 2,5,30.0,2023-01-29,1491,Michael Kaufman
70,101,Product A,Category 1,9,10.0,2023-03-17,1729,Karen Moyer
3093,101,Product A,Category 1,4,10.0,2023-04-28,1740,Jesse Miller
9865,101,Product A,Category 1,5,10.0,2023-06-30,1237,Jorge Fisher
2585,101,Product A,Category 1,14,10.0,2023-11-03,1877,Kelsey Bell
3113,104,Product D,Category 2,13,40.0,2023-07-08,1396,Daniel Taylor
9900,104,Product D,Category 2,3,40.0,2023-05-12,1887,Diane Bauer
6042,101,Product A,Category 1,3,10.0,2023-06-14,1848,Amber Campbell
8496,101,Product A,Category 1,15,10.0,2023-11-14,1261,Jaime Farmer
221,102,Product B,Category 1,7,20.0,2023-01-06,1921,Kurt Tucker
1336,101,Product A,Category 1,4,10.0,2023-10-30,1941,William Carroll
7856,102,Product B,Category 1,4,20.0,2023-05-26,1897,Sean Galloway
1733,101,Product A,Category 1,6,10.0,2023-04-30,1654,Suzanne Johnson
7488,101,Product A,Category 1,4,10.0,2023-04-09,1545,Bruce Martin
5254,101,Product A,Category 1,8,10.0,2023-10-11,1408,Jesus Williams
2490,101,Product A,Category 1,4,10.0,2023-12-03,1014,Christine Roman
1326,102,Product B,Category 1,6,20.0,2023-11-03,1868,James Martinez
464,101,Product A,Category 1,1,10.0,2023-04-03,1233,Robert Hahn
8473,101,Product A,Category 1,10,10.0,2023-10-26,1704,David Sanders
555,104,Product D,Category 2,9,40.0,2023-01-19,1999,Diane Steele
379,102,Product B,Category 1,15,20.0,2023-03-19,1174,Jacob Moore
3894,101,Product A,Category 1,4,10.0,2023-12-30,1571,Robert Keller
5748,104,Product D,Category 2,13,40.0,2023-01-16,1487,Allen Montes
2574,103,Product C,Category 2,3,30.0,2023-09-19,1012,Lee Randolph
1863,102,Product B,Category 1,12,20.0,2023-11-01,1189,Alyssa Delacruz
3209,102,Product B,Category 1,9,20.0,2023-06-30,1028,Jeffrey Smith
4349,101,Product A,Category 1,2,10.0,2023-08-23,1158,Diana Woods
6728,102,Product B,Category 1,15,20.0,2023-08-12,1127,William Vega
8649,101,Product A,Category 1,7,10.0,2023-06-09,1871,Brent Garcia
3385,101,Product A,Category 1,5,10.0,2023-10-07,1599,Sean Carter
2188,101,Product A,Category 1,15,10.0,2023-09-15,1690,Ashley Ali
6955,103,Product C,Category 2,15,30.0,2023-06-30,1758,Dr. Adam Hudson MD
2125,102,Product B,Category 1,3,20.0,2023-07-17,1883,Nicole Barton
3004,102,Product B,Category 1,15,20.0,2023-08-16,1694,Kyle Tapia
7421,101,Product A,Category 1,14,10.0,2023-08-30,1646,Tyler Nunez
7121,102,Product B,Category 1,10,20.0,2023-05-20,1539,Charles Dixon
6343,101,Product A,Category 1,6,10.0,2023-04-24,1720,Laura Smith
8267,101,Product A,Category 1,3,10.0,2023-07-09,1351,Eileen Tucker
5752,103,Product C,Category 2,1,30.0,2023-06-19,1486,Jonathan Rodriguez
4216,103,Product C,Category 2,6,30.0,2023-04-15,1569,Timothy Perkins
6098,101,Product A,Category 1,15,10.0,2023-06-27,1978,James Boyer
9573,104,Product D,Category 2,14,40.0,2023-07-02,1399,Eric Smith
6769,102,Product B,Category 1,4,20.0,2023-02-25,1012,Lee Randolph
5505,102,Product B,Category 1,5,20.0,2023-06-30,1215,Lisa Sanders
1032,101,Product A,Category 1,14,10.0,2023-04-27,1630,Susan Short
3295,102,Product B,Category 1,7,20.0,2023-04-08,1738,Sabrina Soto
6449,103,Product C,Category 2,7,30.0,2023-09-13,1792,Kelly Kelley
8893,102,Product B,Category 1,6,20.0,2023-09-01,1480,Kimberly Johnson
4977,102,Product B,Category 1,6,20.0,2023-11-11,1919,Erica Russell
5684,102,Product B,Category 1,14,20.0,2023-09-01,1908,Tony Stephens
95,103,Product C,Category 2,12,30.0,2023-07-13,1191,Gabriella Bennett
8107,101,Product A,Category 1,11,10.0,2023-06-04,1993,Morgan Santiago
4331,103,Product C,Category 2,8,30.0,2023-01-24,1766,Scott Howard
5087,102,Product B,Category 1,8,20.0,2023-05-14,1322,Janet Estrada
3931,104,Product D,Category 2,5,40.0,2023-05-27,1564,Brooke Howard
2010,104,Product D,Category 2,15,40.0,2023-05-08,1751,Debbie Roth
9065,102,Product B,Category 1,8,20.0,2023-03-23,1204,Keith Knight
7955,102,Product B,Category 1,3,20.0,2023-09-30,1120,Dennis Green
4112,102,Product B,Category 1,6,20.0,2023-10-14,1990,Tiffany Horne
8191,102,Product B,Category 1,15,20.0,2023-03-28,1907,Whitney Carrillo
9181,104,Product D,Category 2,9,40.0,2023-06-02,1357,Calvin Brock
238,102,Product B,Category 1,12,20.0,2023-09-28,1880,Jody Cain
7075,103,Product C,Category 2,9,30.0,2023-06-28,1460,Kelly Haynes
6848,102,Product B,Category 1,10,20.0,2023-10-26,1570,Andre Patel
9640,104,Product D,Category 2,15,40.0,2023-11-23,1936,Heather Gordon
643,102,Product B,Category 1,8,20.0,2023-05-27,1305,Jennifer Gordon
1979,103,Product C,Category 2,1,30.0,2023-09-11,1169,Mark Stewart
7310,101,Product A,Category 1,1,10.0,2023-10-14,1011,Thomas Escobar
2044,101,Product A,Category 1,8,10.0,2023-07-26,1822,Patricia Ramos
8622,101,Product A,Category 1,8,10.0,2023-11-20,1048,Jessica Smith
5305,101,Product A,Category 1,7,10.0,2023-11-08,1223,Briana Clark
2919,102,Product B,Category 1,9,20.0,2023-03-05,1236,William Jones
9832,101,Product A,Category 1,7,10.0,2023-02-28,1899,Daniel Smith
267,102,Product B,Category 1,1,20.0,2023-06-14,1284,Jessica Miles
4032,102,Product B,Category 1,10,20.0,2023-03-18,1179,Michael Sexton
5887,103,Product C,Category 2,10,30.0,2023-08-28,1611,Matthew Lucas
3938,102,Product B,Category 1,8,20.0,2023-05-05,1917,Robert Rivera
6726,104,Product D,Category 2,9,40.0,2023-04-22,1402,Wanda Sheppard
731,103,Product C,Category 2,5,30.0,2023-12-01,1709,Nicholas Pena
4071,103,Product C,Category 2,1,30.0,2023-11-29,1380,Matthew Kramer
6164,101,Product A,Category 1,9,10.0,2023-12-29,1902,Michelle Walters
4519,101,Product A,Category 1,10,10.0,2023-10-15,1563,Lori Wall
738,101,Product A,Category 1,15,10.0,2023-02-13,1682,Evan Garcia
4665,101,Product A,Category 1,3,10.0,2023-01-31,1871,Brent Garcia
6555,102,Product B,Category 1,2,20.0,2023-05-25,1795,Devin Beck
3814,101,Product A,Category 1,5,10.0,2023-01-13,1831,Jenny Perez
1874,102,Product B,Category 1,11,20.0,2023-09-22,1182,Zachary Ward
8561,101,Product A,Category 1,14,10.0,2023-10-04,1533,Julie Richardson
7363,103,Product C,Category 2,13,30.0,2023-09-17,1352,Monica Liu
6830,102,Product B,Category 1,13,20.0,2023-10-04,1331,Katherine Oliver
80,102,Product B,Category 1,5,20.0,2023-04-02,1275,Terry Collins
9890,102,Product B,Category 1,4,20.0,2023-08-24,1220,Julie Kim
4662,103,Product C,Category 2,7,30.0,2023-01-13,1616,Jonathan Morrow
3811,101,Product A,Category 1,13,10.0,2023-08-22,1012,Lee Randolph
6722,101,Product A,Category 1,1,10.0,2023-10-16,1592,Taylor Dawson
8764,102,Product B,Category 1,1,20.0,2023-08-23,1889,Scott Garcia
2799,102,Product B,Category 1,2,20.0,2023-09-29,1452,Heather Payne
485,104,Product D,Category 2,7,40.0,2023-02-05,1032,Jacob Brown
2042,101,Product A,Category 1,14,10.0,2023-10-01,1363,Sylvia Williams
3985,102,Product B,Category 1,8,20.0,2023-09-14,1276,Kevin Le
9320,101,Product A,Category 1,15,10.0,2023-05-05,1825,Andrew Sweeney
2720,101,Product A,Category 1,3,10.0,2023-03-25,1682,Evan Garcia
2253,101,Product A,Category 1,6,10.0,2023-02-12,1889,Scott Garcia
9238,103,Product C,Category 2,15,30.0,2023-01-05,1156,Michael Roberts
4359,101,Product A,Category 1,15,10.0,2023-02-03,1909,Billy Rowland
4431,102,Product B,Category 1,12,20.0,2023-08-01,1279,Monique Orr
1002,104,Product D,Category 2,14,40.0,2023-01-28,1356,Chris Kelley
8366,101,Product A,Category 1,4,10.0,2023-06-27,1505,Melissa Myers
9864,101,Product A,Category 1,12,10.0,2023-03-23,1084,Andrea Hayes
7186,103,Product C,Category 2,8,30.0,2023-04-30,1706,Susan Adams
3926,102,Product B,Category 1,1,20.0,2023-05-19,1397,Shannon Molina
7783,103,Product C,Category 2,3,30.0,2023-07-13,1180,Joshua Raymond
1407,102,Product B,Category 1,4,20.0,2023-07-03,1161,Douglas Ortega
2430,104,Product D,Category 2,12,40.0,2023-08-23,1967,Kristina Lyons
8079,102,Product B,Category 1,7,20.0,2023-03-11,1416,Holly Graves
559,102,Product B,Category 1,12,20.0,2023-07-08,1630,Susan Short
5196,102,Product B,Category 1,13,20.0,2023-09-30,1592,Taylor Dawson
2442,104,Product D,Category 2,3,40.0,2023-02-16,1521,Jonathan Jackson
5786,102,Product B,Category 1,13,20.0,2023-03-27,1324,Tammy Clark
5551,102,Product B,Category 1,7,20.0,2023-09-02,1055,Jennifer Giles
4597,101,Product A,Category 1,7,10.0,2023-04-26,1407,Jennifer Brock
3,101,Product A,Category 1,12,10.0,2023-03-17,1944,Jeremy Novak
5769,104,Product D,Category 2,11,40.0,2023-03-16,1779,Rebecca Wallace
8334,102,Product B,Category 1,1,20.0,2023-10-12,1118,Heather Proctor
1519,102,Product B,Category 1,8,20.0,2023-09-18,1566,Linda Henderson
7720,101,Product A,Category 1,1,10.0,2023-02-05,1972,Jason Vasquez
4377,101,Product A,Category 1,14,10.0,2023-10-11,1302,Michelle Jones
1856,103,Product C,Category 2,8,30.0,2023-11-29,1483,Tammy Martinez
3235,102,Product B,Category 1,9,20.0,2023-03-21,1336,Michael Richard
4684,101,Product A,Category 1,2,10.0,2023-12-21,1092,Shawn Zimmerman
5149,103,Product C,Category 2,6,30.0,2023-04-16,1644,Heather Leonard
9386,102,Product B,Category 1,1,20.0,2023-05-26,1653,George Harris
5888,102,Product B,Category 1,2,20.0,2023-10-23,1916,Scott Mathews
3626,101,Product A,Category 1,3,10.0,2023-08-27,1755,Jessica Craig
5489,104,Product D,Category 2,7,40.0,2023-01-02,1721,Jordan Curtis
458,101,Product A,Category 1,9,10.0,2023-05-30,1043,Danielle Bell
8853,104,Product D,Category 2,10,40.0,2023-04-16,1730,Jasmine Espinoza
7301,103,Product C,Category 2,5,30.0,2023-04-14,1571,Robert Keller
647,102,Product B,Category 1,15,20.0,2023-03-25,1091,Christine Monroe
4491,101,Product A,Category 1,5,10.0,2023-06-07,1550,Robert Fox
2072,101,Product A,Category 1,11,10.0,2023-11-15,1283,Luis Leonard MD
2767,101,Product A,Category 1,9,10.0,2023-03-30,1334,Jennifer Burch
7538,101,Product A,Category 1,9,10.0,2023-03-30,1522,Jack Medina
1807,102,Product B,Category 1,14,20.0,2023-09-06,1419,Maria Wallace
3341,101,Product A,Category 1,12,10.0,2023-02-15,1918,Mr. Wesley White
8119,102,Product B,Category 1,7,20.0,2023-06-30,1111,Christopher Smith
4553,101,Product A,Category 1,2,10.0,2023-08-10,1306,Jim Gregory
7833,103,Product C,Category 2,15,30.0,2023-03-08,1104,Alice Anderson
4661,104,Product D,Category 2,1,40.0,2023-08-13,1758,Dr. Adam Hudson MD
6000,103,Product C,Category 2,2,30.0,2023-05-20,1390,Danielle Cross
6319,104,Product D,Category 2,5,40.0,2023-07-22,1615,Meagan Hutchinson
9529,104,Product D,Category 2,6,40.0,2023-02-23,1631,John Morris
1060,103,Product C,Category 2,1,30.0,2023-08-12,1312,Sharon Singleton
5187,102,Product B,Category 1,13,20.0,2023-06-05,1387,Gregory Phelps
6509,103,Product C,Category 2,8,30.0,2023-07-05,1647,Ronald Murphy
4325,101,Product A,Category 1,9,10.0,2023-03-18,1787,Tiffany Walker
2168,102,Product B,Category 1,4,20.0,2023-08-04,1337,James Bryant
9551,104,Product D,Category 2,15,40.0,2023-08-07,1350,William Joseph
7634,101,Product A,Category 1,13,10.0,2023-05-11,1486,Jonathan Rodriguez
8086,102,Product B,Category 1,14,20.0,2023-11-12,1611,Matthew Lucas
7669,102,Product B,Category 1,12,20.0,2023-07-27,1513,Maria Barker
886,103,Product C,Category 2,6,30.0,2023-11-03,1327,James Stephens
2154,102,Product B,Category 1,13,20.0,2023-06-15,1726,Andrea Shah
5067,102,Product B,Category 1,4,20.0,2023-10-09,1970,Laura Fox
7198,102,Product B,Category 1,15,20.0,2023-04-16,1086,Angela Cunningham
154,104,Product D,Category 2,7,40.0,2023-01-04,1098,Brian Martin
8408,102,Product B,Category 1,3,20.0,2023-07-23,1869,Charles Blair
2390,103,Product C,Category 2,7,30.0,2023-09-05,1353,Isabella Park
6010,103,Product C,Category 2,9,30.0,2023-01-22,1672,Jennifer Lowe
524,104,Product D,Category 2,4,40.0,2023-09-23,1076,Mike Barnett
9172,103,Product C,Category 2,3,30.0,2023-09-08,1553,Thomas Maynard
7879,102,Product B,Category 1,6,20.0,2023-09-27,1566,Linda Henderson
4857,104,Product D,Category 2,12,40.0,2023-11-09,1300,Barbara Peterson
448,102,Product B,Category 1,15,20.0,2023-05-31,1051,Deborah Campbell
6827,101,Product A,Category 1,6,10.0,2023-09-25,1219,Kathleen White
5247,101,Product A,Category 1,5,10.0,2023-02-05,1265,Charles Nguyen
1031,103,Product C,Category 2,3,30.0,2023-02-07,1158,Diana Woods
9522,101,Product A,Category 1,2,10.0,2023-04-11,1876,Dustin Fletcher
945,103,Product C,Category 2,2,30.0,2023-03-26,1789,Jennifer Edwards
750,102,Product B,Category 1,9,20.0,2023-07-13,1165,Ryan Rodriguez
8281,104,Product D,Category 2,15,40.0,2023-06-26,1571,Robert Keller
1120,101,Product A,Category 1,14,10.0,2023-11-27,1176,Christina Wagner
8560,101,Product A,Category 1,15,10.0,2023-06-09,1868,James Martinez
3400,103,Product C,Category 2,3,30.0,2023-01-27,1413,Patrick Chung
90,101,Product A,Category 1,11,10.0,2023-12-20,1862,William Carroll
3050,102,Product B,Category 1,2,20.0,2023-01-15,1566,Linda Henderson
1405,102,Product B,Category 1,5,20.0,2023-05-14,1053,Hannah Mclaughlin
6384,101,Product A,Category 1,9,10.0,2023-08-30,1345,Karen West
3234,101,Product A,Category 1,4,10.0,2023-06-19,1456,Laura Vance
1660,101,Product A,Category 1,3,10.0,2023-05-30,1317,Sharon Kennedy
5097,101,Product A,Category 1,8,10.0,2023-06-02,1885,Dustin Anderson
756,101,Product A,Category 1,2,10.0,2023-09-13,1503,Kenneth Young
7290,103,Product C,Category 2,10,30.0,2023-02-08,1337,James Bryant
5416,102,Product B,Category 1,5,20.0,2023-11-19,1352,Monica Liu
5479,101,Product A,Category 1,11,10.0,2023-07-23,1844,Sarah Smith
4286,104,Product D,Category 2,12,40.0,2023-12-18,1594,Amanda Bowers
4117,104,Product D,Category 2,4,40.0,2023-04-02,1190,Dr. Debra Thomas
808,103,Product C,Category 2,9,30.0,2023-08-11,1899,Daniel Smith
5151,104,Product D,Category 2,8,40.0,2023-09-19,1413,Patrick Chung
3001,102,Product B,Category 1,15,20.0,2023-02-01,1976,Joshua Parker
3789,104,Product D,Category 2,13,40.0,2023-09-01,1185,Crystal Dalton
9134,103,Product C,Category 2,3,30.0,2023-07-07,1001,Laura Brooks
694,104,Product D,Category 2,2,40.0,2023-06-12,1962,Kaitlyn Douglas
1231,102,Product B,Category 1,5,20.0,2023-02-10,1430,Pamela Pena DDS
6846,102,Product B,Category 1,1,20.0,2023-12-09,1132,Matthew Williams
181,103,Product C,Category 2,1,30.0,2023-02-28,1962,Kaitlyn Douglas
2148,103,Product C,Category 2,2,30.0,2023-09-02,1899,Daniel Smith
6984,101,Product A,Category 1,6,10.0,2023-12-27,1100,Sarah Evans
1178,102,Product B,Category 1,12,20.0,2023-06-19,1901,Tammy Kennedy
6887,102,Product B,Category 1,6,20.0,2023-11-06,1665,Michele Sharp
1720,103,Product C,Category 2,1,30.0,2023-07-04,1255,Philip Williamson
3094,104,Product D,Category 2,5,40.0,2023-11-23,1645,Scott Shaffer
8468,101,Product A,Category 1,12,10.0,2023-08-21,1649,Kimberly Hernandez
6373,102,Product B,Category 1,15,20.0,2023-03-30,1340,Debra Kelly
143,103,Product C,Category 2,4,30.0,2023-04-30,1206,Sheila Perez
7188,101,Product A,Category 1,11,10.0,2023-02-12,1769,Ricky Soto
9072,104,Product D,Category 2,1,40.0,2023-07-11,1246,Jerry Stephens
7600,101,Product A,Category 1,5,10.0,2023-08-03,1401,April Ramirez
8882,101,Product A,Category 1,10,10.0,2023-08-26,1203,Joseph Larson
9404,101,Product A,Category 1,3,10.0,2023-11-26,1037,Kyle Sanchez
5052,102,Product B,Category 1,9,20.0,2023-07-20,1794,Amanda Wells
5144,104,Product D,Category 2,5,40.0,2023-02-24,1936,Heather Gordon
9489,101,Product A,Category 1,8,10.0,2023-12-20,1348,Wendy Small
8027,102,Product B,Category 1,6,20.0,2023-07-05,1039,Matthew Garza
8954,102,Product B,Category 1,6,20.0,2023-02-27,1145,James Bauer
5294,102,Product B,Category 1,12,20.0,2023-03-17,1644,Heather Leonard
2702,103,Product C,Category 2,1,30.0,2023-01-16,1653,George Harris
9444,102,Product B,Category 1,2,20.0,2023-04-23,1388,Gary Williams
9760,102,Product B,Category 1,13,20.0,2023-04-27,1296,John Walker MD
1554,102,Product B,Category 1,2,20.0,2023-06-10,1328,Thomas Mcdonald
3494,103,Product C,Category 2,7,30.0,2023-10-17,1336,Michael Richard
3109,102,Product B,Category 1,1,20.0,2023-01-23,1776,Deborah Hubbard
2030,104,Product D,Category 2,8,40.0,2023-06-29,1857,Jessica Oconnor
281,103,Product C,Category 2,3,30.0,2023-01-10,1893,Lisa Glover
6981,101,Product A,Category 1,13,10.0,2023-09-30,1752,Tammy Parrish
7928,103,Product C,Category 2,12,30.0,2023-10-06,1288,Hannah Stevens
4424,101,Product A,Category 1,14,10.0,2023-12-18,1659,Diana Taylor
7308,102,Product B,Category 1,15,20.0,2023-04-13,1389,Michelle Lopez
4624,102,Product B,Category 1,13,20.0,2023-05-10,1147,Kevin Larson
5633,102,Product B,Category 1,8,20.0,2023-09-05,1941,William Carroll
5904,102,Product B,Category 1,6,20.0,2023-07-19,1453,Robert Nelson
8949,104,Product D,Category 2,14,40.0,2023-02-24,1068,Tina Thompson
260,101,Product A,Category 1,10,10.0,2023-04-19,1265,Charles Nguyen
5462,103,Product C,Category 2,4,30.0,2023-04-29,1597,Michelle Robinson
5539,102,Product B,Category 1,6,20.0,2023-08-22,1676,Craig Conner
2872,101,Product A,Category 1,9,10.0,2023-11-23,1985,Latoya Campbell
2960,103,Product C,Category 2,2,30.0,2023-02-22,1215,Lisa Sanders
2279,104,Product D,Category 2,2,40.0,2023-01-04,1884,Donald Davis
920,101,Product A,Category 1,7,10.0,2023-01-20,1544,Erika Bailey
8995,101,Product A,Category 1,5,10.0,2023-01-02,1195,Robert Ellis
2053,102,Product B,Category 1,7,20.0,2023-09-17,1399,Eric Smith
4948,101,Product A,Category 1,6,10.0,2023-09-27,1228,Terrance Novak
5265,102,Product B,Category 1,3,20.0,2023-10-22,1995,Kevin Burns
4600,103,Product C,Category 2,12,30.0,2023-07-11,1662,Tracy Leach
3349,101,Product A,Category 1,14,10.0,2023-11-10,1811,Ryan Webb
1270,103,Product C,Category 2,15,30.0,2023-11-10,1758,Dr. Adam Hudson MD
7193,101,Product A,Category 1,9,10.0,2023-04-29,1845,Jennifer Rosales
8642,101,Product A,Category 1,12,10.0,2023-05-31,1482,Amanda Ayers
6921,101,Product A,Category 1,8,10.0,2023-05-16,1764,John Caldwell
6624,104,Product D,Category 2,10,40.0,2023-10-03,1840,Ian Perkins
5816,101,Product A,Category 1,14,10.0,2023-08-17,1732,Benjamin Zhang
1882,102,Product B,Category 1,1,20.0,2023-03-27,1901,Tammy Kennedy
467,102,Product B,Category 1,12,20.0,2023-12-07,1754,Michael Potter
1809,101,Product A,Category 1,10,10.0,2023-12-11,1121,Frank West
4288,103,Product C,Category 2,6,30.0,2023-09-28,1058,Thomas Johnson
6192,102,Product B,Category 1,5,20.0,2023-11-16,1742,Michelle Hoover
3553,102,Product B,Category 1,12,20.0,2023-02-11,1690,Ashley Ali
8719,101,Product A,Category 1,3,10.0,2023-03-23,1006,Douglas Willis
169,102,Product B,Category 1,6,20.0,2023-08-05,1303,Ashley Lopez
9734,103,Product C,Category 2,12,30.0,2023-07-31,1990,Tiffany Horne
8224,102,Product B,Category 1,13,20.0,2023-07-26,1283,Luis Leonard MD
7162,104,Product D,Category 2,3,40.0,2023-09-20,1299,Michael Moreno
215,101,Product A,Category 1,10,10.0,2023-07-03,1360,Christine Marshall
2896,101,Product A,Category 1,12,10.0,2023-12-04,1455,Brendan Flores
1408,104,Product D,Category 2,8,40.0,2023-09-30,1520,Angela Moreno
5800,102,Product B,Category 1,2,20.0,2023-03-24,1151,Thomas Romero
717,103,Product C,Category 2,11,30.0,2023-07-15,1527,Brandon Howell
8182,102,Product B,Category 1,5,20.0,2023-12-30,1570,Andre Patel
4039,104,Product D,Category 2,9,40.0,2023-03-30,1020,Matthew Russell
9406,101,Product A,Category 1,12,10.0,2023-05-28,1757,Cynthia King
3424,102,Product B,Category 1,7,20.0,2023-01-29,1994,Jennifer Thompson
8038,104,Product D,Category 2,4,40.0,2023-03-16,1300,Barbara Peterson
5290,101,Product A,Category 1,14,10.0,2023-10-21,1899,Daniel Smith
1573,102,Product B,Category 1,5,20.0,2023-10-03,1819,Michele Hamilton
909,102,Product B,Category 1,13,20.0,2023-02-27,1761,Gregory Hodges
4968,102,Product B,Category 1,10,20.0,2023-09-24,1404,Mr. Anthony Palmer
4694,104,Product D,Category 2,4,40.0,2023-07-14,1859,Danielle Robinson
1684,101,Product A,Category 1,7,10.0,2023-12-08,1025,Tanya Walton
1701,104,Product D,Category 2,7,40.0,2023-10-05,1698,Samuel Smith
9394,101,Product A,Category 1,13,10.0,2023-05-25,1482,Amanda Ayers
9380,102,Product B,Category 1,4,20.0,2023-01-04,1686,Anthony Perez
3153,104,Product D,Category 2,15,40.0,2023-11-13,1669,Tyrone Allen
9674,102,Product B,Category 1,9,20.0,2023-02-12,1814,Kimberly Hamilton
6448,102,Product B,Category 1,4,20.0,2023-11-17,1797,Todd Black
4660,104,Product D,Category 2,11,40.0,2023-05-22,1067,Barbara Coleman
6079,102,Product B,Category 1,9,20.0,2023-01-08,1632,James Guerrero
8109,101,Product A,Category 1,1,10.0,2023-03-18,1393,Debra Bennett
6268,102,Product B,Category 1,11,20.0,2023-06-20,1308,Amy Barber
5896,101,Product A,Category 1,3,10.0,2023-02-23,1126,Anthony Kaiser
1461,103,Product C,Category 2,13,30.0,2023-10-08,1583,Susan Zimmerman
2504,101,Product A,Category 1,10,10.0,2023-06-18,1868,James Martinez
684,104,Product D,Category 2,1,40.0,2023-02-24,1341,Craig Blake
9407,104,Product D,Category 2,6,40.0,2023-03-30,1151,Thomas Romero
204,101,Product A,Category 1,8,10.0,2023-06-29,1394,Lori Edwards
6433,101,Product A,Category 1,9,10.0,2023-06-21,1670,Isaac Solis
8983,102,Product B,Category 1,1,20.0,2023-07-28,1522,Jack Medina
1237,101,Product A,Category 1,14,10.0,2023-02-11,1073,Darrell Malone
1238,102,Product B,Category 1,13,20.0,2023-05-23,1071,Carl Evans
1291,102,Product B,Category 1,1,20.0,2023-12-02,1144,Danielle Macias
2660,102,Product B,Category 1,7,20.0,2023-11-25,1591,Jennifer Ford
6491,104,Product D,Category 2,10,40.0,2023-08-15,1912,Joann Brown
2990,104,Product D,Category 2,1,40.0,2023-08-07,1690,Ashley Ali
512,101,Product A,Category 1,9,10.0,2023-08-07,1866,Richard Goodman
254,103,Product C,Category 2,4,30.0,2023-11-30,1793,Kevin Huffman
2102,102,Product B,Category 1,3,20.0,2023-11-23,1369,Carolyn Collins
7078,103,Product C,Category 2,8,30.0,2023-02-28,1672,Jennifer Lowe
3114,102,Product B,Category 1,11,20.0,2023-04-30,1740,Jesse Miller
8781,101,Product A,Category 1,11,10.0,2023-05-19,1091,Christine Monroe
9567,101,Product A,Category 1,11,10.0,2023-11-02,1768,Thomas Cole
6940,103,Product C,Category 2,8,30.0,2023-02-28,1629,Alexander Ramirez
216,103,Product C,Category 2,10,30.0,2023-08-29,1515,Jorge Valdez
8600,103,Product C,Category 2,13,30.0,2023-06-20,1122,Kristopher Lee
4268,101,Product A,Category 1,9,10.0,2023-10-30,1915,Sandra Bell
9604,101,Product A,Category 1,8,10.0,2023-01-22,1314,Shane Garcia
7372,101,Product A,Category 1,10,10.0,2023-08-20,1981,Elizabeth Peters
6476,101,Product A,Category 1,8,10.0,2023-08-02,1349,Teresa Chung
1023,101,Product A,Category 1,7,10.0,2023-07-02,1944,Jeremy Novak
9032,101,Product A,Category 1,4,10.0,2023-05-10,1119,Matthew Rogers
9938,103,Product C,Category 2,4,30.0,2023-06-10,1600,Kimberly Gallegos
2190,101,Product A,Category 1,9,10.0,2023-12-08,1939,Donna Ayala
124,103,Product C,Category 2,3,30.0,2023-04-24,1683,Robert Bryant
9501,104,Product D,Category 2,7,40.0,2023-09-30,1518,Luis Keller
4588,102,Product B,Category 1,6,20.0,2023-10-14,1041,Colleen Roberts
8843,103,Product C,Category 2,1,30.0,2023-12-14,1463,Tiffany Luna
2218,103,Product C,Category 2,5,30.0,2023-07-24,1360,Christine Marshall
9355,101,Product A,Category 1,4,10.0,2023-03-16,1294,Tammy Robinson
7119,102,Product B,Category 1,4,20.0,2023-11-25,1337,James Bryant
8677,101,Product A,Category 1,5,10.0,2023-05-05,1573,Jimmy Blanchard
7317,103,Product C,Category 2,7,30.0,2023-11-19,1895,Miranda Taylor
335,103,Product C,Category 2,7,30.0,2023-12-07,1352,Monica Liu
6752,103,Product C,Category 2,1,30.0,2023-11-06,1217,Jessica Harper
8144,101,Product A,Category 1,1,10.0,2023-03-25,1909,Billy Rowland
299,101,Product A,Category 1,7,10.0,2023-12-08,1052,Eric Parker
4873,103,Product C,Category 2,10,30.0,2023-05-10,1376,William Lewis
2645,102,Product B,Category 1,13,20.0,2023-04-09,1905,Christopher Horne
786,103,Product C,Category 2,3,30.0,2023-05-03,1792,Kelly Kelley
3585,102,Product B,Category 1,4,20.0,2023-09-24,1155,Mark Sanchez
4826,103,Product C,Category 2,11,30.0,2023-08-07,1030,Craig Smith
308,102,Product B,Category 1,2,20.0,2023-10-12,1999,Diane Steele
905,104,Product D,Category 2,5,40.0,2023-09-29,1162,Annette Richardson
1426,101,Product A,Category 1,3,10.0,2023-04-24,1033,Tammy Jones
1750,104,Product D,Category 2,10,40.0,2023-03-08,1354,Tiffany Franklin
6297,101,Product A,Category 1,9,10.0,2023-06-12,1098,Brian Martin
9928,101,Product A,Category 1,14,10.0,2023-12-26,1179,Michael Sexton
1419,101,Product A,Category 1,12,10.0,2023-07-12,1451,Ashley Silva
533,102,Product B,Category 1,7,20.0,2023-03-06,1166,Emma Sosa
627,103,Product C,Category 2,8,30.0,2023-01-24,1611,Matthew Lucas
2993,101,Product A,Category 1,12,10.0,2023-02-18,1202,Joseph Stevens
5756,101,Product A,Category 1,5,10.0,2023-07-16,2001,Phillip Ballard
9350,102,Product B,Category 1,10,20.0,2023-09-14,1514,Julia Brown
2019,101,Product A,Category 1,13,10.0,2023-03-23,1103,Ryan Turner
6296,101,Product A,Category 1,2,10.0,2023-07-06,1191,Gabriella Bennett
4641,103,Product C,Category 2,14,30.0,2023-01-18,1897,Sean Galloway
4680,104,Product D,Category 2,2,40.0,2023-11-02,1652,Mitchell Burch
595,102,Product B,Category 1,5,20.0,2023-07-06,1295,Jeffrey Ballard
5723,101,Product A,Category 1,3,10.0,2023-09-07,1984,Lisa Martinez
9717,103,Product C,Category 2,8,30.0,2023-05-20,1700,Robert Barton
8464,104,Product D,Category 2,5,40.0,2023-06-04,1426,Andrew Hill
7069,102,Product B,Category 1,4,20.0,2023-07-05,1146,Laura Ramos
9670,102,Product B,Category 1,4,20.0,2023-01-10,1923,Jessica Martin
103,102,Product B,Category 1,12,20.0,2023-06-28,1567,Yvonne Banks
6803,103,Product C,Category 2,5,30.0,2023-09-01,1791,Mrs. Wanda Mullins
5349,101,Product A,Category 1,13,10.0,2023-11-05,1134,Tiffany Boyd DVM
2418,102,Product B,Category 1,3,20.0,2023-02-01,1753,Bradley Townsend
6729,103,Product C,Category 2,13,30.0,2023-10-30,1038,Isaac Sexton
9009,104,Product D,Category 2,1,40.0,2023-12-23,1159,Marie Rivera
7190,104,Product D,Category 2,7,40.0,2023-12-10,1772,Eric White
6172,101,Product A,Category 1,7,10.0,2023-11-26,1886,Samantha Dorsey
339,103,Product C,Category 2,5,30.0,2023-05-01,1276,Kevin Le
4287,102,Product B,Category 1,6,20.0,2023-11-01,1981,Elizabeth Peters
6227,103,Product C,Category 2,10,30.0,2023-04-07,1575,Daniel Le
5867,104,Product D,Category 2,15,40.0,2023-08-11,1217,Jessica Harper
7963,102,Product B,Category 1,13,20.0,2023-05-03,1187,Bob Franklin
4224,101,Product A,Category 1,5,10.0,2023-02-08,1473,Francisco Rodriguez
9476,101,Product A,Category 1,1,10.0,2023-06-03,1828,Lisa Wright
993,102,Product B,Category 1,14,20.0,2023-08-23,1374,Cynthia Morgan
2016,102,Product B,Category 1,12,20.0,2023-05-09,1895,Miranda Taylor
8502,102,Product B,Category 1,8,20.0,2023-06-01,1784,Sara Martin
1143,104,Product D,Category 2,12,40.0,2023-06-11,1088,Anthony Nelson
2677,104,Product D,Category 2,7,40.0,2023-05-19,1452,Heather Payne
3552,102,Product B,Category 1,7,20.0,2023-07-30,1773,Steven Mcdonald
9521,102,Product B,Category 1,9,20.0,2023-02-13,1450,Eric Oconnor
2678,101,Product A,Category 1,7,10.0,2023-02-26,1041,Colleen Roberts
5369,102,Product B,Category 1,8,20.0,2023-01-25,1729,Karen Moyer
7223,102,Product B,Category 1,4,20.0,2023-04-12,1928,Marissa Mendoza
3503,102,Product B,Category 1,4,20.0,2023-12-14,1877,Kelsey Bell
4913,102,Product B,Category 1,9,20.0,2023-10-21,1963,Kathleen Porter
5812,102,Product B,Category 1,3,20.0,2023-07-26,1947,Nicole Hall
3934,102,Product B,Category 1,15,20.0,2023-10-23,1290,Angela Hanson
697,104,Product D,Category 2,7,40.0,2023-10-17,1128,Adam Bell
4689,101,Product A,Category 1,2,10.0,2023-08-20,1997,Kimberly Banks
3327,101,Product A,Category 1,5,10.0,2023-07-11,1525,Alexandra Young
6816,104,Product D,Category 2,11,40.0,2023-08-29,1237,Jorge Fisher
7253,103,Product C,Category 2,10,30.0,2023-07-01,1497,James Myers
1067,104,Product D,Category 2,2,40.0,2023-09-04,1480,Kimberly Johnson
3356,101,Product A,Category 1,6,10.0,2023-09-01,1740,Jesse Miller
962,101,Product A,Category 1,8,10.0,2023-04-04,1275,Terry Collins
9711,101,Product A,Category 1,11,10.0,2023-05-25,1879,Timothy Randall
3987,101,Product A,Category 1,12,10.0,2023-10-23,1984,Lisa Martinez
6558,101,Product A,Category 1,11,10.0,2023-02-26,1760,Elizabeth Wright
5954,104,Product D,Category 2,9,40.0,2023-09-07,1208,Lisa Smith
4468,103,Product C,Category 2,1,30.0,2023-12-13,1188,Adrienne Weaver
314,101,Product A,Category 1,14,10.0,2023-07-10,1232,Sonya Castillo
2675,104,Product D,Category 2,1,40.0,2023-05-06,1230,Brandon Marsh
1373,103,Product C,Category 2,6,30.0,2023-01-05,1955,Lindsay Woodward
5014,101,Product A,Category 1,9,10.0,2023-05-30,1581,Joe Beck
9980,101,Product A,Category 1,5,10.0,2023-01-28,1943,Jason Ortiz
1568,101,Product A,Category 1,10,10.0,2023-08-06,1346,Kelsey Martinez
9344,101,Product A,Category 1,12,10.0,2023-10-21,1372,Ashley Campbell
8674,101,Product A,Category 1,14,10.0,2023-10-14,1462,Amy Wang
4969,103,Product C,Category 2,1,30.0,2023-08-21,1010,Karen Jacobs
880,101,Product A,Category 1,13,10.0,2023-09-27,1420,Nancy Parks
882,102,Product B,Category 1,3,20.0,2023-06-11,1694,Kyle Tapia
4244,103,Product C,Category 2,2,30.0,2023-10-26,1970,Laura Fox
3482,102,Product B,Category 1,11,20.0,2023-03-12,1655,Heather Anderson
919,104,Product D,Category 2,6,40.0,2023-07-27,1687,Ryan Archer
6426,102,Product B,Category 1,7,20.0,2023-09-24,1306,Jim Gregory
6354,102,Product B,Category 1,3,20.0,2023-02-08,1975,Theresa Poole
3862,104,Product D,Category 2,11,40.0,2023-02-02,1703,Lucas Gomez
7621,104,Product D,Category 2,8,40.0,2023-09-27,1192,Alicia Reynolds
5498,104,Product D,Category 2,3,40.0,2023-09-27,1163,Brian Hutchinson
4542,101,Product A,Category 1,6,10.0,2023-12-11,1018,Jill Schwartz
7181,102,Product B,Category 1,1,20.0,2023-07-05,1898,Henry Wright
2329,101,Product A,Category 1,9,10.0,2023-07-29,1583,Susan Zimmerman
1743,104,Product D,Category 2,7,40.0,2023-03-07,1670,Isaac Solis
4706,102,Product B,Category 1,12,20.0,2023-02-26,1049,Alexander Wilson
2122,102,Product B,Category 1,15,20.0,2023-05-28,1461,Julie Jensen
9785,101,Product A,Category 1,11,10.0,2023-06-18,1336,Michael Richard
7672,101,Product A,Category 1,13,10.0,2023-09-19,1731,Stephen Francis
6586,103,Product C,Category 2,14,30.0,2023-12-01,1961,Nicholas Gutierrez
3964,102,Product B,Category 1,1,20.0,2023-09-24,1583,Susan Zimmerman
4864,101,Product A,Category 1,7,10.0,2023-02-04,1585,Heidi Luna
2096,101,Product A,Category 1,6,10.0,2023-01-08,1539,Charles Dixon
2131,101,Product A,Category 1,15,10.0,2023-07-28,1916,Scott Mathews
564,102,Product B,Category 1,1,20.0,2023-05-03,1441,Kimberly Harris
4124,101,Product A,Category 1,12,10.0,2023-12-04,1735,Antonio Petersen
1537,103,Product C,Category 2,7,30.0,2023-02-06,1842,Christopher Martin
4932,104,Product D,Category 2,11,40.0,2023-01-08,1049,Alexander Wilson
6423,102,Product B,Category 1,6,20.0,2023-10-25,1695,Melissa Rodriguez
3651,102,Product B,Category 1,2,20.0,2023-05-01,1591,Jennifer Ford
3606,103,Product C,Category 2,2,30.0,2023-05-06,1683,Robert Bryant
2193,101,Product A,Category 1,3,10.0,2023-07-30,1956,Mrs. Sonya Jacobs MD
9367,104,Product D,Category 2,4,40.0,2023-12-23,1493,Mary Ferguson
1954,103,Product C,Category 2,2,30.0,2023-01-07,1498,Angela Guerrero
805,101,Product A,Category 1,8,10.0,2023-07-07,1030,Craig Smith
4284,101,Product A,Category 1,13,10.0,2023-09-14,1339,Mary Mccoy MD
6949,104,Product D,Category 2,12,40.0,2023-09-06,1843,Peter Garrison
2629,104,Product D,Category 2,9,40.0,2023-07-23,1444,Zachary Young
2635,101,Product A,Category 1,1,10.0,2023-09-20,1574,Amy Moore
8072,101,Product A,Category 1,6,10.0,2023-07-25,1352,Monica Liu
3269,101,Product A,Category 1,3,10.0,2023-12-27,1263,John Davis
1637,103,Product C,Category 2,7,30.0,2023-03-08,1569,Timothy Perkins
3578,101,Product A,Category 1,8,10.0,2023-01-30,1310,Regina Turner
9346,101,Product A,Category 1,10,10.0,2023-04-26,1900,Jimmy Smith
7462,101,Product A,Category 1,7,10.0,2023-12-10,1620,Barbara Hamilton
8377,102,Product B,Category 1,2,20.0,2023-04-25,1829,Jill Nunez
7626,104,Product D,Category 2,15,40.0,2023-01-12,1270,Ashley Hernandez
2217,101,Product A,Category 1,1,10.0,2023-10-27,1244,Nathan Leonard
7483,104,Product D,Category 2,1,40.0,2023-08-28,1388,Gary Williams
5297,102,Product B,Category 1,5,20.0,2023-11-12,1257,Brandon Leon
7769,102,Product B,Category 1,10,20.0,2023-07-23,1794,Amanda Wells
1113,102,Product B,Category 1,13,20.0,2023-11-24,1867,Aaron Stone
9689,103,Product C,Category 2,3,30.0,2023-04-15,1247,Cory Allen
5351,101,Product A,Category 1,15,10.0,2023-10-24,1744,Bruce Murray
4174,102,Product B,Category 1,4,20.0,2023-12-17,1130,Tracy Martinez
3233,102,Product B,Category 1,3,20.0,2023-05-13,1529,Lucas Rogers
2739,101,Product A,Category 1,5,10.0,2023-09-26,1786,Linda Salinas
1180,101,Product A,Category 1,10,10.0,2023-05-12,1498,Angela Guerrero
2228,102,Product B,Category 1,12,20.0,2023-09-12,1338,Anthony Patton
6046,102,Product B,Category 1,3,20.0,2023-06-13,1011,Thomas Escobar
9872,104,Product D,Category 2,3,40.0,2023-04-17,1554,Robyn Trujillo
8152,101,Product A,Category 1,13,10.0,2023-11-18,1584,Richard Madden
5029,103,Product C,Category 2,8,30.0,2023-05-26,1387,Gregory Phelps
2848,103,Product C,Category 2,13,30.0,2023-01-20,1196,Steven Simon
6762,103,Product C,Category 2,13,30.0,2023-04-04,1812,Andrew Miller
6467,102,Product B,Category 1,5,20.0,2023-03-27,1603,Wayne Shaw
9492,101,Product A,Category 1,2,10.0,2023-06-24,1012,Lee Randolph
9642,102,Product B,Category 1,2,20.0,2023-09-14,1269,Sean Turner
9159,103,Product C,Category 2,3,30.0,2023-04-07,1125,Melissa Long
6740,104,Product D,Category 2,2,40.0,2023-01-25,1934,Lorraine Deleon
6031,104,Product D,Category 2,4,40.0,2023-11-07,1729,Karen Moyer
4902,104,Product D,Category 2,3,40.0,2023-03-18,1897,Sean Galloway
8458,102,Product B,Category 1,9,20.0,2023-10-09,1789,Jennifer Edwards
1286,102,Product B,Category 1,3,20.0,2023-01-17,1140,Samantha Collins
2619,104,Product D,Category 2,13,40.0,2023-12-17,1200,Alex Williamson
2397,101,Product A,Category 1,13,10.0,2023-07-16,1661,Jamie Murphy
7740,104,Product D,Category 2,1,40.0,2023-02-03,1403,Lynn Welch
4886,103,Product C,Category 2,8,30.0,2023-01-26,1015,Dennis Castillo
1592,101,Product A,Category 1,6,10.0,2023-03-22,1859,Danielle Robinson
2204,104,Product D,Category 2,14,40.0,2023-06-23,1582,Nicole Davis
8204,103,Product C,Category 2,1,30.0,2023-07-17,1070,Miss Brittany Boyd
7446,104,Product D,Category 2,4,40.0,2023-02-27,1008,Tracy Mcdaniel
1323,101,Product A,Category 1,5,10.0,2023-11-03,1202,Joseph Stevens
3682,104,Product D,Category 2,6,40.0,2023-10-30,1893,Lisa Glover
2860,102,Product B,Category 1,4,20.0,2023-05-04,1807,Ronald Gibson
1830,101,Product A,Category 1,2,10.0,2023-07-20,1546,Rebecca Thomas
3587,101,Product A,Category 1,3,10.0,2023-09-17,1903,Caleb Brooks
1356,101,Product A,Category 1,14,10.0,2023-03-27,1717,Ricardo Kim
3918,102,Product B,Category 1,3,20.0,2023-06-05,1534,Michael Lozano
8434,101,Product A,Category 1,3,10.0,2023-03-12,1816,Maureen Olson
5548,101,Product A,Category 1,7,10.0,2023-07-23,1491,Michael Kaufman
2466,103,Product C,Category 2,2,30.0,2023-02-14,1739,Kristin Williams
3571,102,Product B,Category 1,10,20.0,2023-03-10,1666,Guy Reed Jr.
3118,102,Product B,Category 1,7,20.0,2023-06-17,1317,Sharon Kennedy
5193,101,Product A,Category 1,12,10.0,2023-12-15,1821,Brandi Thompson
7127,104,Product D,Category 2,4,40.0,2023-02-28,1919,Erica Russell
8655,102,Product B,Category 1,14,20.0,2023-03-16,1758,Dr. Adam Hudson MD
3443,103,Product C,Category 2,10,30.0,2023-07-05,1315,Alejandro Davis
6574,103,Product C,Category 2,3,30.0,2023-07-24,1997,Kimberly Banks
6901,101,Product A,Category 1,14,10.0,2023-09-01,1034,Sarah Thomas
2563,103,Product C,Category 2,7,30.0,2023-02-14,1163,Brian Hutchinson
6742,101,Product A,Category 1,7,10.0,2023-03-14,1898,Henry Wright
8441,104,Product D,Category 2,1,40.0,2023-12-20,1384,Joy Kelly
4158,103,Product C,Category 2,8,30.0,2023-01-13,1684,Ronald Hamilton
6452,104,Product D,Category 2,5,40.0,2023-08-15,1194,Michael Maldonado
7176,103,Product C,Category 2,15,30.0,2023-01-20,1345,Karen West
2734,104,Product D,Category 2,14,40.0,2023-11-28,1379,Samantha West
2715,103,Product C,Category 2,4,30.0,2023-10-31,1061,Wendy Cruz
125,102,Product B,Category 1,2,20.0,2023-06-12,1016,Kayla Kelly
1634,101,Product A,Category 1,9,10.0,2023-06-20,1793,Kevin Huffman
7026,102,Product B,Category 1,10,20.0,2023-01-19,1704,David Sanders
2093,101,Product A,Category 1,12,10.0,2023-12-05,1516,Hannah Anderson
9634,102,Product B,Category 1,2,20.0,2023-06-29,1640,Dr. Kelly Walker
7049,101,Product A,Category 1,2,10.0,2023-05-08,1843,Peter Garrison
2894,102,Product B,Category 1,1,20.0,2023-02-17,1505,Melissa Myers
8658,102,Product B,Category 1,11,20.0,2023-03-06,1024,Curtis Campbell
4808,102,Product B,Category 1,8,20.0,2023-06-03,1777,William Morrison
3351,102,Product B,Category 1,8,20.0,2023-05-02,1067,Barbara Coleman
375,103,Product C,Category 2,3,30.0,2023-12-06,1231,Marissa Carlson MD
9457,103,Product C,Category 2,2,30.0,2023-10-29,1030,Craig Smith
1302,104,Product D,Category 2,13,40.0,2023-11-30,1469,Michael Jones
2672,102,Product B,Category 1,8,20.0,2023-04-13,1537,Steven Taylor
1727,102,Product B,Category 1,10,20.0,2023-08-23,1641,Tanya Daugherty
8452,101,Product A,Category 1,13,10.0,2023-06-01,1018,Jill Schwartz
1081,101,Product A,Category 1,10,10.0,2023-06-01,1341,Craig Blake
5695,102,Product B,Category 1,11,20.0,2023-02-14,1191,Gabriella Bennett
1256,102,Product B,Category 1,5,20.0,2023-04-29,1509,Levi Clark
889,101,Product A,Category 1,2,10.0,2023-12-24,1630,Susan Short
2401,101,Product A,Category 1,13,10.0,2023-03-09,1890,Francisco Carlson
225,101,Product A,Category 1,3,10.0,2023-08-21,1833,Benjamin Ellis
8946,103,Product C,Category 2,9,30.0,2023-02-19,1749,Scott Wright
6621,104,Product D,Category 2,10,40.0,2023-05-27,1018,Jill Schwartz
4743,101,Product A,Category 1,13,10.0,2023-09-05,1228,Terrance Novak
5327,104,Product D,Category 2,9,40.0,2023-05-11,1057,Larry Clark
8988,101,Product A,Category 1,12,10.0,2023-07-01,1881,Alicia Parrish
7926,104,Product D,Category 2,10,40.0,2023-06-07,1038,Isaac Sexton
33,102,Product B,Category 1,2,20.0,2023-03-01,1672,Jennifer Lowe
6387,103,Product C,Category 2,4,30.0,2023-10-28,1122,Kristopher Lee
9276,102,Product B,Category 1,12,20.0,2023-11-29,1875,Morgan Roberson
3775,101,Product A,Category 1,1,10.0,2023-06-04,1154,Renee Guzman
7136,104,Product D,Category 2,1,40.0,2023-07-03,1569,Timothy Perkins
5468,102,Product B,Category 1,6,20.0,2023-11-18,1111,Christopher Smith
2825,101,Product A,Category 1,12,10.0,2023-11-25,1681,Charles Sheppard
9166,102,Product B,Category 1,6,20.0,2023-09-23,1892,Elizabeth Mercado
7668,102,Product B,Category 1,5,20.0,2023-08-14,1035,Robert Rodriguez
276,102,Product B,Category 1,11,20.0,2023-07-14,1610,Mr. Kevin Wilson Jr.
5316,102,Product B,Category 1,4,20.0,2023-08-19,1564,Brooke Howard
3261,103,Product C,Category 2,6,30.0,2023-09-28,1858,James Smith
2318,101,Product A,Category 1,8,10.0,2023-03-16,1335,Anna Johnson
4915,102,Product B,Category 1,4,20.0,2023-05-09,1341,Craig Blake
3095,101,Product A,Category 1,1,10.0,2023-10-29,1624,Yvette Jackson
8457,101,Product A,Category 1,13,10.0,2023-10-25,1136,Gina Hall
5249,102,Product B,Category 1,1,20.0,2023-04-06,1599,Sean Carter
4051,102,Product B,Category 1,11,20.0,2023-01-14,1738,Sabrina Soto
2438,102,Product B,Category 1,2,20.0,2023-06-28,1660,Anthony Warren
8510,102,Product B,Category 1,7,20.0,2023-04-28,1904,Barbara Johnston
9379,104,Product D,Category 2,15,40.0,2023-12-26,1840,Ian Perkins
8009,101,Product A,Category 1,2,10.0,2023-08-15,1118,Heather Proctor
3304,104,Product D,Category 2,5,40.0,2023-08-07,1598,Donna Li
3887,103,Product C,Category 2,5,30.0,2023-12-05,1210,Denise Anderson
973,103,Product C,Category 2,10,30.0,2023-01-08,1519,Tiffany Johnson
7947,102,Product B,Category 1,4,20.0,2023-02-25,1513,Maria Barker
6935,102,Product B,Category 1,9,20.0,2023-03-17,1704,David Sanders
650,102,Product B,Category 1,8,20.0,2023-11-05,1759,James Herrera
8911,102,Product B,Category 1,5,20.0,2023-06-20,1833,Benjamin Ellis
9517,104,Product D,Category 2,1,40.0,2023-11-11,1661,Jamie Murphy
1626,102,Product B,Category 1,3,20.0,2023-09-19,1109,Erik Roberts
8910,103,Product C,Category 2,1,30.0,2023-05-17,1154,Renee Guzman
6659,104,Product D,Category 2,2,40.0,2023-02-22,1338,Anthony Patton
9223,101,Product A,Category 1,14,10.0,2023-09-04,1276,Kevin Le
3008,101,Product A,Category 1,12,10.0,2023-05-29,1627,Daniel Lopez
9756,101,Product A,Category 1,4,10.0,2023-02-09,1975,Theresa Poole
9445,103,Product C,Category 2,8,30.0,2023-04-05,1853,Justin Day
1153,103,Product C,Category 2,8,30.0,2023-09-20,1379,Samantha West
2448,102,Product B,Category 1,1,20.0,2023-02-05,1914,Jennifer Davis
4769,101,Product A,Category 1,12,10.0,2023-02-02,1097,Christopher Delgado
2353,101,Product A,Category 1,3,10.0,2023-06-22,1790,Kathleen Dunn
1748,103,Product C,Category 2,6,30.0,2023-03-03,1371,Jennifer Livingston
4501,102,Product B,Category 1,1,20.0,2023-04-22,1770,Joseph Diaz
4963,101,Product A,Category 1,2,10.0,2023-06-30,1869,Charles Blair
5419,101,Product A,Category 1,12,10.0,2023-11-06,1478,Beth Jackson
5627,102,Product B,Category 1,11,20.0,2023-04-23,1538,Margaret Garcia
9727,102,Product B,Category 1,10,20.0,2023-12-25,1637,Diane Thomas
5181,103,Product C,Category 2,9,30.0,2023-03-14,1649,Kimberly Hernandez
8382,101,Product A,Category 1,7,10.0,2023-10-15,1076,Mike Barnett
5246,101,Product A,Category 1,7,10.0,2023-07-18,1692,Patricia Garcia
969,101,Product A,Category 1,15,10.0,2023-07-26,1525,Alexandra Young
2669,102,Product B,Category 1,12,20.0,2023-04-22,1572,Nicholas Austin
3065,101,Product A,Category 1,13,10.0,2023-09-21,1831,Jenny Perez
2524,104,Product D,Category 2,5,40.0,2023-11-10,1860,Michael Sanford
9826,101,Product A,Category 1,2,10.0,2023-09-08,1291,Amanda Fernandez
833,102,Product B,Category 1,2,20.0,2023-05-03,1633,Dylan Hull
4869,101,Product A,Category 1,1,10.0,2023-04-03,1034,Sarah Thomas
1905,102,Product B,Category 1,15,20.0,2023-07-23,1197,Erica Wang
1712,102,Product B,Category 1,6,20.0,2023-12-16,1363,Sylvia Williams
1400,104,Product D,Category 2,3,40.0,2023-03-31,1311,Dr. Jennifer Byrd
6513,102,Product B,Category 1,15,20.0,2023-03-28,1706,Susan Adams
4663,101,Product A,Category 1,12,10.0,2023-10-02,1930,Renee Guzman
1280,101,Product A,Category 1,10,10.0,2023-11-15,1780,Erin Palmer
1445,101,Product A,Category 1,6,10.0,2023-02-23,1701,Jennifer Hernandez
9645,101,Product A,Category 1,8,10.0,2023-05-13,1079,Emily Sherman
5367,102,Product B,Category 1,3,20.0,2023-08-08,1356,Chris Kelley
139,101,Product A,Category 1,7,10.0,2023-10-08,1475,Andrea Vaughn
7220,104,Product D,Category 2,6,40.0,2023-08-30,1325,Monica Becker
8064,104,Product D,Category 2,15,40.0,2023-07-04,1644,Heather Leonard
5546,104,Product D,Category 2,12,40.0,2023-05-12,1200,Alex Williamson
9527,102,Product B,Category 1,15,20.0,2023-08-20,1363,Sylvia Williams
2185,101,Product A,Category 1,12,10.0,2023-03-26,1677,Jay Jarvis
3012,104,Product D,Category 2,12,40.0,2023-04-28,1149,Matthew Love
4589,104,Product D,Category 2,11,40.0,2023-09-14,1357,Calvin Brock
9023,102,Product B,Category 1,12,20.0,2023-02-23,1435,Dustin Best
208,101,Product A,Category 1,2,10.0,2023-04-29,1072,Maurice Peterson
3386,102,Product B,Category 1,4,20.0,2023-03-06,1209,Joseph Baker
1401,102,Product B,Category 1,2,20.0,2023-02-06,1766,Scott Howard
2731,104,Product D,Category 2,1,40.0,2023-01-04,1373,Melissa Johnson
4354,102,Product B,Category 1,8,20.0,2023-04-11,1114,Daniel Reed
8102,101,Product A,Category 1,7,10.0,2023-06-16,1705,Catherine Moore
9976,101,Product A,Category 1,6,10.0,2023-06-12,1158,Diana Woods
3967,101,Product A,Category 1,12,10.0,2023-08-25,1557,Nicholas Caldwell
2819,104,Product D,Category 2,4,40.0,2023-03-13,1445,Rebecca Martinez
3900,101,Product A,Category 1,4,10.0,2023-11-20,1493,Mary Ferguson
3176,102,Product B,Category 1,2,20.0,2023-05-06,1457,Carol Wood
1628,101,Product A,Category 1,1,10.0,2023-12-28,1805,Joshua Lozano
7494,102,Product B,Category 1,4,20.0,2023-10-29,1436,Mary Howard
6942,103,Product C,Category 2,4,30.0,2023-03-17,1688,Robert Mclaughlin
985,101,Product A,Category 1,6,10.0,2023-02-05,1278,Gilbert Villanueva
5547,101,Product A,Category 1,9,10.0,2023-02-27,1620,Barbara Hamilton
6895,102,Product B,Category 1,5,20.0,2023-03-14,1277,Jessica Sheppard
164,101,Product A,Category 1,6,10.0,2023-01-31,1663,Miss Crystal Butler
5210,103,Product C,Category 2,7,30.0,2023-08-09,1110,Justin Fletcher
7549,102,Product B,Category 1,7,20.0,2023-02-23,1886,Samantha Dorsey
5345,103,Product C,Category 2,9,30.0,2023-12-19,1074,Charles Brown
9424,102,Product B,Category 1,15,20.0,2023-08-06,1269,Sean Turner
8972,101,Product A,Category 1,7,10.0,2023-03-01,1705,Catherine Moore
2178,102,Product B,Category 1,6,20.0,2023-08-27,1590,Frederick Hicks
2590,101,Product A,Category 1,14,10.0,2023-09-18,1880,Jody Cain
1471,103,Product C,Category 2,12,30.0,2023-01-01,1448,Mrs. Alisha Bowers
2347,101,Product A,Category 1,6,10.0,2023-02-03,1189,Alyssa Delacruz
9421,103,Product C,Category 2,7,30.0,2023-03-02,1502,Jessica Young
1740,102,Product B,Category 1,5,20.0,2023-02-17,1943,Jason Ortiz
700,102,Product B,Category 1,3,20.0,2023-11-17,1994,Jennifer Thompson
1603,102,Product B,Category 1,5,20.0,2023-05-24,1894,Jamie Mcguire
7477,104,Product D,Category 2,8,40.0,2023-05-23,1665,Michele Sharp
3864,102,Product B,Category 1,14,20.0,2023-07-30,1431,Donna Duffy
8580,103,Product C,Category 2,4,30.0,2023-10-30,1453,Robert Nelson
4793,101,Product A,Category 1,13,10.0,2023-01-29,1218,Ricardo Mills
7637,103,Product C,Category 2,14,30.0,2023-09-16,1949,Christopher Rodriguez
5092,103,Product C,Category 2,9,30.0,2023-12-16,1793,Kevin Huffman
8771,103,Product C,Category 2,3,30.0,2023-10-31,1740,Jesse Miller
1353,101,Product A,Category 1,7,10.0,2023-01-15,1825,Andrew Sweeney
4023,104,Product D,Category 2,10,40.0,2023-06-11,1234,Denise Martinez
7745,101,Product A,Category 1,1,10.0,2023-08-31,1816,Maureen Olson
3536,104,Product D,Category 2,5,40.0,2023-05-20,1426,Andrew Hill
654,103,Product C,Category 2,12,30.0,2023-02-22,1384,Joy Kelly
4936,103,Product C,Category 2,13,30.0,2023-02-07,1702,Kimberly Ramirez
1506,102,Product B,Category 1,10,20.0,2023-05-12,1462,Amy Wang
2103,102,Product B,Category 1,14,20.0,2023-06-21,1962,Kaitlyn Douglas
8013,102,Product B,Category 1,13,20.0,2023-09-06,1012,Lee Randolph
282,104,Product D,Category 2,3,40.0,2023-05-24,1974,Mr. Travis Martin MD
9345,101,Product A,Category 1,6,10.0,2023-07-06,1525,Alexandra Young
2949,103,Product C,Category 2,4,30.0,2023-11-23,1761,Gregory Hodges
659,101,Product A,Category 1,11,10.0,2023-06-08,1484,Jeffrey Bennett
3278,101,Product A,Category 1,7,10.0,2023-10-06,1598,Donna Li
8460,103,Product C,Category 2,13,30.0,2023-03-22,1743,Roy Ryan
7523,103,Product C,Category 2,13,30.0,2023-07-13,1181,Tammy Flores
3531,103,Product C,Category 2,10,30.0,2023-10-10,1297,Russell Gomez
5104,104,Product D,Category 2,13,40.0,2023-09-19,1567,Yvonne Banks
7591,104,Product D,Category 2,9,40.0,2023-08-14,1194,Michael Maldonado
8709,102,Product B,Category 1,2,20.0,2023-10-30,1143,Albert Perkins
770,103,Product C,Category 2,2,30.0,2023-11-15,1045,Jason Williams
2025,103,Product C,Category 2,8,30.0,2023-12-07,1467,Taylor Glenn
6081,101,Product A,Category 1,3,10.0,2023-12-24,1603,Wayne Shaw
2582,103,Product C,Category 2,8,30.0,2023-06-30,1840,Ian Perkins
2553,101,Product A,Category 1,12,10.0,2023-06-18,1691,Brent Glenn
171,102,Product B,Category 1,15,20.0,2023-06-04,1057,Larry Clark
3663,101,Product A,Category 1,11,10.0,2023-10-16,1510,Christopher Wright
9059,102,Product B,Category 1,11,20.0,2023-04-14,1525,Alexandra Young
2780,102,Product B,Category 1,3,20.0,2023-02-20,1357,Calvin Brock
3873,103,Product C,Category 2,4,30.0,2023-05-28,1080,Joshua Becker
8480,104,Product D,Category 2,4,40.0,2023-01-31,1404,Mr. Anthony Palmer
8483,104,Product D,Category 2,1,40.0,2023-08-31,1870,Joseph Cain
6632,101,Product A,Category 1,1,10.0,2023-04-14,1987,Stephanie Patterson
255,101,Product A,Category 1,8,10.0,2023-03-23,1529,Lucas Rogers
2989,101,Product A,Category 1,3,10.0,2023-02-20,1369,Carolyn Collins
1182,104,Product D,Category 2,12,40.0,2023-02-09,1033,Tammy Jones
3039,101,Product A,Category 1,5,10.0,2023-05-24,1531,Brittany Murphy
3211,102,Product B,Category 1,12,20.0,2023-07-16,1183,Samuel Cook
3951,101,Product A,Category 1,12,10.0,2023-01-21,1828,Lisa Wright
7350,102,Product B,Category 1,2,20.0,2023-05-24,1553,Thomas Maynard
1026,101,Product A,Category 1,4,10.0,2023-05-30,1339,Mary Mccoy MD
6954,102,Product B,Category 1,6,20.0,2023-09-10,1008,Tracy Mcdaniel
4809,102,Product B,Category 1,3,20.0,2023-02-27,1807,Ronald Gibson
2852,103,Product C,Category 2,4,30.0,2023-02-06,1066,Tyler Deleon
7620,101,Product A,Category 1,3,10.0,2023-01-05,1239,Melissa Owens
2200,101,Product A,Category 1,10,10.0,2023-04-27,1955,Lindsay Woodward
2726,104,Product D,Category 2,6,40.0,2023-12-06,1559,Brian Saunders
9455,101,Product A,Category 1,8,10.0,2023-01-18,1910,Savannah Ellison
2266,101,Product A,Category 1,13,10.0,2023-01-27,1377,Juan Murphy
7376,102,Product B,Category 1,15,20.0,2023-05-06,1835,Chris Walker
6021,103,Product C,Category 2,6,30.0,2023-06-13,1528,Regina Brown
7266,104,Product D,Category 2,9,40.0,2023-05-30,1236,William Jones
3805,102,Product B,Category 1,10,20.0,2023-12-14,1976,Joshua Parker
7385,102,Product B,Category 1,10,20.0,2023-06-12,1829,Jill Nunez
3721,102,Product B,Category 1,15,20.0,2023-05-12,1655,Heather Anderson
6380,102,Product B,Category 1,8,20.0,2023-10-29,1694,Kyle Tapia
5622,103,Product C,Category 2,4,30.0,2023-08-08,1310,Regina Turner
4086,104,Product D,Category 2,13,40.0,2023-12-30,1128,Adam Bell
2244,101,Product A,Category 1,12,10.0,2023-11-23,1804,Paul Patterson
667,102,Product B,Category 1,12,20.0,2023-06-11,1076,Mike Barnett
7536,101,Product A,Category 1,6,10.0,2023-06-11,1925,Brenda Smith
2405,101,Product A,Category 1,14,10.0,2023-07-02,1629,Alexander Ramirez
2742,102,Product B,Category 1,9,20.0,2023-07-16,1479,Mr. Donald Evans PhD
2151,102,Product B,Category 1,3,20.0,2023-06-08,1629,Alexander Ramirez
3858,101,Product A,Category 1,13,10.0,2023-12-03,1535,Rebecca Snyder
9371,101,Product A,Category 1,3,10.0,2023-08-04,1877,Kelsey Bell
7214,102,Product B,Category 1,5,20.0,2023-05-02,1570,Andre Patel
5202,102,Product B,Category 1,11,20.0,2023-03-17,1482,Amanda Ayers
3508,101,Product A,Category 1,15,10.0,2023-01-21,1621,Samuel Johnston
2,103,Product C,Category 2,7,30.0,2023-01-08,1214,Angela Davis
5375,101,Product A,Category 1,11,10.0,2023-03-16,1977,Taylor Thomas
7060,102,Product B,Category 1,1,20.0,2023-03-10,1609,Alexandra Clark
9695,102,Product B,Category 1,5,20.0,2023-11-24,1262,Patricia Garcia
6554,101,Product A,Category 1,14,10.0,2023-01-23,1788,Megan Skinner
9930,102,Product B,Category 1,11,20.0,2023-02-27,1332,Brittany Lester
6160,101,Product A,Category 1,11,10.0,2023-05-07,1834,Cynthia Moore
8516,104,Product D,Category 2,8,40.0,2023-01-13,1280,Sarah Rivera
1315,101,Product A,Category 1,12,10.0,2023-02-07,1302,Michelle Jones
3746,101,Product A,Category 1,6,10.0,2023-02-26,1406,Lonnie Wolf
5781,102,Product B,Category 1,8,20.0,2023-12-02,1713,Jeffery Brown
1699,101,Product A,Category 1,7,10.0,2023-01-01,1668,Brian Bridges
32,102,Product B,Category 1,1,20.0,2023-06-10,1399,Eric Smith
8477,102,Product B,Category 1,1,20.0,2023-11-29,1569,Timothy Perkins
355,101,Product A,Category 1,6,10.0,2023-06-13,1595,Belinda Santos
4096,104,Product D,Category 2,12,40.0,2023-02-21,1262,Patricia Garcia
8499,101,Product A,Category 1,8,10.0,2023-11-06,1577,Christopher Hampton
1831,102,Product B,Category 1,15,20.0,2023-04-13,1587,Andrew Mayer
939,101,Product A,Category 1,10,10.0,2023-08-13,1037,Kyle Sanchez
2483,104,Product D,Category 2,13,40.0,2023-04-11,1503,Kenneth Young
6283,102,Product B,Category 1,3,20.0,2023-01-25,1765,David Fields
8757,103,Product C,Category 2,5,30.0,2023-12-09,1335,Anna Johnson
1065,101,Product A,Category 1,2,10.0,2023-04-06,1358,Jonathan Franco
4701,104,Product D,Category 2,15,40.0,2023-10-04,1157,Christine Chase
4135,102,Product B,Category 1,1,20.0,2023-02-08,1878,Deborah Ortega
3910,101,Product A,Category 1,10,10.0,2023-08-02,1866,Richard Goodman
2229,101,Product A,Category 1,10,10.0,2023-12-25,1869,Charles Blair
7273,102,Product B,Category 1,7,20.0,2023-12-27,1620,Barbara Hamilton
6570,102,Product B,Category 1,5,20.0,2023-03-05,1018,Jill Schwartz
185,101,Product A,Category 1,7,10.0,2023-02-06,1946,David Ashley
9660,102,Product B,Category 1,6,20.0,2023-11-24,1446,Suzanne Flores MD
2291,104,Product D,Category 2,14,40.0,2023-04-02,1065,Dr. Amber Flores
9558,103,Product C,Category 2,14,30.0,2023-01-02,1520,Angela Moreno
9117,101,Product A,Category 1,3,10.0,2023-07-16,1730,Jasmine Espinoza
3644,101,Product A,Category 1,6,10.0,2023-08-31,1673,Destiny Rivas
1241,101,Product A,Category 1,10,10.0,2023-10-19,1535,Rebecca Snyder
5878,101,Product A,Category 1,11,10.0,2023-05-19,1761,Gregory Hodges
3312,102,Product B,Category 1,2,20.0,2023-01-07,1236,William Jones
5643,103,Product C,Category 2,14,30.0,2023-01-13,1952,Michael Perez
8498,102,Product B,Category 1,5,20.0,2023-02-21,1123,David Mccoy
4113,103,Product C,Category 2,5,30.0,2023-03-26,1677,Jay Jarvis
54,102,Product B,Category 1,13,20.0,2023-01-30,1606,Marcia Baker
6695,102,Product B,Category 1,3,20.0,2023-09-19,1536,Christopher Hanson MD
6022,101,Product A,Category 1,15,10.0,2023-06-18,1261,Jaime Farmer
996,101,Product A,Category 1,12,10.0,2023-12-01,1742,Michelle Hoover
1714,101,Product A,Category 1,7,10.0,2023-01-11,1441,Kimberly Harris
6045,102,Product B,Category 1,3,20.0,2023-07-20,1070,Miss Brittany Boyd
795,104,Product D,Category 2,11,40.0,2023-05-19,1311,Dr. Jennifer Byrd
9416,102,Product B,Category 1,3,20.0,2023-04-06,1527,Brandon Howell
7837,102,Product B,Category 1,14,20.0,2023-01-18,1637,Diane Thomas
3907,104,Product D,Category 2,11,40.0,2023-09-22,1824,Sandra Walker
1177,104,Product D,Category 2,12,40.0,2023-10-19,1283,Luis Leonard MD
2043,103,Product C,Category 2,4,30.0,2023-01-31,1141,Brenda Gonzalez
7020,103,Product C,Category 2,12,30.0,2023-07-27,1117,Sonya Byrd
7305,101,Product A,Category 1,1,10.0,2023-10-05,1543,Patrick Williams
5950,101,Product A,Category 1,8,10.0,2023-06-02,1375,Grace Lopez
4219,101,Product A,Category 1,6,10.0,2023-08-17,1079,Emily Sherman
638,104,Product D,Category 2,6,40.0,2023-06-09,1409,Lynn Shields
2461,102,Product B,Category 1,1,20.0,2023-07-15,1140,Samantha Collins
8710,101,Product A,Category 1,7,10.0,2023-05-17,1338,Anthony Patton
4779,101,Product A,Category 1,1,10.0,2023-12-25,1553,Thomas Maynard
951,101,Product A,Category 1,14,10.0,2023-08-13,1724,Kevin Copeland
5620,104,Product D,Category 2,13,40.0,2023-03-15,1941,William Carroll
3627,104,Product D,Category 2,14,40.0,2023-04-19,1352,Monica Liu
7552,101,Product A,Category 1,5,10.0,2023-09-01,1074,Charles Brown
2817,103,Product C,Category 2,2,30.0,2023-01-01,1346,Kelsey Martinez
1463,104,Product D,Category 2,15,40.0,2023-07-19,1567,Yvonne Banks
4417,103,Product C,Category 2,7,30.0,2023-07-10,1116,Mathew Morris
8727,101,Product A,Category 1,13,10.0,2023-03-27,1689,Nicholas Dalton
5317,102,Product B,Category 1,12,20.0,2023-02-15,1817,Christopher Morris
5085,101,Product A,Category 1,9,10.0,2023-06-04,1225,Dustin Bird
7649,102,Product B,Category 1,15,20.0,2023-12-12,1680,Angela Jenkins
5446,101,Product A,Category 1,11,10.0,2023-06-01,1048,Jessica Smith
665,101,Product A,Category 1,9,10.0,2023-02-13,1335,Anna Johnson
614,104,Product D,Category 2,5,40.0,2023-09-30,1120,Dennis Green
2519,102,Product B,Category 1,3,20.0,2023-11-15,1228,Terrance Novak
1162,101,Product A,Category 1,14,10.0,2023-03-19,1892,Elizabeth Mercado
5506,103,Product C,Category 2,7,30.0,2023-08-10,1573,Jimmy Blanchard
7622,104,Product D,Category 2,9,40.0,2023-12-07,1176,Christina Wagner
9266,103,Product C,Category 2,10,30.0,2023-03-28,1730,Jasmine Espinoza
6873,102,Product B,Category 1,2,20.0,2023-06-18,1907,Whitney Carrillo
5774,101,Product A,Category 1,5,10.0,2023-09-11,1778,Jennifer Rodriguez
3054,103,Product C,Category 2,7,30.0,2023-10-13,1981,Elizabeth Peters
1953,104,Product D,Category 2,4,40.0,2023-11-13,1470,Kristen Myers
3785,101,Product A,Category 1,13,10.0,2023-10-16,1143,Albert Perkins
7854,104,Product D,Category 2,5,40.0,2023-04-07,1585,Heidi Luna
2234,101,Product A,Category 1,12,10.0,2023-03-20,1762,Stephen Douglas
6429,101,Product A,Category 1,10,10.0,2023-05-09,1740,Jesse Miller
5755,102,Product B,Category 1,3,20.0,2023-10-03,1505,Melissa Myers
5571,104,Product D,Category 2,14,40.0,2023-01-14,1069,James Bell
8398,101,Product A,Category 1,14,10.0,2023-09-20,1624,Yvette Jackson
3146,103,Product C,Category 2,15,30.0,2023-07-02,1446,Suzanne Flores MD
5438,101,Product A,Category 1,9,10.0,2023-01-03,1737,Colleen Mcgee
2269,102,Product B,Category 1,5,20.0,2023-12-24,1769,Ricky Soto
1024,104,Product D,Category 2,13,40.0,2023-09-05,1083,Melanie Schultz
728,104,Product D,Category 2,9,40.0,2023-08-03,1137,Joshua Hull
229,101,Product A,Category 1,10,10.0,2023-12-11,1085,Virginia Smith
1301,102,Product B,Category 1,5,20.0,2023-12-19,1192,Alicia Reynolds
2499,101,Product A,Category 1,11,10.0,2023-09-21,1673,Destiny Rivas
1599,102,Product B,Category 1,4,20.0,2023-11-30,1739,Kristin Williams
7931,104,Product D,Category 2,3,40.0,2023-07-22,1608,Nicole Ballard
1734,102,Product B,Category 1,7,20.0,2023-04-18,1757,Cynthia King
9685,102,Product B,Category 1,4,20.0,2023-04-17,1308,Amy Barber
1288,103,Product C,Category 2,8,30.0,2023-02-02,1835,Chris Walker
8320,102,Product B,Category 1,4,20.0,2023-01-31,1792,Kelly Kelley
9025,101,Product A,Category 1,4,10.0,2023-06-15,1815,Kirsten Tran
2595,102,Product B,Category 1,9,20.0,2023-10-18,1326,Arthur King
5135,101,Product A,Category 1,13,10.0,2023-11-19,1460,Kelly Haynes
3196,101,Product A,Category 1,12,10.0,2023-03-16,1498,Angela Guerrero
9002,102,Product B,Category 1,1,20.0,2023-04-19,1615,Meagan Hutchinson
780,102,Product B,Category 1,13,20.0,2023-02-19,1214,Angela Davis
8915,102,Product B,Category 1,6,20.0,2023-07-29,1474,Michael Wallace
2181,102,Product B,Category 1,14,20.0,2023-08-10,1712,Wendy Smith
7139,101,Product A,Category 1,6,10.0,2023-07-22,1436,Mary Howard
5421,102,Product B,Category 1,3,20.0,2023-09-27,1467,Taylor Glenn
5306,101,Product A,Category 1,7,10.0,2023-08-01,1979,Joseph Phillips
7012,101,Product A,Category 1,9,10.0,2023-06-14,1880,Jody Cain
5902,102,Product B,Category 1,11,20.0,2023-10-28,1572,Nicholas Austin
4578,104,Product D,Category 2,4,40.0,2023-01-21,1967,Kristina Lyons
2652,101,Product A,Category 1,5,10.0,2023-04-15,1586,Sarah Jenkins
3389,103,Product C,Category 2,6,30.0,2023-04-17,1120,Dennis Green
4596,102,Product B,Category 1,12,20.0,2023-04-16,1450,Eric Oconnor
1991,102,Product B,Category 1,6,20.0,2023-02-01,1056,Mark Rangel
2701,102,Product B,Category 1,13,20.0,2023-12-30,1303,Ashley Lopez
4551,102,Product B,Category 1,3,20.0,2023-10-25,1575,Daniel Le
1622,102,Product B,Category 1,9,20.0,2023-03-17,1142,Tanya Davidson
7177,103,Product C,Category 2,11,30.0,2023-12-06,1917,Robert Rivera
8060,101,Product A,Category 1,6,10.0,2023-09-12,1731,Stephen Francis
8486,101,Product A,Category 1,6,10.0,2023-08-15,1129,Mary Ray
2363,101,Product A,Category 1,7,10.0,2023-11-22,1193,Kendra Johns
7517,103,Product C,Category 2,4,30.0,2023-12-28,1181,Tammy Flores
7306,102,Product B,Category 1,12,20.0,2023-08-14,1244,Nathan Leonard
246,101,Product A,Category 1,10,10.0,2023-11-29,1528,Regina Brown
4132,101,Product A,Category 1,10,10.0,2023-06-15,1730,Jasmine Espinoza
3305,101,Product A,Category 1,15,10.0,2023-02-14,1129,Mary Ray
4852,104,Product D,Category 2,1,40.0,2023-05-06,1179,Michael Sexton
1206,103,Product C,Category 2,4,30.0,2023-12-23,1834,Cynthia Moore
1694,101,Product A,Category 1,7,10.0,2023-06-13,1996,Shelby Monroe
4120,102,Product B,Category 1,9,20.0,2023-09-04,1394,Lori Edwards
692,104,Product D,Category 2,10,40.0,2023-06-17,1305,Jennifer Gordon
7335,101,Product A,Category 1,3,10.0,2023-01-30,1981,Elizabeth Peters
2824,101,Product A,Category 1,6,10.0,2023-02-16,1268,Katelyn Abbott
2198,101,Product A,Category 1,9,10.0,2023-08-01,1028,Jeffrey Smith
2416,102,Product B,Category 1,15,20.0,2023-04-02,1116,Mathew Morris
651,102,Product B,Category 1,3,20.0,2023-11-12,1857,Jessica Oconnor
5567,104,Product D,Category 2,11,40.0,2023-01-16,1402,Wanda Sheppard
343,101,Product A,Category 1,6,10.0,2023-10-18,1520,Angela Moreno
8104,101,Product A,Category 1,14,10.0,2023-09-28,1197,Erica Wang
7760,102,Product B,Category 1,2,20.0,2023-01-15,1840,Ian Perkins
34,102,Product B,Category 1,11,20.0,2023-07-19,1280,Sarah Rivera
7030,104,Product D,Category 2,5,40.0,2023-11-22,1596,Sharon Kramer
5041,104,Product D,Category 2,4,40.0,2023-06-20,1013,Michael Garcia
5037,102,Product B,Category 1,9,20.0,2023-12-04,1974,Mr. Travis Martin MD
4757,101,Product A,Category 1,9,10.0,2023-05-09,1173,John Shaw
2721,101,Product A,Category 1,14,10.0,2023-04-18,1875,Morgan Roberson
9039,102,Product B,Category 1,13,20.0,2023-03-13,1393,Debra Bennett
9018,102,Product B,Category 1,4,20.0,2023-05-05,1596,Sharon Kramer
8438,102,Product B,Category 1,14,20.0,2023-01-18,1083,Melanie Schultz
3972,101,Product A,Category 1,13,10.0,2023-08-03,1685,Danielle Stewart
6987,101,Product A,Category 1,5,10.0,2023-10-22,1825,Andrew Sweeney
9616,101,Product A,Category 1,14,10.0,2023-09-30,2001,Phillip Ballard
2883,101,Product A,Category 1,11,10.0,2023-03-26,1708,Stephanie Hickman
7126,101,Product A,Category 1,15,10.0,2023-09-05,1681,Charles Sheppard
2361,102,Product B,Category 1,11,20.0,2023-01-20,1008,Tracy Mcdaniel
8794,101,Product A,Category 1,3,10.0,2023-08-22,1744,Bruce Murray
5433,102,Product B,Category 1,4,20.0,2023-09-26,1222,Justin Berry
110,101,Product A,Category 1,5,10.0,2023-08-20,1724,Kevin Copeland
6035,101,Product A,Category 1,14,10.0,2023-10-17,1919,Erica Russell
2506,103,Product C,Category 2,1,30.0,2023-05-05,1727,Christopher Herrera
9683,102,Product B,Category 1,5,20.0,2023-05-14,1514,Julia Brown
1530,101,Product A,Category 1,9,10.0,2023-07-04,1787,Tiffany Walker
6027,103,Product C,Category 2,3,30.0,2023-01-22,1525,Alexandra Young
857,102,Product B,Category 1,10,20.0,2023-10-17,1920,Shannon Maldonado
662,103,Product C,Category 2,11,30.0,2023-07-06,1623,Victor Zuniga
7984,103,Product C,Category 2,15,30.0,2023-04-14,1963,Kathleen Porter
8063,101,Product A,Category 1,7,10.0,2023-07-15,1274,Morgan Mcdonald
5211,103,Product C,Category 2,6,30.0,2023-09-23,1249,Angela Perez
4897,102,Product B,Category 1,13,20.0,2023-07-27,1927,Elizabeth Barnett
8724,102,Product B,Category 1,14,20.0,2023-08-22,1934,Lorraine Deleon
5611,103,Product C,Category 2,10,30.0,2023-06-12,1447,Ashley Long
7847,102,Product B,Category 1,6,20.0,2023-08-20,1857,Jessica Oconnor
6130,101,Product A,Category 1,4,10.0,2023-10-28,1631,John Morris
7555,101,Product A,Category 1,5,10.0,2023-04-14,1459,Jacob White
8358,102,Product B,Category 1,4,20.0,2023-04-08,1968,Jeremiah Ramirez
4097,102,Product B,Category 1,15,20.0,2023-07-05,1384,Joy Kelly
3747,102,Product B,Category 1,9,20.0,2023-06-12,1295,Jeffrey Ballard
3695,101,Product A,Category 1,6,10.0,2023-06-03,1823,Nicole Galloway
5068,101,Product A,Category 1,6,10.0,2023-07-10,1249,Angela Perez
3364,101,Product A,Category 1,6,10.0,2023-09-21,1311,Dr. Jennifer Byrd
8506,101,Product A,Category 1,15,10.0,2023-08-03,1337,James Bryant
3363,101,Product A,Category 1,7,10.0,2023-06-02,1894,Jamie Mcguire
3949,101,Product A,Category 1,12,10.0,2023-01-03,1063,Dr. Donna Shelton
7370,101,Product A,Category 1,13,10.0,2023-08-30,1967,Kristina Lyons
506,102,Product B,Category 1,13,20.0,2023-12-16,1145,James Bauer
5103,102,Product B,Category 1,7,20.0,2023-12-18,1488,Connor Schultz
8904,101,Product A,Category 1,3,10.0,2023-12-17,1402,Wanda Sheppard
1250,101,Product A,Category 1,2,10.0,2023-04-22,1568,Sarah Harper
5124,103,Product C,Category 2,8,30.0,2023-09-03,1452,Heather Payne
3017,102,Product B,Category 1,4,20.0,2023-06-10,1631,John Morris
7153,101,Product A,Category 1,9,10.0,2023-07-20,1397,Shannon Molina
787,104,Product D,Category 2,10,40.0,2023-08-09,1327,James Stephens
7410,101,Product A,Category 1,13,10.0,2023-06-03,1411,Daniel Larsen
7225,104,Product D,Category 2,3,40.0,2023-03-09,1194,Michael Maldonado
6043,101,Product A,Category 1,4,10.0,2023-02-06,1596,Sharon Kramer
6400,103,Product C,Category 2,12,30.0,2023-01-12,1063,Dr. Donna Shelton
1233,102,Product B,Category 1,5,20.0,2023-10-20,1506,Summer Stevens
1529,102,Product B,Category 1,10,20.0,2023-05-07,1812,Andrew Miller
1875,104,Product D,Category 2,5,40.0,2023-01-21,1027,Destiny Moreno
2038,101,Product A,Category 1,11,10.0,2023-08-02,1745,Christy Bradford
3010,102,Product B,Category 1,1,20.0,2023-02-27,1513,Maria Barker
5556,102,Product B,Category 1,5,20.0,2023-02-13,1296,John Walker MD
1202,101,Product A,Category 1,8,10.0,2023-12-01,1409,Lynn Shields
791,102,Product B,Category 1,8,20.0,2023-05-20,1733,Diana Hopkins
6996,101,Product A,Category 1,5,10.0,2023-01-13,1574,Amy Moore
2163,104,Product D,Category 2,6,40.0,2023-04-20,1568,Sarah Harper
3600,104,Product D,Category 2,9,40.0,2023-03-02,1518,Luis Keller
5694,102,Product B,Category 1,11,20.0,2023-09-16,1758,Dr. Adam Hudson MD
9884,102,Product B,Category 1,7,20.0,2023-06-01,1928,Marissa Mendoza
9508,103,Product C,Category 2,8,30.0,2023-10-27,1995,Kevin Burns
7088,103,Product C,Category 2,9,30.0,2023-07-03,1191,Gabriella Bennett
5558,102,Product B,Category 1,14,20.0,2023-03-08,1436,Mary Howard
3450,101,Product A,Category 1,14,10.0,2023-03-16,1277,Jessica Sheppard
9639,102,Product B,Category 1,4,20.0,2023-02-22,1216,Mason Hopkins
2801,104,Product D,Category 2,6,40.0,2023-06-07,1621,Samuel Johnston
6837,101,Product A,Category 1,4,10.0,2023-02-16,1742,Michelle Hoover
9740,102,Product B,Category 1,4,20.0,2023-08-07,1400,Michelle Brewer
1635,103,Product C,Category 2,11,30.0,2023-07-04,1767,Nicholas Wolf II
1631,102,Product B,Category 1,8,20.0,2023-09-02,1670,Isaac Solis
8744,102,Product B,Category 1,9,20.0,2023-10-11,1756,Christopher Thompson
3807,101,Product A,Category 1,3,10.0,2023-05-11,1971,Mark Mccann
8430,103,Product C,Category 2,3,30.0,2023-01-01,1086,Angela Cunningham
1951,101,Product A,Category 1,14,10.0,2023-08-12,1623,Victor Zuniga
987,102,Product B,Category 1,13,20.0,2023-09-25,1039,Matthew Garza
812,102,Product B,Category 1,13,20.0,2023-12-18,1628,Diana Burns
3588,102,Product B,Category 1,12,20.0,2023-03-07,1349,Teresa Chung
9405,104,Product D,Category 2,6,40.0,2023-06-04,1661,Jamie Murphy
3228,101,Product A,Category 1,10,10.0,2023-12-22,1847,Paul Smith
5242,104,Product D,Category 2,8,40.0,2023-06-16,1332,Brittany Lester
5566,101,Product A,Category 1,6,10.0,2023-05-27,1300,Barbara Peterson
3822,103,Product C,Category 2,15,30.0,2023-11-28,1188,Adrienne Weaver
6580,104,Product D,Category 2,12,40.0,2023-01-01,1105,Kelly Gross
9656,102,Product B,Category 1,13,20.0,2023-09-01,1316,Stacey Miller
5832,101,Product A,Category 1,10,10.0,2023-04-18,1022,Linda Campbell
5129,101,Product A,Category 1,2,10.0,2023-04-02,1377,Juan Murphy
9021,101,Product A,Category 1,6,10.0,2023-02-07,1861,Matthew Orr
9123,101,Product A,Category 1,11,10.0,2023-11-18,1440,Alicia Davenport
1757,101,Product A,Category 1,12,10.0,2023-10-09,1945,Deborah Weber
8982,103,Product C,Category 2,1,30.0,2023-08-17,1506,Summer Stevens
3722,101,Product A,Category 1,9,10.0,2023-10-03,1910,Savannah Ellison
1884,103,Product C,Category 2,6,30.0,2023-12-11,1645,Scott Shaffer
3131,103,Product C,Category 2,1,30.0,2023-02-19,1250,Bruce Walsh
1883,104,Product D,Category 2,15,40.0,2023-03-09,1620,Barbara Hamilton
6464,101,Product A,Category 1,8,10.0,2023-09-15,1065,Dr. Amber Flores
8158,104,Product D,Category 2,5,40.0,2023-10-27,1180,Joshua Raymond
420,103,Product C,Category 2,11,30.0,2023-11-10,1107,Thomas Noble
776,103,Product C,Category 2,2,30.0,2023-02-10,1372,Ashley Campbell
5958,103,Product C,Category 2,4,30.0,2023-06-26,1532,Meagan Contreras
2142,102,Product B,Category 1,2,20.0,2023-05-25,1067,Barbara Coleman
4095,101,Product A,Category 1,11,10.0,2023-11-14,1526,Kari Baker
5802,101,Product A,Category 1,11,10.0,2023-11-03,1245,Michelle Hampton
2898,102,Product B,Category 1,1,20.0,2023-10-28,1329,Kristen Skinner
3766,101,Product A,Category 1,8,10.0,2023-06-23,1756,Christopher Thompson
2095,101,Product A,Category 1,8,10.0,2023-12-02,1885,Dustin Anderson
9612,103,Product C,Category 2,13,30.0,2023-07-08,1829,Jill Nunez
932,102,Product B,Category 1,14,20.0,2023-06-04,1581,Joe Beck
5650,104,Product D,Category 2,8,40.0,2023-11-07,1764,John Caldwell
2577,101,Product A,Category 1,14,10.0,2023-04-06,1011,Thomas Escobar
261,103,Product C,Category 2,7,30.0,2023-05-16,1959,Elizabeth Jefferson
4152,102,Product B,Category 1,4,20.0,2023-10-20,1357,Calvin Brock
49,104,Product D,Category 2,5,40.0,2023-05-24,1075,Erin Ortiz MD
7394,103,Product C,Category 2,9,30.0,2023-06-25,1987,Stephanie Patterson
9920,102,Product B,Category 1,5,20.0,2023-08-07,1210,Denise Anderson
3320,101,Product A,Category 1,7,10.0,2023-08-07,1334,Jennifer Burch
2233,101,Product A,Category 1,4,10.0,2023-06-04,1624,Yvette Jackson
9291,104,Product D,Category 2,1,40.0,2023-11-13,1113,Jeffery Moran
2211,103,Product C,Category 2,8,30.0,2023-03-23,1393,Debra Bennett
2394,103,Product C,Category 2,15,30.0,2023-10-09,1278,Gilbert Villanueva
990,104,Product D,Category 2,12,40.0,2023-09-26,1375,Grace Lopez
8100,102,Product B,Category 1,9,20.0,2023-06-13,1568,Sarah Harper
3642,101,Product A,Category 1,3,10.0,2023-12-15,1890,Francisco Carlson
4764,101,Product A,Category 1,15,10.0,2023-11-19,1081,Dana Kennedy
1489,101,Product A,Category 1,5,10.0,2023-06-30,1012,Lee Randolph
9991,102,Product B,Category 1,3,20.0,2023-05-05,1312,Sharon Singleton
264,102,Product B,Category 1,4,20.0,2023-11-29,1808,Abigail Williams
3621,102,Product B,Category 1,7,20.0,2023-05-02,1983,Pamela Griffin MD
729,103,Product C,Category 2,13,30.0,2023-09-18,1767,Nicholas Wolf II
4634,104,Product D,Category 2,13,40.0,2023-01-02,1305,Jennifer Gordon
760,102,Product B,Category 1,7,20.0,2023-04-27,1023,Andrea Warren
8985,102,Product B,Category 1,12,20.0,2023-09-11,1723,Courtney Lyons
6222,101,Product A,Category 1,8,10.0,2023-01-19,1770,Joseph Diaz
9137,101,Product A,Category 1,6,10.0,2023-07-20,1027,Destiny Moreno
3736,102,Product B,Category 1,5,20.0,2023-03-20,1700,Robert Barton
4964,101,Product A,Category 1,3,10.0,2023-09-07,1590,Frederick Hicks
8126,103,Product C,Category 2,7,30.0,2023-09-13,1328,Thomas Mcdonald
363,101,Product A,Category 1,4,10.0,2023-04-07,1018,Jill Schwartz
9762,101,Product A,Category 1,8,10.0,2023-07-17,1542,Christy Lynch
3946,102,Product B,Category 1,15,20.0,2023-12-28,1408,Jesus Williams
9212,101,Product A,Category 1,11,10.0,2023-06-27,1451,Ashley Silva
9666,103,Product C,Category 2,2,30.0,2023-10-24,1554,Robyn Trujillo
6689,104,Product D,Category 2,10,40.0,2023-02-16,1342,Benjamin Sutton
7373,103,Product C,Category 2,7,30.0,2023-01-08,1905,Christopher Horne
1308,102,Product B,Category 1,15,20.0,2023-07-15,1206,Sheila Perez
3457,101,Product A,Category 1,10,10.0,2023-06-18,1693,Paula Mcguire
7907,104,Product D,Category 2,9,40.0,2023-11-07,1847,Paul Smith
9435,101,Product A,Category 1,15,10.0,2023-09-12,1319,Jennifer Clark
4993,102,Product B,Category 1,3,20.0,2023-11-11,1791,Mrs. Wanda Mullins
9253,103,Product C,Category 2,6,30.0,2023-10-25,1896,Margaret Odonnell
2194,101,Product A,Category 1,7,10.0,2023-05-31,1558,Dr. Kristin Miller
170,103,Product C,Category 2,14,30.0,2023-01-25,1592,Taylor Dawson
4463,102,Product B,Category 1,1,20.0,2023-03-15,1983,Pamela Griffin MD
4406,101,Product A,Category 1,13,10.0,2023-12-14,1210,Denise Anderson
4855,101,Product A,Category 1,15,10.0,2023-05-03,1847,Paul Smith
4678,103,Product C,Category 2,7,30.0,2023-01-24,1033,Tammy Jones
5372,103,Product C,Category 2,8,30.0,2023-11-01,1818,Alice Dunn
8368,104,Product D,Category 2,7,40.0,2023-01-31,1109,Erik Roberts
9129,102,Product B,Category 1,15,20.0,2023-02-16,1426,Andrew Hill
1997,101,Product A,Category 1,11,10.0,2023-12-19,1912,Joann Brown
7034,102,Product B,Category 1,4,20.0,2023-09-16,1710,Nicole Caldwell
5170,102,Product B,Category 1,6,20.0,2023-07-20,1593,Joseph Williamson
4125,102,Product B,Category 1,10,20.0,2023-12-13,1104,Alice Anderson
2914,103,Product C,Category 2,9,30.0,2023-08-04,1834,Cynthia Moore
4074,102,Product B,Category 1,8,20.0,2023-01-20,1871,Brent Garcia
1647,102,Product B,Category 1,4,20.0,2023-11-16,1003,Katrina White
626,101,Product A,Category 1,11,10.0,2023-12-06,1661,Jamie Murphy
4558,101,Product A,Category 1,5,10.0,2023-04-17,1082,Donna Smith
759,102,Product B,Category 1,5,20.0,2023-02-03,1198,Roberta Woods
9641,104,Product D,Category 2,2,40.0,2023-10-08,1222,Justin Berry
3581,102,Product B,Category 1,8,20.0,2023-06-21,1603,Wayne Shaw
5607,102,Product B,Category 1,8,20.0,2023-04-15,1121,Frank West
9415,102,Product B,Category 1,14,20.0,2023-03-29,1223,Briana Clark
5835,102,Product B,Category 1,12,20.0,2023-06-23,1687,Ryan Archer
551,101,Product A,Category 1,1,10.0,2023-11-08,1796,Benjamin Henry
3897,101,Product A,Category 1,1,10.0,2023-07-29,1062,Matthew Donovan
2893,103,Product C,Category 2,6,30.0,2023-03-21,1512,Brian Austin
7927,104,Product D,Category 2,7,40.0,2023-04-25,1275,Terry Collins
9269,102,Product B,Category 1,15,20.0,2023-12-21,1837,Robert Larson
8782,101,Product A,Category 1,9,10.0,2023-05-04,1270,Ashley Hernandez
4960,101,Product A,Category 1,4,10.0,2023-07-25,1259,Daniel Mcmillan
497,102,Product B,Category 1,14,20.0,2023-09-01,1746,Samantha Taylor
5526,103,Product C,Category 2,4,30.0,2023-04-02,1076,Mike Barnett
288,104,Product D,Category 2,7,40.0,2023-03-20,1114,Daniel Reed
5387,101,Product A,Category 1,6,10.0,2023-02-24,1369,Carolyn Collins
1379,102,Product B,Category 1,2,20.0,2023-02-13,1806,Rose Sanchez
4549,103,Product C,Category 2,4,30.0,2023-05-01,1067,Barbara Coleman
9094,101,Product A,Category 1,6,10.0,2023-03-10,1911,Barbara Holmes
465,103,Product C,Category 2,3,30.0,2023-02-17,1460,Kelly Haynes
53,103,Product C,Category 2,14,30.0,2023-09-13,1538,Margaret Garcia
8188,101,Product A,Category 1,5,10.0,2023-03-15,1447,Ashley Long
3756,102,Product B,Category 1,11,20.0,2023-06-28,1651,Natalie Moreno
2508,103,Product C,Category 2,6,30.0,2023-07-19,1230,Brandon Marsh
1598,103,Product C,Category 2,4,30.0,2023-05-28,1955,Lindsay Woodward
5730,104,Product D,Category 2,5,40.0,2023-12-17,1481,Matthew Camacho
9842,101,Product A,Category 1,11,10.0,2023-07-07,1281,Julian Tate
6036,102,Product B,Category 1,11,20.0,2023-07-08,1153,Paul George
9511,103,Product C,Category 2,2,30.0,2023-02-25,1713,Jeffery Brown
2853,102,Product B,Category 1,5,20.0,2023-05-24,1403,Lynn Welch
2662,102,Product B,Category 1,13,20.0,2023-09-06,1780,Erin Palmer
5472,101,Product A,Category 1,6,10.0,2023-11-28,1152,Timothy Schultz
1616,103,Product C,Category 2,8,30.0,2023-09-12,1964,Christopher Gonzales
6005,103,Product C,Category 2,1,30.0,2023-09-20,1336,Michael Richard
6230,104,Product D,Category 2,13,40.0,2023-12-03,1620,Barbara Hamilton
6629,102,Product B,Category 1,14,20.0,2023-07-14,1758,Dr. Adam Hudson MD
4428,104,Product D,Category 2,7,40.0,2023-01-22,2001,Phillip Ballard
6495,104,Product D,Category 2,15,40.0,2023-03-25,1027,Destiny Moreno
9643,103,Product C,Category 2,3,30.0,2023-08-31,1437,Oscar Donaldson
7677,102,Product B,Category 1,12,20.0,2023-12-26,1493,Mary Ferguson
4279,101,Product A,Category 1,3,10.0,2023-07-03,1679,Christie Smith
4229,101,Product A,Category 1,15,10.0,2023-02-05,1044,Jasmine Huynh
3583,101,Product A,Category 1,15,10.0,2023-06-05,1561,Sean Rivera
6941,101,Product A,Category 1,6,10.0,2023-06-07,1996,Shelby Monroe
9007,104,Product D,Category 2,3,40.0,2023-05-18,1341,Craig Blake
896,103,Product C,Category 2,7,30.0,2023-11-01,1245,Michelle Hampton
4091,102,Product B,Category 1,14,20.0,2023-03-24,1024,Curtis Campbell
220,104,Product D,Category 2,3,40.0,2023-03-14,1631,John Morris
7434,104,Product D,Category 2,3,40.0,2023-06-07,1320,Cheryl Kennedy
2974,104,Product D,Category 2,9,40.0,2023-07-04,1285,Zachary Smith
4437,101,Product A,Category 1,13,10.0,2023-01-12,1859,Danielle Robinson
2170,102,Product B,Category 1,1,20.0,2023-06-22,1381,Courtney Hansen
8298,102,Product B,Category 1,7,20.0,2023-03-21,1094,Lisa Meyer
5114,102,Product B,Category 1,14,20.0,2023-02-28,1167,Joseph Mccarty
6771,101,Product A,Category 1,6,10.0,2023-04-04,1519,Tiffany Johnson
3199,104,Product D,Category 2,10,40.0,2023-07-08,1463,Tiffany Luna
4169,101,Product A,Category 1,14,10.0,2023-11-13,1662,Tracy Leach
9728,102,Product B,Category 1,2,20.0,2023-06-26,1812,Andrew Miller
480,103,Product C,Category 2,14,30.0,2023-12-26,1810,Dustin Rodriguez
294,103,Product C,Category 2,3,30.0,2023-11-22,1808,Abigail Williams
8290,104,Product D,Category 2,5,40.0,2023-01-08,1745,Christy Bradford
9803,104,Product D,Category 2,9,40.0,2023-10-15,1166,Emma Sosa
1984,101,Product A,Category 1,3,10.0,2023-12-29,1634,Ann Rush
9274,101,Product A,Category 1,6,10.0,2023-11-21,1980,Micheal Murphy
5478,104,Product D,Category 2,15,40.0,2023-12-03,1556,Anne Smith
2594,103,Product C,Category 2,13,30.0,2023-07-25,1463,Tiffany Luna
1508,103,Product C,Category 2,1,30.0,2023-01-07,1784,Sara Martin
6519,102,Product B,Category 1,9,20.0,2023-08-22,1832,Phyllis Garcia
7843,102,Product B,Category 1,1,20.0,2023-01-05,1419,Maria Wallace
2900,102,Product B,Category 1,14,20.0,2023-06-24,1739,Kristin Williams
2344,102,Product B,Category 1,13,20.0,2023-01-09,1617,Daniel Lewis
7567,103,Product C,Category 2,5,30.0,2023-09-05,1139,Katherine Evans
4586,104,Product D,Category 2,8,40.0,2023-06-27,1604,Melissa Smith
5445,102,Product B,Category 1,4,20.0,2023-11-03,1490,Robert Bishop
4577,101,Product A,Category 1,4,10.0,2023-03-01,1972,Jason Vasquez
5066,101,Product A,Category 1,1,10.0,2023-07-02,1593,Joseph Williamson
6212,104,Product D,Category 2,10,40.0,2023-04-01,1971,Mark Mccann
4308,101,Product A,Category 1,11,10.0,2023-04-24,1417,Courtney Haley
6971,101,Product A,Category 1,1,10.0,2023-09-13,1440,Alicia Davenport
2664,104,Product D,Category 2,2,40.0,2023-12-16,1570,Andre Patel
6653,102,Product B,Category 1,8,20.0,2023-04-20,1987,Stephanie Patterson
5744,102,Product B,Category 1,12,20.0,2023-06-02,1715,James Daniels
2152,101,Product A,Category 1,15,10.0,2023-07-11,1940,James Benson
7617,104,Product D,Category 2,11,40.0,2023-09-14,1325,Monica Becker
5521,101,Product A,Category 1,10,10.0,2023-06-25,1100,Sarah Evans
8082,102,Product B,Category 1,15,20.0,2023-09-08,1155,Mark Sanchez
2998,102,Product B,Category 1,14,20.0,2023-11-09,1526,Kari Baker
3749,102,Product B,Category 1,7,20.0,2023-03-14,1993,Morgan Santiago
923,101,Product A,Category 1,1,10.0,2023-06-23,1354,Tiffany Franklin
7771,102,Product B,Category 1,1,20.0,2023-01-20,1549,Timothy Rogers
1273,102,Product B,Category 1,3,20.0,2023-02-10,1340,Debra Kelly
6553,101,Product A,Category 1,1,10.0,2023-02-05,1254,Donald Brown MD
4671,101,Product A,Category 1,12,10.0,2023-08-21,1296,John Walker MD
9743,102,Product B,Category 1,12,20.0,2023-12-14,1940,James Benson
5543,102,Product B,Category 1,9,20.0,2023-08-22,1447,Ashley Long
5389,102,Product B,Category 1,15,20.0,2023-04-14,1423,George Nash
9016,102,Product B,Category 1,2,20.0,2023-05-18,1228,Terrance Novak
6637,103,Product C,Category 2,14,30.0,2023-05-26,1871,Brent Garcia
5101,101,Product A,Category 1,1,10.0,2023-11-30,1795,Devin Beck
9758,104,Product D,Category 2,8,40.0,2023-09-09,1503,Kenneth Young
5628,102,Product B,Category 1,3,20.0,2023-02-17,1520,Angela Moreno
2257,102,Product B,Category 1,1,20.0,2023-04-28,1274,Morgan Mcdonald
1305,104,Product D,Category 2,12,40.0,2023-04-08,1745,Christy Bradford
4067,102,Product B,Category 1,9,20.0,2023-09-17,1036,Elijah Parks
2456,102,Product B,Category 1,8,20.0,2023-08-08,1724,Kevin Copeland
5352,101,Product A,Category 1,6,10.0,2023-03-05,1951,Stephanie Stark
639,101,Product A,Category 1,3,10.0,2023-05-30,1225,Dustin Bird
376,104,Product D,Category 2,4,40.0,2023-01-24,1084,Andrea Hayes
6931,104,Product D,Category 2,12,40.0,2023-01-24,1144,Danielle Macias
4840,102,Product B,Category 1,3,20.0,2023-02-13,1840,Ian Perkins
5465,103,Product C,Category 2,6,30.0,2023-03-31,1895,Miranda Taylor
5929,101,Product A,Category 1,7,10.0,2023-06-01,1796,Benjamin Henry
5563,104,Product D,Category 2,5,40.0,2023-03-18,1665,Michele Sharp
1817,101,Product A,Category 1,13,10.0,2023-10-16,1685,Danielle Stewart
7812,102,Product B,Category 1,8,20.0,2023-07-29,1849,Bryan Cole
2473,103,Product C,Category 2,5,30.0,2023-04-21,1798,Joel Hill MD
6205,102,Product B,Category 1,5,20.0,2023-06-04,1391,Mario Williams
2833,104,Product D,Category 2,2,40.0,2023-05-12,1137,Joshua Hull
4797,102,Product B,Category 1,5,20.0,2023-08-14,1663,Miss Crystal Butler
8610,104,Product D,Category 2,11,40.0,2023-08-22,1582,Nicole Davis
597,102,Product B,Category 1,7,20.0,2023-09-12,1170,Deborah Wilson
7877,103,Product C,Category 2,15,30.0,2023-07-30,1464,Mercedes Allen
7089,101,Product A,Category 1,9,10.0,2023-07-04,1706,Susan Adams
1282,103,Product C,Category 2,2,30.0,2023-11-19,1997,Kimberly Banks
5722,101,Product A,Category 1,14,10.0,2023-11-04,1149,Matthew Love
4134,101,Product A,Category 1,8,10.0,2023-08-30,1169,Mark Stewart
7561,102,Product B,Category 1,7,20.0,2023-12-10,1639,James Macdonald
4484,103,Product C,Category 2,7,30.0,2023-03-16,1903,Caleb Brooks
8010,102,Product B,Category 1,13,20.0,2023-12-16,1411,Daniel Larsen
916,103,Product C,Category 2,1,30.0,2023-02-22,1533,Julie Richardson
877,101,Product A,Category 1,14,10.0,2023-01-05,1067,Barbara Coleman
4269,102,Product B,Category 1,4,20.0,2023-04-26,1724,Kevin Copeland
5240,101,Product A,Category 1,9,10.0,2023-03-09,1273,David Jackson
8189,101,Product A,Category 1,10,10.0,2023-12-28,1294,Tammy Robinson
9657,104,Product D,Category 2,12,40.0,2023-11-04,1339,Mary Mccoy MD
6939,103,Product C,Category 2,15,30.0,2023-09-25,1691,Brent Glenn
1123,101,Product A,Category 1,7,10.0,2023-09-29,1806,Rose Sanchez
4420,104,Product D,Category 2,5,40.0,2023-01-02,1107,Thomas Noble
9210,101,Product A,Category 1,8,10.0,2023-12-03,1297,Russell Gomez
4231,102,Product B,Category 1,8,20.0,2023-08-31,1518,Luis Keller
958,103,Product C,Category 2,5,30.0,2023-08-10,1415,Linda Jones
2206,101,Product A,Category 1,7,10.0,2023-07-14,1171,Craig Lyons
5509,102,Product B,Category 1,6,20.0,2023-01-28,1212,Ryan Mcfarland
7898,102,Product B,Category 1,8,20.0,2023-06-04,1021,Thomas Buckley
517,103,Product C,Category 2,4,30.0,2023-10-13,1845,Jennifer Rosales
1487,104,Product D,Category 2,7,40.0,2023-11-21,1565,Latoya Hayes
1054,103,Product C,Category 2,12,30.0,2023-12-15,1784,Sara Martin
5328,101,Product A,Category 1,13,10.0,2023-04-15,1152,Timothy Schultz
7774,103,Product C,Category 2,2,30.0,2023-02-27,1731,Stephen Francis
3082,103,Product C,Category 2,5,30.0,2023-08-24,1282,Allen Bell
1299,101,Product A,Category 1,13,10.0,2023-03-13,1985,Latoya Campbell
2867,104,Product D,Category 2,9,40.0,2023-07-22,1576,Jason Ford
1781,102,Product B,Category 1,7,20.0,2023-09-17,1760,Elizabeth Wright
201,102,Product B,Category 1,14,20.0,2023-03-21,1197,Erica Wang
130,102,Product B,Category 1,14,20.0,2023-07-16,1884,Donald Davis
6789,102,Product B,Category 1,2,20.0,2023-03-23,1516,Hannah Anderson
1591,101,Product A,Category 1,5,10.0,2023-01-16,1046,Zachary Gonzales
83,102,Product B,Category 1,15,20.0,2023-09-06,1563,Lori Wall
747,101,Product A,Category 1,6,10.0,2023-08-13,1169,Mark Stewart
6958,103,Product C,Category 2,4,30.0,2023-12-18,1026,Bailey Middleton
9629,101,Product A,Category 1,11,10.0,2023-03-23,1593,Joseph Williamson
9552,104,Product D,Category 2,5,40.0,2023-08-12,1130,Tracy Martinez
6662,101,Product A,Category 1,5,10.0,2023-11-21,1418,Gary Gonzales
6310,104,Product D,Category 2,9,40.0,2023-06-27,1707,Mr. Nicholas Harris Jr.
2969,103,Product C,Category 2,2,30.0,2023-02-10,1101,Evan Mitchell
1433,102,Product B,Category 1,5,20.0,2023-07-30,1296,John Walker MD
4007,101,Product A,Category 1,6,10.0,2023-12-15,1145,James Bauer
4568,101,Product A,Category 1,10,10.0,2023-05-29,1307,Michael Munoz
1364,102,Product B,Category 1,7,20.0,2023-01-26,1476,Mary Robinson
7805,102,Product B,Category 1,11,20.0,2023-05-08,1214,Angela Davis
8451,102,Product B,Category 1,5,20.0,2023-09-24,1372,Ashley Campbell
3942,102,Product B,Category 1,2,20.0,2023-06-01,1168,Maria Shah
6607,101,Product A,Category 1,5,10.0,2023-05-10,1539,Charles Dixon
14,104,Product D,Category 2,1,40.0,2023-06-20,1947,Nicole Hall
426,102,Product B,Category 1,15,20.0,2023-11-27,1782,Nancy Martinez
764,104,Product D,Category 2,1,40.0,2023-07-22,1700,Robert Barton
3888,104,Product D,Category 2,12,40.0,2023-12-27,1042,Jessica Gibson
8978,102,Product B,Category 1,1,20.0,2023-07-26,1809,Katherine King
8077,101,Product A,Category 1,6,10.0,2023-07-16,1186,Dr. Tammy Walker
6144,101,Product A,Category 1,1,10.0,2023-02-13,1443,Shannon Garcia
8091,103,Product C,Category 2,2,30.0,2023-03-26,1127,William Vega
5131,102,Product B,Category 1,10,20.0,2023-12-15,1414,Amanda Wilson
9218,102,Product B,Category 1,4,20.0,2023-01-14,1236,William Jones
2988,102,Product B,Category 1,15,20.0,2023-11-30,1143,Albert Perkins
6340,102,Product B,Category 1,13,20.0,2023-04-23,1559,Brian Saunders
4011,102,Product B,Category 1,13,20.0,2023-04-29,1323,Debra Hernandez
6259,104,Product D,Category 2,6,40.0,2023-06-13,1329,Kristen Skinner
4785,103,Product C,Category 2,6,30.0,2023-04-02,1375,Grace Lopez
2098,101,Product A,Category 1,4,10.0,2023-01-19,1885,Dustin Anderson
8212,103,Product C,Category 2,5,30.0,2023-10-20,1582,Nicole Davis
7457,102,Product B,Category 1,11,20.0,2023-11-17,1757,Cynthia King
5330,102,Product B,Category 1,2,20.0,2023-05-08,1196,Steven Simon
7830,102,Product B,Category 1,10,20.0,2023-12-14,1387,Gregory Phelps
3993,101,Product A,Category 1,1,10.0,2023-11-16,1986,Joseph Vance
7208,104,Product D,Category 2,5,40.0,2023-05-17,1660,Anthony Warren
9584,101,Product A,Category 1,5,10.0,2023-12-24,1256,Kayla Torres
3790,103,Product C,Category 2,7,30.0,2023-10-19,1379,Samantha West
6910,102,Product B,Category 1,4,20.0,2023-02-04,1639,James Macdonald
3912,103,Product C,Category 2,5,30.0,2023-11-13,1194,Michael Maldonado
8023,101,Product A,Category 1,10,10.0,2023-02-11,1126,Anthony Kaiser
5889,104,Product D,Category 2,11,40.0,2023-02-18,1356,Chris Kelley
5619,101,Product A,Category 1,10,10.0,2023-09-30,1729,Karen Moyer
4880,101,Product A,Category 1,3,10.0,2023-06-04,1685,Danielle Stewart
9947,102,Product B,Category 1,12,20.0,2023-01-05,1215,Lisa Sanders
7216,102,Product B,Category 1,2,20.0,2023-06-16,1130,Tracy Martinez
466,101,Product A,Category 1,11,10.0,2023-09-19,1492,Sarah Williams
7210,102,Product B,Category 1,13,20.0,2023-05-05,1214,Angela Davis
1110,102,Product B,Category 1,10,20.0,2023-08-14,1397,Shannon Molina
4608,101,Product A,Category 1,12,10.0,2023-06-28,1654,Suzanne Johnson
7227,102,Product B,Category 1,5,20.0,2023-11-19,1906,Brittany Morgan
5727,103,Product C,Category 2,4,30.0,2023-06-25,1733,Diana Hopkins
9096,103,Product C,Category 2,4,30.0,2023-01-11,1338,Anthony Patton
868,101,Product A,Category 1,12,10.0,2023-07-05,1553,Thomas Maynard
1134,102,Product B,Category 1,8,20.0,2023-07-10,1797,Todd Black
6720,102,Product B,Category 1,6,20.0,2023-10-22,1270,Ashley Hernandez
3871,103,Product C,Category 2,7,30.0,2023-07-11,1777,William Morrison
566,104,Product D,Category 2,1,40.0,2023-05-17,1779,Rebecca Wallace
5604,103,Product C,Category 2,5,30.0,2023-06-23,1840,Ian Perkins
2747,102,Product B,Category 1,8,20.0,2023-09-15,1405,Gina Cain
6867,103,Product C,Category 2,3,30.0,2023-02-06,1697,Michelle Mendoza
8570,101,Product A,Category 1,8,10.0,2023-02-24,1123,David Mccoy
3092,101,Product A,Category 1,3,10.0,2023-12-17,1539,Charles Dixon
2356,101,Product A,Category 1,1,10.0,2023-08-11,1356,Chris Kelley
2015,102,Product B,Category 1,4,20.0,2023-07-16,1198,Roberta Woods
4165,103,Product C,Category 2,6,30.0,2023-02-18,1906,Brittany Morgan
2600,102,Product B,Category 1,10,20.0,2023-11-27,1494,Destiny Robinson
6142,101,Product A,Category 1,10,10.0,2023-06-23,1344,Katherine Diaz
8277,103,Product C,Category 2,14,30.0,2023-02-13,1856,Patricia Green
6927,102,Product B,Category 1,2,20.0,2023-11-01,1548,Jasmine Perez
6537,101,Product A,Category 1,3,10.0,2023-07-02,1540,Tina Thompson
8785,101,Product A,Category 1,9,10.0,2023-04-18,1858,James Smith
4587,102,Product B,Category 1,1,20.0,2023-03-21,1626,Sally Wilson
5189,102,Product B,Category 1,5,20.0,2023-06-17,1835,Chris Walker
3471,102,Product B,Category 1,11,20.0,2023-02-08,1116,Mathew Morris
1827,102,Product B,Category 1,13,20.0,2023-04-08,1806,Rose Sanchez
1133,103,Product C,Category 2,3,30.0,2023-08-26,1050,Michael Fisher
5876,102,Product B,Category 1,7,20.0,2023-09-11,1034,Sarah Thomas
7495,102,Product B,Category 1,6,20.0,2023-11-18,1802,Sarah Moses
1636,101,Product A,Category 1,11,10.0,2023-06-17,1766,Scott Howard
7534,102,Product B,Category 1,13,20.0,2023-09-28,1148,Veronica Delgado
1414,101,Product A,Category 1,5,10.0,2023-06-21,1156,Michael Roberts
7510,102,Product B,Category 1,10,20.0,2023-03-11,1044,Jasmine Huynh
4472,101,Product A,Category 1,13,10.0,2023-12-20,1747,Sherri Green
4079,101,Product A,Category 1,5,10.0,2023-07-25,1183,Samuel Cook
8571,104,Product D,Category 2,11,40.0,2023-07-02,1211,Cassandra Escobar
6474,101,Product A,Category 1,4,10.0,2023-10-25,1872,David Krueger
2214,102,Product B,Category 1,10,20.0,2023-11-10,1718,George Cox
6566,101,Product A,Category 1,13,10.0,2023-07-08,1179,Michael Sexton
2924,101,Product A,Category 1,10,10.0,2023-05-16,1571,Robert Keller
11,102,Product B,Category 1,4,20.0,2023-02-08,1641,Tanya Daugherty
5798,101,Product A,Category 1,14,10.0,2023-05-02,1235,Mario Leblanc
9341,104,Product D,Category 2,6,40.0,2023-06-08,1471,Sarah James
1424,104,Product D,Category 2,12,40.0,2023-08-17,1897,Sean Galloway
1788,101,Product A,Category 1,10,10.0,2023-11-03,1260,Patricia Franklin
9793,101,Product A,Category 1,6,10.0,2023-09-25,1532,Meagan Contreras
9804,102,Product B,Category 1,6,20.0,2023-11-11,1288,Hannah Stevens
320,102,Product B,Category 1,1,20.0,2023-03-07,1059,Jessica Jackson
4215,104,Product D,Category 2,9,40.0,2023-12-25,1868,James Martinez
1197,104,Product D,Category 2,2,40.0,2023-11-19,1139,Katherine Evans
5243,102,Product B,Category 1,11,20.0,2023-05-19,1623,Victor Zuniga
7691,103,Product C,Category 2,11,30.0,2023-07-10,1097,Christopher Delgado
3598,102,Product B,Category 1,3,20.0,2023-02-15,1476,Mary Robinson
3430,102,Product B,Category 1,3,20.0,2023-01-22,1649,Kimberly Hernandez
4221,102,Product B,Category 1,15,20.0,2023-12-29,1264,Kathleen Jones
3639,101,Product A,Category 1,7,10.0,2023-08-07,1443,Shannon Garcia
1545,102,Product B,Category 1,8,20.0,2023-10-12,1317,Sharon Kennedy
6248,103,Product C,Category 2,11,30.0,2023-05-04,1133,Zachary Moore
4749,104,Product D,Category 2,13,40.0,2023-09-17,1153,Paul George
2522,101,Product A,Category 1,2,10.0,2023-04-26,1747,Sherri Green
876,103,Product C,Category 2,11,30.0,2023-11-18,1473,Francisco Rodriguez
3009,102,Product B,Category 1,6,20.0,2023-03-17,1801,Katherine Delacruz
385,102,Product B,Category 1,14,20.0,2023-09-26,1354,Tiffany Franklin
1752,102,Product B,Category 1,2,20.0,2023-02-14,1144,Danielle Macias
9272,101,Product A,Category 1,9,10.0,2023-04-10,1666,Guy Reed Jr.
5026,103,Product C,Category 2,14,30.0,2023-12-06,1961,Nicholas Gutierrez
9724,103,Product C,Category 2,14,30.0,2023-10-26,1151,Thomas Romero
2034,101,Product A,Category 1,7,10.0,2023-02-11,1511,Kenneth Hardy
7021,102,Product B,Category 1,14,20.0,2023-01-17,1223,Briana Clark
2248,101,Product A,Category 1,11,10.0,2023-07-06,1697,Michelle Mendoza
2359,104,Product D,Category 2,11,40.0,2023-08-07,1048,Jessica Smith
3902,102,Product B,Category 1,1,20.0,2023-09-19,1960,Gary Rhodes
9967,101,Product A,Category 1,1,10.0,2023-10-14,1436,Mary Howard
6645,101,Product A,Category 1,5,10.0,2023-02-15,1511,Kenneth Hardy
3563,104,Product D,Category 2,5,40.0,2023-12-13,1424,Justin Snyder
9816,102,Product B,Category 1,10,20.0,2023-08-21,1251,Christina Clark
1497,103,Product C,Category 2,9,30.0,2023-03-08,1695,Melissa Rodriguez
1926,103,Product C,Category 2,4,30.0,2023-03-04,1020,Matthew Russell
64,101,Product A,Category 1,8,10.0,2023-03-08,1877,Kelsey Bell
3467,104,Product D,Category 2,2,40.0,2023-07-03,1094,Lisa Meyer
1993,104,Product D,Category 2,4,40.0,2023-07-03,1757,Cynthia King
52,103,Product C,Category 2,3,30.0,2023-04-29,1037,Kyle Sanchez
2300,101,Product A,Category 1,3,10.0,2023-09-28,1505,Melissa Myers
7786,101,Product A,Category 1,2,10.0,2023-11-14,1346,Kelsey Martinez
2066,101,Product A,Category 1,4,10.0,2023-06-26,1701,Jennifer Hernandez
9314,101,Product A,Category 1,5,10.0,2023-08-25,1175,Michael Mendez
7467,103,Product C,Category 2,8,30.0,2023-06-20,1072,Maurice Peterson
7670,102,Product B,Category 1,8,20.0,2023-02-04,1301,Matthew Riley
5788,104,Product D,Category 2,1,40.0,2023-01-24,1960,Gary Rhodes
2911,102,Product B,Category 1,7,20.0,2023-07-25,1261,Jaime Farmer
5700,104,Product D,Category 2,3,40.0,2023-03-14,1572,Nicholas Austin
427,102,Product B,Category 1,1,20.0,2023-10-18,1137,Joshua Hull
3267,102,Product B,Category 1,15,20.0,2023-10-07,1337,James Bryant
7604,104,Product D,Category 2,11,40.0,2023-07-29,1096,Jaime Young
2203,102,Product B,Category 1,15,20.0,2023-02-14,1815,Kirsten Tran
3717,102,Product B,Category 1,15,20.0,2023-05-05,1926,Christina Patterson
3497,101,Product A,Category 1,8,10.0,2023-05-19,1675,Jessica Villa
7717,103,Product C,Category 2,2,30.0,2023-04-14,1804,Paul Patterson
9227,101,Product A,Category 1,11,10.0,2023-12-27,1615,Meagan Hutchinson
4467,104,Product D,Category 2,13,40.0,2023-12-01,1609,Alexandra Clark
3914,103,Product C,Category 2,2,30.0,2023-07-11,1400,Michelle Brewer
7619,101,Product A,Category 1,12,10.0,2023-02-18,1694,Kyle Tapia
549,101,Product A,Category 1,14,10.0,2023-12-12,1282,Allen Bell
7576,102,Product B,Category 1,11,20.0,2023-11-11,1501,Jane Cruz
4373,102,Product B,Category 1,8,20.0,2023-11-28,1934,Lorraine Deleon
1501,102,Product B,Category 1,2,20.0,2023-03-10,1618,Allison Delgado
6569,101,Product A,Category 1,12,10.0,2023-12-20,1313,Crystal Johns
8001,104,Product D,Category 2,15,40.0,2023-12-14,1618,Allison Delgado
7521,103,Product C,Category 2,12,30.0,2023-03-24,1015,Dennis Castillo
3111,102,Product B,Category 1,4,20.0,2023-10-08,1990,Tiffany Horne
3192,102,Product B,Category 1,2,20.0,2023-03-16,1245,Michelle Hampton
3838,101,Product A,Category 1,5,10.0,2023-02-12,1016,Kayla Kelly
5583,101,Product A,Category 1,6,10.0,2023-01-26,1883,Nicole Barton
5361,102,Product B,Category 1,2,20.0,2023-05-01,1515,Jorge Valdez
4197,101,Product A,Category 1,15,10.0,2023-10-07,1273,David Jackson
2110,103,Product C,Category 2,1,30.0,2023-04-22,1241,Stephanie Ramos
3846,103,Product C,Category 2,12,30.0,2023-05-17,1917,Robert Rivera
7761,101,Product A,Category 1,1,10.0,2023-10-02,1313,Crystal Johns
8686,101,Product A,Category 1,10,10.0,2023-09-10,1410,Jessica Harvey
6348,102,Product B,Category 1,14,20.0,2023-11-05,1179,Michael Sexton
9886,103,Product C,Category 2,15,30.0,2023-11-19,1030,Craig Smith
2073,102,Product B,Category 1,8,20.0,2023-08-30,1493,Mary Ferguson
9289,102,Product B,Category 1,3,20.0,2023-02-25,1331,Katherine Oliver
9240,104,Product D,Category 2,11,40.0,2023-04-03,1372,Ashley Campbell
7580,101,Product A,Category 1,8,10.0,2023-05-28,1479,Mr. Donald Evans PhD
2008,103,Product C,Category 2,1,30.0,2023-03-12,1325,Monica Becker
5234,101,Product A,Category 1,12,10.0,2023-07-30,1115,Matthew Duke
1234,104,Product D,Category 2,7,40.0,2023-07-14,1553,Thomas Maynard
4323,102,Product B,Category 1,9,20.0,2023-05-02,1522,Jack Medina
9937,102,Product B,Category 1,11,20.0,2023-07-20,1004,Kevin Moyer
1103,103,Product C,Category 2,4,30.0,2023-08-26,1627,Daniel Lopez
5608,104,Product D,Category 2,9,40.0,2023-11-10,1813,Cathy Hanna
9142,101,Product A,Category 1,7,10.0,2023-03-07,1567,Yvonne Banks
7914,102,Product B,Category 1,5,20.0,2023-06-24,1792,Kelly Kelley
1312,102,Product B,Category 1,11,20.0,2023-06-14,1938,Mark Carlson
9944,102,Product B,Category 1,5,20.0,2023-07-23,1297,Russell Gomez
3631,102,Product B,Category 1,3,20.0,2023-12-11,1155,Mark Sanchez
1467,104,Product D,Category 2,2,40.0,2023-09-22,1354,Tiffany Franklin
2494,103,Product C,Category 2,3,30.0,2023-06-03,1321,Linda Rivera
6064,101,Product A,Category 1,7,10.0,2023-10-09,1507,Bryan Myers
8670,101,Product A,Category 1,6,10.0,2023-03-12,1142,Tanya Davidson
8807,101,Product A,Category 1,15,10.0,2023-11-16,1865,David Turner
3374,102,Product B,Category 1,3,20.0,2023-04-19,1313,Crystal Johns
4304,104,Product D,Category 2,3,40.0,2023-10-22,1912,Joann Brown
4307,102,Product B,Category 1,13,20.0,2023-07-23,1723,Courtney Lyons
9548,101,Product A,Category 1,13,10.0,2023-02-03,1729,Karen Moyer
5418,102,Product B,Category 1,9,20.0,2023-09-25,1552,Megan Crawford
4917,101,Product A,Category 1,15,10.0,2023-02-24,1039,Matthew Garza
4404,104,Product D,Category 2,5,40.0,2023-07-24,1897,Sean Galloway
6684,104,Product D,Category 2,10,40.0,2023-03-20,1044,Jasmine Huynh
8047,103,Product C,Category 2,15,30.0,2023-02-03,1051,Deborah Campbell
9596,101,Product A,Category 1,7,10.0,2023-11-19,1309,Paula Cook
470,102,Product B,Category 1,14,20.0,2023-04-11,1188,Adrienne Weaver
4544,101,Product A,Category 1,8,10.0,2023-12-20,1272,Brittany Underwood
1681,102,Product B,Category 1,11,20.0,2023-05-15,1932,Philip Mack
7793,101,Product A,Category 1,5,10.0,2023-12-13,1714,Cole Mcdowell
86,102,Product B,Category 1,9,20.0,2023-05-14,1975,Theresa Poole
4425,102,Product B,Category 1,7,20.0,2023-12-11,1788,Megan Skinner
8817,102,Product B,Category 1,7,20.0,2023-09-03,1265,Charles Nguyen
9177,102,Product B,Category 1,10,20.0,2023-12-20,1528,Regina Brown
4131,101,Product A,Category 1,1,10.0,2023-02-23,1963,Kathleen Porter
592,103,Product C,Category 2,3,30.0,2023-03-15,1351,Eileen Tucker
7607,101,Product A,Category 1,14,10.0,2023-03-02,1062,Matthew Donovan
1007,101,Product A,Category 1,10,10.0,2023-08-07,1803,Heather Jefferson
9799,101,Product A,Category 1,2,10.0,2023-03-02,1787,Tiffany Walker
6372,102,Product B,Category 1,6,20.0,2023-10-29,1825,Andrew Sweeney
8226,104,Product D,Category 2,15,40.0,2023-04-19,1120,Dennis Green
177,103,Product C,Category 2,4,30.0,2023-06-11,1189,Alyssa Delacruz
211,104,Product D,Category 2,15,40.0,2023-09-30,1849,Bryan Cole
3519,101,Product A,Category 1,8,10.0,2023-07-20,1278,Gilbert Villanueva
9188,104,Product D,Category 2,7,40.0,2023-10-02,1528,Regina Brown
8507,103,Product C,Category 2,6,30.0,2023-01-17,1758,Dr. Adam Hudson MD
6023,103,Product C,Category 2,3,30.0,2023-10-23,1690,Ashley Ali
8333,101,Product A,Category 1,12,10.0,2023-01-19,1313,Crystal Johns
9744,102,Product B,Category 1,6,20.0,2023-05-14,1494,Destiny Robinson
6683,103,Product C,Category 2,4,30.0,2023-11-09,1702,Kimberly Ramirez
7068,104,Product D,Category 2,9,40.0,2023-05-27,1629,Alexander Ramirez
5366,104,Product D,Category 2,14,40.0,2023-04-29,1874,Thomas Sutton
4718,101,Product A,Category 1,13,10.0,2023-03-30,1863,Laura Gonzalez
5516,101,Product A,Category 1,14,10.0,2023-07-27,1270,Ashley Hernandez
4000,102,Product B,Category 1,15,20.0,2023-08-15,1164,Brian Mccann
8933,102,Product B,Category 1,9,20.0,2023-03-01,1912,Joann Brown
9325,103,Product C,Category 2,2,30.0,2023-10-29,1499,Justin Alvarado
8374,102,Product B,Category 1,10,20.0,2023-10-23,1697,Michelle Mendoza
1534,101,Product A,Category 1,1,10.0,2023-01-24,1447,Ashley Long
7871,101,Product A,Category 1,14,10.0,2023-08-30,1974,Mr. Travis Martin MD
9480,104,Product D,Category 2,14,40.0,2023-03-26,2001,Phillip Ballard
3728,101,Product A,Category 1,5,10.0,2023-06-29,1918,Mr. Wesley White
7664,103,Product C,Category 2,10,30.0,2023-03-22,1999,Diane Steele
6997,101,Product A,Category 1,15,10.0,2023-08-13,1414,Amanda Wilson
8509,101,Product A,Category 1,2,10.0,2023-12-05,1979,Joseph Phillips
3958,102,Product B,Category 1,3,20.0,2023-07-25,1885,Dustin Anderson
3645,103,Product C,Category 2,1,30.0,2023-08-18,1284,Jessica Miles
9926,102,Product B,Category 1,2,20.0,2023-06-12,1548,Jasmine Perez
2957,102,Product B,Category 1,8,20.0,2023-03-19,1339,Mary Mccoy MD
8053,102,Product B,Category 1,7,20.0,2023-04-20,1903,Caleb Brooks
8180,101,Product A,Category 1,6,10.0,2023-04-08,1582,Nicole Davis
5555,103,Product C,Category 2,5,30.0,2023-09-24,1198,Roberta Woods
725,103,Product C,Category 2,15,30.0,2023-12-21,1669,Tyrone Allen
5562,102,Product B,Category 1,5,20.0,2023-05-13,1694,Kyle Tapia
131,103,Product C,Category 2,13,30.0,2023-11-22,1137,Joshua Hull
7383,102,Product B,Category 1,10,20.0,2023-11-30,1777,William Morrison
3459,101,Product A,Category 1,9,10.0,2023-05-23,1967,Kristina Lyons
9749,103,Product C,Category 2,10,30.0,2023-06-24,1736,Emily George
9769,102,Product B,Category 1,15,20.0,2023-11-28,1023,Andrea Warren
5677,101,Product A,Category 1,3,10.0,2023-12-11,1431,Donna Duffy
41,104,Product D,Category 2,8,40.0,2023-05-11,1825,Andrew Sweeney
2358,102,Product B,Category 1,13,20.0,2023-05-16,1190,Dr. Debra Thomas
3628,103,Product C,Category 2,8,30.0,2023-09-05,1329,Kristen Skinner
8880,101,Product A,Category 1,1,10.0,2023-12-19,1501,Jane Cruz
9194,101,Product A,Category 1,13,10.0,2023-05-12,1989,Jason Smith
7601,103,Product C,Category 2,8,30.0,2023-12-20,1790,Kathleen Dunn
8114,102,Product B,Category 1,12,20.0,2023-08-16,1668,Brian Bridges
4614,102,Product B,Category 1,13,20.0,2023-02-10,1302,Michelle Jones
9202,102,Product B,Category 1,10,20.0,2023-02-23,1996,Shelby Monroe
3463,101,Product A,Category 1,3,10.0,2023-08-23,1477,Louis Harris
3514,104,Product D,Category 2,14,40.0,2023-02-23,1055,Jennifer Giles
98,102,Product B,Category 1,1,20.0,2023-01-06,1686,Anthony Perez
7962,103,Product C,Category 2,5,30.0,2023-07-31,1085,Virginia Smith
5717,101,Product A,Category 1,1,10.0,2023-02-27,1916,Scott Mathews
7944,104,Product D,Category 2,3,40.0,2023-07-10,1713,Jeffery Brown
719,101,Product A,Category 1,15,10.0,2023-08-26,1956,Mrs. Sonya Jacobs MD
9868,103,Product C,Category 2,9,30.0,2023-04-05,1891,Justin Phillips
2873,102,Product B,Category 1,13,20.0,2023-02-21,1404,Mr. Anthony Palmer
9019,103,Product C,Category 2,13,30.0,2023-03-05,1579,Michele Hicks
797,103,Product C,Category 2,12,30.0,2023-09-08,1308,Amy Barber
7572,103,Product C,Category 2,14,30.0,2023-01-08,1134,Tiffany Boyd DVM
3983,101,Product A,Category 1,1,10.0,2023-07-10,1009,Nicole Bailey
1151,104,Product D,Category 2,12,40.0,2023-11-24,1842,Christopher Martin
1968,101,Product A,Category 1,2,10.0,2023-09-08,1301,Matthew Riley
2346,102,Product B,Category 1,3,20.0,2023-07-13,2001,Phillip Ballard
9037,102,Product B,Category 1,6,20.0,2023-04-08,1915,Sandra Bell
8968,104,Product D,Category 2,1,40.0,2023-03-29,1886,Samantha Dorsey
2046,101,Product A,Category 1,1,10.0,2023-05-16,1018,Jill Schwartz
2306,102,Product B,Category 1,1,20.0,2023-06-19,1022,Linda Campbell
9279,103,Product C,Category 2,4,30.0,2023-02-07,1690,Ashley Ali
9030,103,Product C,Category 2,15,30.0,2023-09-03,1397,Shannon Molina
1719,101,Product A,Category 1,15,10.0,2023-12-06,1183,Samuel Cook
393,102,Product B,Category 1,3,20.0,2023-11-05,1676,Craig Conner
1378,101,Product A,Category 1,13,10.0,2023-05-10,1591,Jennifer Ford
860,102,Product B,Category 1,13,20.0,2023-11-05,1647,Ronald Murphy
9451,103,Product C,Category 2,15,30.0,2023-09-09,1664,Maria Lyons
199,101,Product A,Category 1,7,10.0,2023-06-27,1206,Sheila Perez
1199,101,Product A,Category 1,2,10.0,2023-10-07,1570,Andre Patel
3308,102,Product B,Category 1,11,20.0,2023-12-21,1162,Annette Richardson
1523,101,Product A,Category 1,6,10.0,2023-11-23,1652,Mitchell Burch
1157,102,Product B,Category 1,2,20.0,2023-10-07,1397,Shannon Molina
8096,103,Product C,Category 2,10,30.0,2023-02-15,1198,Roberta Woods
1221,102,Product B,Category 1,12,20.0,2023-04-07,1405,Gina Cain
1761,104,Product D,Category 2,9,40.0,2023-03-02,1243,Patricia Sampson
1552,104,Product D,Category 2,3,40.0,2023-08-10,1622,Jessica Richmond
4384,104,Product D,Category 2,15,40.0,2023-05-11,1553,Thomas Maynard
6703,101,Product A,Category 1,8,10.0,2023-08-27,1928,Marissa Mendoza
2117,102,Product B,Category 1,3,20.0,2023-01-05,1319,Jennifer Clark
3830,102,Product B,Category 1,13,20.0,2023-02-08,1121,Frank West
5413,102,Product B,Category 1,12,20.0,2023-09-22,1137,Joshua Hull
2301,101,Product A,Category 1,8,10.0,2023-10-28,1323,Debra Hernandez
7233,101,Product A,Category 1,5,10.0,2023-02-09,1600,Kimberly Gallegos
8062,101,Product A,Category 1,8,10.0,2023-12-30,1782,Nancy Martinez
7659,103,Product C,Category 2,9,30.0,2023-11-28,1034,Sarah Thomas
4482,102,Product B,Category 1,11,20.0,2023-06-06,1922,Nicholas Stevens
5011,101,Product A,Category 1,12,10.0,2023-05-10,1579,Michele Hicks
2020,102,Product B,Category 1,10,20.0,2023-05-06,1871,Brent Garcia
2349,102,Product B,Category 1,4,20.0,2023-05-21,1459,Jacob White
3603,103,Product C,Category 2,1,30.0,2023-10-25,1477,Louis Harris
3901,103,Product C,Category 2,14,30.0,2023-07-11,1711,Erica Mills
4138,103,Product C,Category 2,1,30.0,2023-12-21,1813,Cathy Hanna
7149,102,Product B,Category 1,10,20.0,2023-12-21,1045,Jason Williams
3709,104,Product D,Category 2,7,40.0,2023-10-07,1420,Nancy Parks
112,103,Product C,Category 2,10,30.0,2023-01-27,1922,Nicholas Stevens
8307,102,Product B,Category 1,13,20.0,2023-04-27,1875,Morgan Roberson
8116,104,Product D,Category 2,13,40.0,2023-12-21,1441,Kimberly Harris
8097,102,Product B,Category 1,12,20.0,2023-11-16,1825,Andrew Sweeney
9397,102,Product B,Category 1,13,20.0,2023-07-22,1790,Kathleen Dunn
2335,102,Product B,Category 1,14,20.0,2023-07-04,1792,Kelly Kelley
1971,103,Product C,Category 2,14,30.0,2023-01-17,1007,Katherine Stephens
7347,101,Product A,Category 1,8,10.0,2023-08-09,1441,Kimberly Harris
537,101,Product A,Category 1,11,10.0,2023-02-12,1803,Heather Jefferson
6334,102,Product B,Category 1,12,20.0,2023-06-17,1171,Craig Lyons
1688,101,Product A,Category 1,9,10.0,2023-10-22,1814,Kimberly Hamilton
8612,103,Product C,Category 2,15,30.0,2023-06-16,1987,Stephanie Patterson
9838,103,Product C,Category 2,13,30.0,2023-09-06,1540,Tina Thompson
8738,104,Product D,Category 2,5,40.0,2023-07-04,1688,Robert Mclaughlin
3038,102,Product B,Category 1,12,20.0,2023-07-04,1619,Angel Sanders
111,102,Product B,Category 1,14,20.0,2023-11-20,1265,Charles Nguyen
6733,101,Product A,Category 1,15,10.0,2023-01-19,1510,Christopher Wright
6735,104,Product D,Category 2,11,40.0,2023-02-10,1470,Kristen Myers
2613,102,Product B,Category 1,13,20.0,2023-08-17,1468,Colin Wiggins
5839,101,Product A,Category 1,14,10.0,2023-09-21,1868,James Martinez
1464,102,Product B,Category 1,1,20.0,2023-06-30,1513,Maria Barker
4488,101,Product A,Category 1,14,10.0,2023-12-20,1505,Melissa Myers
210,101,Product A,Category 1,7,10.0,2023-02-17,1090,Amy Strickland
548,101,Product A,Category 1,15,10.0,2023-08-05,1273,David Jackson
2054,101,Product A,Category 1,8,10.0,2023-10-10,1749,Scott Wright
5734,101,Product A,Category 1,3,10.0,2023-02-09,1070,Miss Brittany Boyd
3637,101,Product A,Category 1,12,10.0,2023-09-14,1441,Kimberly Harris
3853,103,Product C,Category 2,4,30.0,2023-12-13,1852,Amy Frazier
8624,104,Product D,Category 2,2,40.0,2023-10-23,1973,Vincent Beck
9781,101,Product A,Category 1,1,10.0,2023-10-19,1242,Lisa Choi
1290,103,Product C,Category 2,1,30.0,2023-03-17,1310,Regina Turner
4149,103,Product C,Category 2,10,30.0,2023-04-12,1734,Brian Webster
3865,102,Product B,Category 1,10,20.0,2023-03-20,1332,Brittany Lester
6715,101,Product A,Category 1,14,10.0,2023-04-30,1310,Regina Turner
9788,102,Product B,Category 1,2,20.0,2023-02-18,1559,Brian Saunders
3913,102,Product B,Category 1,2,20.0,2023-09-23,1361,Steven Gray
5529,101,Product A,Category 1,14,10.0,2023-05-20,1093,Lisa Hester
4569,102,Product B,Category 1,3,20.0,2023-10-16,1794,Amanda Wells
133,101,Product A,Category 1,7,10.0,2023-09-14,1573,Jimmy Blanchard
817,101,Product A,Category 1,5,10.0,2023-12-13,1197,Erica Wang
8399,102,Product B,Category 1,6,20.0,2023-09-12,1642,Bryce Coleman
5482,102,Product B,Category 1,14,20.0,2023-11-06,1961,Nicholas Gutierrez
6020,102,Product B,Category 1,8,20.0,2023-06-30,1614,Kathy Young
6219,101,Product A,Category 1,3,10.0,2023-09-19,1478,Beth Jackson
40,102,Product B,Category 1,11,20.0,2023-07-03,1200,Alex Williamson
2230,103,Product C,Category 2,15,30.0,2023-02-01,1076,Mike Barnett
3032,101,Product A,Category 1,4,10.0,2023-07-10,1629,Alexander Ramirez
3792,101,Product A,Category 1,11,10.0,2023-06-23,1638,Kyle Gibson
3548,101,Product A,Category 1,5,10.0,2023-02-26,1651,Natalie Moreno
972,104,Product D,Category 2,9,40.0,2023-08-16,1304,Justin Morse
3686,101,Product A,Category 1,5,10.0,2023-03-25,1279,Monique Orr
35,101,Product A,Category 1,2,10.0,2023-07-14,1627,Daniel Lopez
4594,102,Product B,Category 1,13,20.0,2023-12-17,1015,Dennis Castillo
7610,104,Product D,Category 2,15,40.0,2023-11-02,1455,Brendan Flores
1118,103,Product C,Category 2,11,30.0,2023-12-19,1897,Sean Galloway
1528,101,Product A,Category 1,8,10.0,2023-11-21,1779,Rebecca Wallace
806,101,Product A,Category 1,1,10.0,2023-01-02,1432,Shelley Bullock
8691,101,Product A,Category 1,7,10.0,2023-04-07,1295,Jeffrey Ballard
7848,101,Product A,Category 1,11,10.0,2023-12-11,1984,Lisa Martinez
864,104,Product D,Category 2,10,40.0,2023-12-21,1451,Ashley Silva
2474,102,Product B,Category 1,2,20.0,2023-12-15,1579,Michele Hicks
447,103,Product C,Category 2,14,30.0,2023-02-15,1926,Christina Patterson
3440,103,Product C,Category 2,5,30.0,2023-03-15,1963,Kathleen Porter
1204,102,Product B,Category 1,4,20.0,2023-07-28,1204,Keith Knight
9192,102,Product B,Category 1,6,20.0,2023-09-18,1088,Anthony Nelson
6865,101,Product A,Category 1,14,10.0,2023-01-02,1915,Sandra Bell
2175,101,Product A,Category 1,9,10.0,2023-08-18,1636,Jeffery Warner
499,101,Product A,Category 1,2,10.0,2023-08-14,1429,Charles Patel
8386,104,Product D,Category 2,2,40.0,2023-01-26,1165,Ryan Rodriguez
541,104,Product D,Category 2,4,40.0,2023-06-12,1182,Zachary Ward
8996,102,Product B,Category 1,11,20.0,2023-05-19,1168,Maria Shah
2064,102,Product B,Category 1,5,20.0,2023-10-24,1211,Cassandra Escobar
5665,101,Product A,Category 1,5,10.0,2023-08-26,1237,Jorge Fisher
165,102,Product B,Category 1,7,20.0,2023-11-08,1922,Nicholas Stevens
785,101,Product A,Category 1,2,10.0,2023-02-12,1946,David Ashley
117,103,Product C,Category 2,10,30.0,2023-12-24,1518,Luis Keller
5263,103,Product C,Category 2,13,30.0,2023-03-10,1600,Kimberly Gallegos
2003,101,Product A,Category 1,15,10.0,2023-10-01,1958,Joseph Irwin
3124,102,Product B,Category 1,2,20.0,2023-12-19,1682,Evan Garcia
5559,103,Product C,Category 2,2,30.0,2023-10-23,1613,Philip Bowen
6964,102,Product B,Category 1,11,20.0,2023-05-19,1084,Andrea Hayes
5430,103,Product C,Category 2,15,30.0,2023-08-19,1560,Jared Bennett
2821,101,Product A,Category 1,3,10.0,2023-10-15,1213,William Yates
1474,102,Product B,Category 1,4,20.0,2023-05-10,1846,Jonathan Nunez
8865,103,Product C,Category 2,4,30.0,2023-02-07,1323,Debra Hernandez
8528,101,Product A,Category 1,13,10.0,2023-05-05,1071,Carl Evans
87,104,Product D,Category 2,8,40.0,2023-04-18,1227,Erin Barrera
5063,103,Product C,Category 2,7,30.0,2023-03-21,1148,Veronica Delgado
4639,104,Product D,Category 2,6,40.0,2023-10-15,1980,Micheal Murphy
5581,102,Product B,Category 1,14,20.0,2023-07-12,1478,Beth Jackson
15,104,Product D,Category 2,1,40.0,2023-09-21,1283,Luis Leonard MD
367,101,Product A,Category 1,6,10.0,2023-11-20,1945,Deborah Weber
691,102,Product B,Category 1,9,20.0,2023-10-04,1609,Alexandra Clark
5061,104,Product D,Category 2,7,40.0,2023-10-14,1478,Beth Jackson
1704,103,Product C,Category 2,15,30.0,2023-09-07,1403,Lynn Welch
8250,102,Product B,Category 1,3,20.0,2023-07-14,1473,Francisco Rodriguez
6934,101,Product A,Category 1,10,10.0,2023-03-06,1656,Jeffery Larson
6973,103,Product C,Category 2,8,30.0,2023-04-16,1492,Sarah Williams
8011,102,Product B,Category 1,10,20.0,2023-03-13,1940,James Benson
8701,103,Product C,Category 2,14,30.0,2023-01-04,1793,Kevin Huffman
3908,103,Product C,Category 2,8,30.0,2023-12-11,1840,Ian Perkins
6737,101,Product A,Category 1,2,10.0,2023-08-11,1900,Jimmy Smith
1730,101,Product A,Category 1,11,10.0,2023-08-09,1232,Sonya Castillo
9605,101,Product A,Category 1,13,10.0,2023-07-13,1392,Kelly Johnson
1564,101,Product A,Category 1,8,10.0,2023-08-22,1389,Michelle Lopez
1838,104,Product D,Category 2,14,40.0,2023-09-29,1102,Nathaniel Noble
5070,102,Product B,Category 1,2,20.0,2023-11-10,1181,Tammy Flores
453,104,Product D,Category 2,7,40.0,2023-03-23,1610,Mr. Kevin Wilson Jr.
6084,102,Product B,Category 1,3,20.0,2023-07-02,1545,Bruce Martin
8737,102,Product B,Category 1,2,20.0,2023-11-15,1344,Katherine Diaz
8806,102,Product B,Category 1,3,20.0,2023-04-25,1142,Tanya Davidson
7712,101,Product A,Category 1,15,10.0,2023-02-26,1112,Rachel Graham
507,103,Product C,Category 2,9,30.0,2023-12-11,1649,Kimberly Hernandez
6892,102,Product B,Category 1,3,20.0,2023-09-02,1284,Jessica Miles
5142,101,Product A,Category 1,14,10.0,2023-04-18,1280,Sarah Rivera
7165,104,Product D,Category 2,5,40.0,2023-03-23,1727,Christopher Herrera
8681,104,Product D,Category 2,5,40.0,2023-11-06,1860,Michael Sanford
8823,101,Product A,Category 1,7,10.0,2023-01-25,1387,Gregory Phelps
8804,102,Product B,Category 1,3,20.0,2023-02-11,1504,David Morgan
280,104,Product D,Category 2,6,40.0,2023-10-25,1414,Amanda Wilson
3152,104,Product D,Category 2,1,40.0,2023-04-03,1345,Karen West
3135,103,Product C,Category 2,1,30.0,2023-11-28,1045,Jason Williams
8772,102,Product B,Category 1,4,20.0,2023-01-31,1577,Christopher Hampton
5796,104,Product D,Category 2,9,40.0,2023-12-29,1973,Vincent Beck
3748,101,Product A,Category 1,7,10.0,2023-03-19,1028,Jeffrey Smith
7773,104,Product D,Category 2,2,40.0,2023-09-30,1513,Maria Barker
2682,104,Product D,Category 2,10,40.0,2023-11-09,1066,Tyler Deleon
4760,104,Product D,Category 2,7,40.0,2023-12-04,1803,Heather Jefferson
3290,102,Product B,Category 1,3,20.0,2023-02-20,1103,Ryan Turner
9132,101,Product A,Category 1,3,10.0,2023-10-23,1998,Paul Jones
593,104,Product D,Category 2,14,40.0,2023-11-08,1601,Brett Cook
9261,101,Product A,Category 1,14,10.0,2023-09-16,1570,Andre Patel
5279,102,Product B,Category 1,3,20.0,2023-04-09,1177,Anthony Brown
324,101,Product A,Category 1,12,10.0,2023-05-28,1139,Katherine Evans
9041,101,Product A,Category 1,5,10.0,2023-10-27,1622,Jessica Richmond
4673,103,Product C,Category 2,13,30.0,2023-11-19,1055,Jennifer Giles
4430,101,Product A,Category 1,14,10.0,2023-06-21,1142,Tanya Davidson
7199,101,Product A,Category 1,7,10.0,2023-02-15,1453,Robert Nelson
2011,102,Product B,Category 1,5,20.0,2023-01-27,1710,Nicole Caldwell
7115,101,Product A,Category 1,8,10.0,2023-06-17,1300,Barbara Peterson
4545,102,Product B,Category 1,11,20.0,2023-06-19,1179,Michael Sexton
2863,101,Product A,Category 1,5,10.0,2023-05-01,1372,Ashley Campbell
9972,102,Product B,Category 1,9,20.0,2023-03-07,1261,Jaime Farmer
1207,101,Product A,Category 1,9,10.0,2023-01-05,1966,James Thomas
4151,102,Product B,Category 1,12,20.0,2023-05-31,1760,Elizabeth Wright
5264,102,Product B,Category 1,13,20.0,2023-02-23,1310,Regina Turner
3161,102,Product B,Category 1,9,20.0,2023-05-19,1107,Thomas Noble
3714,104,Product D,Category 2,2,40.0,2023-02-04,1127,William Vega
924,101,Product A,Category 1,14,10.0,2023-02-26,1737,Colleen Mcgee
6229,104,Product D,Category 2,6,40.0,2023-07-27,1861,Matthew Orr
8413,102,Product B,Category 1,5,20.0,2023-02-09,1217,Jessica Harper
7896,102,Product B,Category 1,12,20.0,2023-08-10,1952,Michael Perez
5647,102,Product B,Category 1,4,20.0,2023-11-08,1607,Brendan Smith
9452,101,Product A,Category 1,12,10.0,2023-06-25,1902,Michelle Walters
1105,102,Product B,Category 1,13,20.0,2023-06-03,1638,Kyle Gibson
7283,101,Product A,Category 1,15,10.0,2023-03-06,1942,Joseph Martin
1277,101,Product A,Category 1,15,10.0,2023-10-19,1341,Craig Blake
8816,102,Product B,Category 1,13,20.0,2023-01-11,1739,Kristin Williams
4264,101,Product A,Category 1,12,10.0,2023-05-07,1771,Rhonda Garrett
8423,104,Product D,Category 2,8,40.0,2023-10-06,1468,Colin Wiggins
5311,101,Product A,Category 1,8,10.0,2023-12-19,1439,Samantha Fields
8558,102,Product B,Category 1,3,20.0,2023-03-12,1677,Jay Jarvis
9866,102,Product B,Category 1,8,20.0,2023-08-31,1406,Lonnie Wolf
6861,102,Product B,Category 1,14,20.0,2023-01-08,1819,Michele Hamilton
6108,101,Product A,Category 1,13,10.0,2023-07-19,1950,Gregory Dickerson
686,102,Product B,Category 1,5,20.0,2023-01-21,1453,Robert Nelson
2752,103,Product C,Category 2,1,30.0,2023-09-18,1415,Linda Jones
6508,104,Product D,Category 2,1,40.0,2023-07-05,1561,Sean Rivera
2375,101,Product A,Category 1,7,10.0,2023-06-18,1809,Katherine King
4552,101,Product A,Category 1,5,10.0,2023-11-08,1293,Andrea Vega
5128,103,Product C,Category 2,2,30.0,2023-04-15,1714,Cole Mcdowell
8239,102,Product B,Category 1,1,20.0,2023-07-08,1572,Nicholas Austin
1929,101,Product A,Category 1,13,10.0,2023-01-28,1015,Dennis Castillo
403,101,Product A,Category 1,13,10.0,2023-04-15,1139,Katherine Evans
5024,101,Product A,Category 1,3,10.0,2023-01-30,1868,James Martinez
7209,101,Product A,Category 1,7,10.0,2023-10-07,1826,Juan Weaver
6211,102,Product B,Category 1,2,20.0,2023-12-11,1184,Maria Mccall
3030,102,Product B,Category 1,4,20.0,2023-07-14,1460,Kelly Haynes
1168,104,Product D,Category 2,3,40.0,2023-09-03,1366,Michael Baker MD
2434,101,Product A,Category 1,3,10.0,2023-01-15,1066,Tyler Deleon
8801,101,Product A,Category 1,8,10.0,2023-06-06,1297,Russell Gomez
7340,102,Product B,Category 1,11,20.0,2023-12-26,1641,Tanya Daugherty
8780,102,Product B,Category 1,14,20.0,2023-11-30,1996,Shelby Monroe
7063,103,Product C,Category 2,13,30.0,2023-09-18,1250,Bruce Walsh
2555,101,Product A,Category 1,6,10.0,2023-05-17,1454,Christopher Nash
5172,101,Product A,Category 1,2,10.0,2023-04-04,1746,Samantha Taylor
106,101,Product A,Category 1,11,10.0,2023-04-04,1176,Christina Wagner
7741,101,Product A,Category 1,12,10.0,2023-04-07,1432,Shelley Bullock
3481,102,Product B,Category 1,3,20.0,2023-10-10,1746,Samantha Taylor
6797,102,Product B,Category 1,1,20.0,2023-01-20,1838,Crystal Marsh
4396,104,Product D,Category 2,14,40.0,2023-09-01,1025,Tanya Walton
7459,102,Product B,Category 1,15,20.0,2023-12-17,1235,Mario Leblanc
9628,104,Product D,Category 2,7,40.0,2023-05-12,1832,Phyllis Garcia
6850,101,Product A,Category 1,14,10.0,2023-04-12,1593,Joseph Williamson
604,102,Product B,Category 1,2,20.0,2023-08-05,1595,Belinda Santos
9772,101,Product A,Category 1,13,10.0,2023-03-21,1753,Bradley Townsend
2845,103,Product C,Category 2,2,30.0,2023-06-16,1675,Jessica Villa
1823,104,Product D,Category 2,15,40.0,2023-04-12,1946,David Ashley
5696,102,Product B,Category 1,11,20.0,2023-04-28,1547,Lori Bell
3154,101,Product A,Category 1,8,10.0,2023-05-02,1832,Phyllis Garcia
9761,101,Product A,Category 1,15,10.0,2023-03-31,1701,Jennifer Hernandez
1820,104,Product D,Category 2,3,40.0,2023-11-07,1947,Nicole Hall
2904,102,Product B,Category 1,3,20.0,2023-08-20,1372,Ashley Campbell
7834,102,Product B,Category 1,11,20.0,2023-03-15,1588,Edward Allen
8555,101,Product A,Category 1,5,10.0,2023-09-03,1690,Ashley Ali
5590,102,Product B,Category 1,2,20.0,2023-01-31,1037,Kyle Sanchez
5022,101,Product A,Category 1,1,10.0,2023-10-15,1958,Joseph Irwin
1785,104,Product D,Category 2,7,40.0,2023-01-23,1001,Laura Brooks
7349,102,Product B,Category 1,14,20.0,2023-06-29,1543,Patrick Williams
5676,102,Product B,Category 1,12,20.0,2023-08-14,1254,Donald Brown MD
6899,101,Product A,Category 1,10,10.0,2023-01-25,1478,Beth Jackson
6690,103,Product C,Category 2,3,30.0,2023-02-12,1892,Elizabeth Mercado
6026,101,Product A,Category 1,6,10.0,2023-06-02,1197,Erica Wang
4446,101,Product A,Category 1,14,10.0,2023-04-11,1018,Jill Schwartz
3040,104,Product D,Category 2,11,40.0,2023-12-04,1465,Katelyn Garcia
443,104,Product D,Category 2,8,40.0,2023-11-01,1846,Jonathan Nunez
898,103,Product C,Category 2,6,30.0,2023-02-12,1963,Kathleen Porter
488,101,Product A,Category 1,11,10.0,2023-11-30,1668,Brian Bridges
9370,101,Product A,Category 1,2,10.0,2023-01-20,1867,Aaron Stone
703,101,Product A,Category 1,4,10.0,2023-09-10,1880,Jody Cain
8808,101,Product A,Category 1,7,10.0,2023-11-19,1449,Joshua Reyes
1381,101,Product A,Category 1,4,10.0,2023-02-18,1864,Edward Cohen
2267,103,Product C,Category 2,9,30.0,2023-10-14,1959,Elizabeth Jefferson
3206,101,Product A,Category 1,14,10.0,2023-11-27,1892,Elizabeth Mercado
8400,101,Product A,Category 1,3,10.0,2023-01-25,1211,Cassandra Escobar
1111,102,Product B,Category 1,6,20.0,2023-06-17,1546,Rebecca Thomas
8193,104,Product D,Category 2,7,40.0,2023-10-10,1574,Amy Moore
2090,101,Product A,Category 1,8,10.0,2023-04-02,1665,Michele Sharp
2547,101,Product A,Category 1,8,10.0,2023-10-08,1033,Tammy Jones
6472,103,Product C,Category 2,12,30.0,2023-06-25,1001,Laura Brooks
5217,101,Product A,Category 1,1,10.0,2023-04-25,1254,Donald Brown MD
8253,103,Product C,Category 2,7,30.0,2023-04-16,1275,Terry Collins
1978,102,Product B,Category 1,11,20.0,2023-05-23,1895,Miranda Taylor
159,101,Product A,Category 1,13,10.0,2023-09-06,1424,Justin Snyder
9902,103,Product C,Category 2,11,30.0,2023-04-18,1664,Maria Lyons
3835,101,Product A,Category 1,12,10.0,2023-05-08,1573,Jimmy Blanchard
696,102,Product B,Category 1,3,20.0,2023-09-20,1080,Joshua Becker
6792,104,Product D,Category 2,14,40.0,2023-06-23,1641,Tanya Daugherty
9694,101,Product A,Category 1,12,10.0,2023-06-02,1360,Christine Marshall
3718,101,Product A,Category 1,2,10.0,2023-10-06,1695,Melissa Rodriguez
4883,104,Product D,Category 2,4,40.0,2023-11-25,1607,Brendan Smith
198,101,Product A,Category 1,8,10.0,2023-10-27,1066,Tyler Deleon
7936,101,Product A,Category 1,13,10.0,2023-07-21,1810,Dustin Rodriguez
8247,101,Product A,Category 1,1,10.0,2023-06-11,1374,Cynthia Morgan
9488,101,Product A,Category 1,3,10.0,2023-09-10,1494,Destiny Robinson
3921,103,Product C,Category 2,15,30.0,2023-06-21,1574,Amy Moore
8862,102,Product B,Category 1,6,20.0,2023-07-26,1855,Monica Gonzalez
3679,102,Product B,Category 1,10,20.0,2023-12-02,1235,Mario Leblanc
8313,103,Product C,Category 2,1,30.0,2023-07-31,1898,Henry Wright
1108,102,Product B,Category 1,8,20.0,2023-03-08,1950,Gregory Dickerson
7312,101,Product A,Category 1,2,10.0,2023-01-12,1694,Kyle Tapia
5575,102,Product B,Category 1,3,20.0,2023-05-05,1479,Mr. Donald Evans PhD
3791,102,Product B,Category 1,9,20.0,2023-08-08,1763,Shawn Graham
3659,104,Product D,Category 2,3,40.0,2023-01-18,1863,Laura Gonzalez
8291,101,Product A,Category 1,5,10.0,2023-10-28,1711,Erica Mills
7375,103,Product C,Category 2,10,30.0,2023-06-09,1216,Mason Hopkins
6105,102,Product B,Category 1,8,20.0,2023-09-29,1903,Caleb Brooks
1697,103,Product C,Category 2,14,30.0,2023-03-02,1316,Stacey Miller
6207,103,Product C,Category 2,4,30.0,2023-09-08,1791,Mrs. Wanda Mullins
474,102,Product B,Category 1,3,20.0,2023-01-30,1014,Christine Roman
9586,101,Product A,Category 1,6,10.0,2023-11-09,1387,Gregory Phelps
5927,101,Product A,Category 1,15,10.0,2023-04-30,1523,Phillip Meyer
2827,102,Product B,Category 1,11,20.0,2023-05-27,1042,Jessica Gibson
1211,101,Product A,Category 1,10,10.0,2023-06-29,1244,Nathan Leonard
1001,102,Product B,Category 1,7,20.0,2023-04-16,1673,Destiny Rivas
3333,101,Product A,Category 1,11,10.0,2023-04-07,1780,Erin Palmer
3953,102,Product B,Category 1,8,20.0,2023-02-22,1657,Carla Anderson
1723,102,Product B,Category 1,4,20.0,2023-10-17,1870,Joseph Cain
6395,103,Product C,Category 2,7,30.0,2023-08-22,1569,Timothy Perkins
8775,102,Product B,Category 1,12,20.0,2023-05-03,2001,Phillip Ballard
4724,104,Product D,Category 2,5,40.0,2023-11-29,1152,Timothy Schultz
1480,104,Product D,Category 2,12,40.0,2023-09-11,1292,Jamie Pitts
7241,101,Product A,Category 1,12,10.0,2023-09-22,1663,Miss Crystal Butler
3564,104,Product D,Category 2,4,40.0,2023-01-19,1956,Mrs. Sonya Jacobs MD
9540,101,Product A,Category 1,6,10.0,2023-02-28,1099,Karl Smith
7630,102,Product B,Category 1,15,20.0,2023-07-22,1473,Francisco Rodriguez
2029,104,Product D,Category 2,11,40.0,2023-07-07,1131,Kurt Reed
6262,102,Product B,Category 1,14,20.0,2023-05-10,1966,James Thomas
5088,104,Product D,Category 2,13,40.0,2023-01-02,1168,Maria Shah
5442,102,Product B,Category 1,12,20.0,2023-10-25,1947,Nicole Hall
1670,101,Product A,Category 1,6,10.0,2023-02-20,1286,Kevin Hebert
382,102,Product B,Category 1,4,20.0,2023-12-03,1908,Tony Stephens
8883,102,Product B,Category 1,7,20.0,2023-01-02,1815,Kirsten Tran
4410,103,Product C,Category 2,7,30.0,2023-06-26,1700,Robert Barton
398,102,Product B,Category 1,8,20.0,2023-02-19,1093,Lisa Hester
7808,102,Product B,Category 1,8,20.0,2023-01-23,1284,Jessica Miles
580,101,Product A,Category 1,12,10.0,2023-01-27,1026,Bailey Middleton
6326,101,Product A,Category 1,10,10.0,2023-01-24,1113,Jeffery Moran
6458,101,Product A,Category 1,11,10.0,2023-06-08,1135,Laura Wagner
793,102,Product B,Category 1,13,20.0,2023-12-09,1671,Michael King
8977,104,Product D,Category 2,14,40.0,2023-07-09,1887,Diane Bauer
9048,102,Product B,Category 1,8,20.0,2023-09-16,1842,Christopher Martin
3487,102,Product B,Category 1,12,20.0,2023-03-26,1079,Emily Sherman
8751,102,Product B,Category 1,1,20.0,2023-01-06,1180,Joshua Raymond
8521,102,Product B,Category 1,3,20.0,2023-09-11,1094,Lisa Meyer
7981,102,Product B,Category 1,2,20.0,2023-11-19,1078,Jacob King
903,102,Product B,Category 1,1,20.0,2023-06-18,1238,Laura Walker
4436,101,Product A,Category 1,11,10.0,2023-10-06,1493,Mary Ferguson
3353,102,Product B,Category 1,13,20.0,2023-02-10,1655,Heather Anderson
5381,103,Product C,Category 2,10,30.0,2023-04-28,1062,Matthew Donovan
8406,102,Product B,Category 1,4,20.0,2023-11-14,1524,Joshua Lane
9270,103,Product C,Category 2,11,30.0,2023-06-10,1303,Ashley Lopez
4611,101,Product A,Category 1,1,10.0,2023-01-01,1669,Tyrone Allen
3678,103,Product C,Category 2,15,30.0,2023-04-27,1598,Donna Li
7442,102,Product B,Category 1,6,20.0,2023-08-09,1211,Cassandra Escobar
3384,101,Product A,Category 1,3,10.0,2023-02-19,1099,Karl Smith
7768,102,Product B,Category 1,1,20.0,2023-02-11,1395,Justin Mccarty
9461,103,Product C,Category 2,14,30.0,2023-07-27,1453,Robert Nelson
486,101,Product A,Category 1,4,10.0,2023-09-22,1304,Justin Morse
5176,104,Product D,Category 2,5,40.0,2023-09-14,1162,Annette Richardson
8385,102,Product B,Category 1,1,20.0,2023-03-02,1284,Jessica Miles
1366,101,Product A,Category 1,1,10.0,2023-11-18,1635,Kevin Saunders
9948,102,Product B,Category 1,5,20.0,2023-02-11,1298,Christopher Mullins
2882,102,Product B,Category 1,14,20.0,2023-02-16,1404,Mr. Anthony Palmer
4652,101,Product A,Category 1,4,10.0,2023-12-18,1297,Russell Gomez
1078,102,Product B,Category 1,13,20.0,2023-02-17,1231,Marissa Carlson MD
2407,101,Product A,Category 1,7,10.0,2023-07-23,1589,Brandi Hill
8115,101,Product A,Category 1,6,10.0,2023-03-10,1095,Lawrence Oneill
3558,102,Product B,Category 1,13,20.0,2023-03-02,1600,Kimberly Gallegos
7940,103,Product C,Category 2,13,30.0,2023-03-11,1441,Kimberly Harris
3326,102,Product B,Category 1,5,20.0,2023-10-31,1976,Joshua Parker
8403,102,Product B,Category 1,12,20.0,2023-03-13,1174,Jacob Moore
7980,104,Product D,Category 2,8,40.0,2023-06-10,1039,Matthew Garza
6412,102,Product B,Category 1,4,20.0,2023-11-23,1313,Crystal Johns
5277,103,Product C,Category 2,13,30.0,2023-04-24,1460,Kelly Haynes
526,102,Product B,Category 1,13,20.0,2023-02-11,1689,Nicholas Dalton
7498,104,Product D,Category 2,6,40.0,2023-07-16,1284,Jessica Miles
8881,103,Product C,Category 2,9,30.0,2023-06-04,1786,Linda Salinas
9502,102,Product B,Category 1,10,20.0,2023-10-25,1970,Laura Fox
2614,101,Product A,Category 1,8,10.0,2023-09-13,1236,William Jones
4504,102,Product B,Category 1,2,20.0,2023-06-04,1552,Megan Crawford
1970,104,Product D,Category 2,13,40.0,2023-08-05,1257,Brandon Leon
3954,103,Product C,Category 2,7,30.0,2023-08-10,1310,Regina Turner
2232,104,Product D,Category 2,8,40.0,2023-01-23,1470,Kristen Myers
7120,103,Product C,Category 2,12,30.0,2023-03-15,1637,Diane Thomas
9179,102,Product B,Category 1,6,20.0,2023-02-22,1349,Teresa Chung
7246,102,Product B,Category 1,15,20.0,2023-04-27,1103,Ryan Turner
7618,103,Product C,Category 2,14,30.0,2023-05-25,1861,Matthew Orr
2157,104,Product D,Category 2,9,40.0,2023-05-10,1142,Tanya Davidson
1510,103,Product C,Category 2,9,30.0,2023-09-05,1571,Robert Keller
8577,101,Product A,Category 1,6,10.0,2023-08-25,1421,Miss Mary Williams
7736,102,Product B,Category 1,11,20.0,2023-12-18,1102,Nathaniel Noble
5393,101,Product A,Category 1,14,10.0,2023-11-23,1069,James Bell
8344,102,Product B,Category 1,14,20.0,2023-01-15,1268,Katelyn Abbott
1055,104,Product D,Category 2,5,40.0,2023-11-26,1338,Anthony Patton
7970,101,Product A,Category 1,4,10.0,2023-12-19,1118,Heather Proctor
9698,101,Product A,Category 1,7,10.0,2023-08-05,1964,Christopher Gonzales
8294,103,Product C,Category 2,15,30.0,2023-04-20,1698,Samuel Smith
8342,102,Product B,Category 1,1,20.0,2023-12-28,1971,Mark Mccann
7733,103,Product C,Category 2,10,30.0,2023-09-22,1179,Michael Sexton
3100,102,Product B,Category 1,10,20.0,2023-12-12,1772,Eric White
6352,102,Product B,Category 1,12,20.0,2023-03-27,1914,Jennifer Davis
8404,102,Product B,Category 1,11,20.0,2023-04-20,1748,Kelly Cooley
7377,101,Product A,Category 1,15,10.0,2023-05-20,1999,Diane Steele
6337,101,Product A,Category 1,8,10.0,2023-05-15,1299,Michael Moreno
9525,103,Product C,Category 2,4,30.0,2023-01-01,1829,Jill Nunez
2920,102,Product B,Category 1,7,20.0,2023-06-12,1582,Nicole Davis
8356,101,Product A,Category 1,14,10.0,2023-01-27,1384,Joy Kelly
7499,104,Product D,Category 2,9,40.0,2023-02-27,1956,Mrs. Sonya Jacobs MD
1857,103,Product C,Category 2,8,30.0,2023-10-01,1393,Debra Bennett
9260,102,Product B,Category 1,12,20.0,2023-08-12,1108,Katie Hill
3067,104,Product D,Category 2,14,40.0,2023-04-14,1458,Marcus Lane
5019,101,Product A,Category 1,9,10.0,2023-01-14,1973,Vincent Beck
7746,104,Product D,Category 2,13,40.0,2023-11-02,1326,Arthur King
2754,101,Product A,Category 1,4,10.0,2023-06-27,1779,Rebecca Wallace
6462,101,Product A,Category 1,11,10.0,2023-08-26,1360,Christine Marshall
4258,103,Product C,Category 2,10,30.0,2023-02-12,1786,Linda Salinas
8740,101,Product A,Category 1,1,10.0,2023-06-01,1120,Dennis Green
7978,102,Product B,Category 1,4,20.0,2023-09-14,1817,Christopher Morris
8025,102,Product B,Category 1,15,20.0,2023-05-17,1609,Alexandra Clark
6943,101,Product A,Category 1,9,10.0,2023-02-17,1666,Guy Reed Jr.
4627,101,Product A,Category 1,14,10.0,2023-03-06,1692,Patricia Garcia
6643,101,Product A,Category 1,11,10.0,2023-08-09,1499,Justin Alvarado
8645,101,Product A,Category 1,3,10.0,2023-03-30,1788,Megan Skinner
1533,103,Product C,Category 2,14,30.0,2023-09-03,1085,Virginia Smith
7099,102,Product B,Category 1,13,20.0,2023-11-01,1547,Lori Bell
6242,104,Product D,Category 2,1,40.0,2023-10-11,1115,Matthew Duke
7175,103,Product C,Category 2,8,30.0,2023-04-18,1841,Kelly Burke
4609,101,Product A,Category 1,7,10.0,2023-03-22,1409,Lynn Shields
1102,102,Product B,Category 1,4,20.0,2023-06-19,1919,Erica Russell
4543,102,Product B,Category 1,8,20.0,2023-06-01,1172,Sara Smith
9454,101,Product A,Category 1,12,10.0,2023-02-15,1147,Kevin Larson
3592,103,Product C,Category 2,2,30.0,2023-05-03,1545,Bruce Martin
364,101,Product A,Category 1,7,10.0,2023-10-30,1894,Jamie Mcguire
7217,103,Product C,Category 2,14,30.0,2023-01-29,1403,Lynn Welch
242,103,Product C,Category 2,13,30.0,2023-05-09,1569,Timothy Perkins
61,103,Product C,Category 2,6,30.0,2023-12-02,1817,Christopher Morris
1780,102,Product B,Category 1,8,20.0,2023-05-29,1603,Wayne Shaw
9843,104,Product D,Category 2,11,40.0,2023-01-15,1909,Billy Rowland
5831,101,Product A,Category 1,13,10.0,2023-03-16,1627,Daniel Lopez
9981,101,Product A,Category 1,11,10.0,2023-12-26,1539,Charles Dixon
5784,102,Product B,Category 1,6,20.0,2023-03-15,1871,Brent Garcia
1082,104,Product D,Category 2,5,40.0,2023-11-28,1056,Mark Rangel
6191,103,Product C,Category 2,12,30.0,2023-10-15,1300,Barbara Peterson
3658,104,Product D,Category 2,10,40.0,2023-09-22,1539,Charles Dixon
6585,104,Product D,Category 2,12,40.0,2023-03-24,1280,Sarah Rivera
9190,101,Product A,Category 1,3,10.0,2023-05-30,1924,Paul Brown
7628,101,Product A,Category 1,10,10.0,2023-05-20,1735,Antonio Petersen
2760,102,Product B,Category 1,12,20.0,2023-01-18,1259,Daniel Mcmillan
8659,104,Product D,Category 2,2,40.0,2023-03-15,1977,Taylor Thomas
2406,101,Product A,Category 1,9,10.0,2023-11-03,1791,Mrs. Wanda Mullins
8252,101,Product A,Category 1,6,10.0,2023-02-02,1505,Melissa Myers
7817,102,Product B,Category 1,12,20.0,2023-09-19,1842,Christopher Martin
9801,103,Product C,Category 2,5,30.0,2023-04-21,1748,Kelly Cooley
677,102,Product B,Category 1,12,20.0,2023-08-13,1651,Natalie Moreno
7660,101,Product A,Category 1,8,10.0,2023-05-02,1736,Emily George
870,104,Product D,Category 2,15,40.0,2023-07-28,1376,William Lewis
9333,102,Product B,Category 1,12,20.0,2023-02-01,1130,Tracy Martinez
7530,104,Product D,Category 2,15,40.0,2023-11-29,1959,Elizabeth Jefferson
4765,102,Product B,Category 1,8,20.0,2023-01-14,1807,Ronald Gibson
4635,102,Product B,Category 1,5,20.0,2023-09-20,1725,Matthew Downs
1416,101,Product A,Category 1,4,10.0,2023-02-25,1535,Rebecca Snyder
432,101,Product A,Category 1,5,10.0,2023-07-07,1953,Billy Wilson
7764,102,Product B,Category 1,2,20.0,2023-11-14,1233,Robert Hahn
2520,103,Product C,Category 2,14,30.0,2023-12-20,1858,James Smith
4066,101,Product A,Category 1,1,10.0,2023-06-02,1242,Lisa Choi
642,104,Product D,Category 2,11,40.0,2023-05-06,1473,Francisco Rodriguez
1891,102,Product B,Category 1,13,20.0,2023-06-19,1129,Mary Ray
1161,102,Product B,Category 1,14,20.0,2023-05-20,1082,Donna Smith
8568,101,Product A,Category 1,6,10.0,2023-08-27,1210,Denise Anderson
1412,103,Product C,Category 2,7,30.0,2023-03-20,1738,Sabrina Soto
2437,101,Product A,Category 1,4,10.0,2023-09-16,1665,Michele Sharp
2277,104,Product D,Category 2,1,40.0,2023-02-13,1010,Karen Jacobs
9763,101,Product A,Category 1,1,10.0,2023-11-04,1438,Mr. Robert Jones
7365,104,Product D,Category 2,14,40.0,2023-01-25,1992,Kathleen Manning
6112,104,Product D,Category 2,11,40.0,2023-03-23,1167,Joseph Mccarty
5223,101,Product A,Category 1,12,10.0,2023-08-23,1793,Kevin Huffman
9358,101,Product A,Category 1,4,10.0,2023-02-24,1444,Zachary Young
7053,103,Product C,Category 2,6,30.0,2023-10-21,1576,Jason Ford
5879,102,Product B,Category 1,6,20.0,2023-06-14,1217,Jessica Harper
799,101,Product A,Category 1,7,10.0,2023-04-17,1674,Adam Bullock
5157,104,Product D,Category 2,3,40.0,2023-08-18,1686,Anthony Perez
8519,104,Product D,Category 2,6,40.0,2023-06-30,1052,Eric Parker
8068,102,Product B,Category 1,11,20.0,2023-10-18,1085,Virginia Smith
6636,102,Product B,Category 1,1,20.0,2023-04-25,1754,Michael Potter
3803,102,Product B,Category 1,4,20.0,2023-06-22,1606,Marcia Baker
4250,104,Product D,Category 2,1,40.0,2023-03-16,1509,Levi Clark
2049,102,Product B,Category 1,6,20.0,2023-01-29,1436,Mary Howard
7797,101,Product A,Category 1,1,10.0,2023-01-30,1641,Tanya Daugherty
5163,101,Product A,Category 1,4,10.0,2023-05-22,1158,Diana Woods
1410,103,Product C,Category 2,4,30.0,2023-04-27,1439,Samantha Fields
5875,102,Product B,Category 1,5,20.0,2023-08-13,1602,Scott Nixon
1239,101,Product A,Category 1,15,10.0,2023-02-11,1331,Katherine Oliver
7276,104,Product D,Category 2,3,40.0,2023-03-30,1026,Bailey Middleton
4332,102,Product B,Category 1,10,20.0,2023-09-03,1870,Joseph Cain
5858,101,Product A,Category 1,8,10.0,2023-12-16,1422,Lindsay Miller
1650,103,Product C,Category 2,2,30.0,2023-06-08,1740,Jesse Miller
7130,102,Product B,Category 1,1,20.0,2023-11-08,1545,Bruce Martin
6759,102,Product B,Category 1,4,20.0,2023-07-10,1688,Robert Mclaughlin
5901,103,Product C,Category 2,4,30.0,2023-02-23,1583,Susan Zimmerman
1590,104,Product D,Category 2,7,40.0,2023-03-15,1020,Matthew Russell
545,101,Product A,Category 1,14,10.0,2023-11-01,1928,Marissa Mendoza
9147,103,Product C,Category 2,7,30.0,2023-09-17,1988,Elizabeth Hernandez
6649,101,Product A,Category 1,10,10.0,2023-12-21,1625,Timothy Marshall
2069,101,Product A,Category 1,12,10.0,2023-08-15,1170,Deborah Wilson
2139,102,Product B,Category 1,12,20.0,2023-01-15,1300,Barbara Peterson
4745,103,Product C,Category 2,3,30.0,2023-08-30,1723,Courtney Lyons
6430,104,Product D,Category 2,12,40.0,2023-12-26,1111,Christopher Smith
633,102,Product B,Category 1,11,20.0,2023-12-17,1745,Christy Bradford
4189,101,Product A,Category 1,2,10.0,2023-03-20,1139,Katherine Evans
5653,103,Product C,Category 2,13,30.0,2023-02-20,1767,Nicholas Wolf II
1212,102,Product B,Category 1,1,20.0,2023-06-07,1604,Melissa Smith
7484,102,Product B,Category 1,7,20.0,2023-06-18,1039,Matthew Garza
31,102,Product B,Category 1,8,20.0,2023-06-28,1944,Jeremy Novak
6357,101,Product A,Category 1,5,10.0,2023-11-04,1001,Laura Brooks
4056,104,Product D,Category 2,14,40.0,2023-02-20,1038,Isaac Sexton
8976,103,Product C,Category 2,3,30.0,2023-03-04,1248,Matthew May
9237,104,Product D,Category 2,1,40.0,2023-08-01,1686,Anthony Perez
3568,102,Product B,Category 1,14,20.0,2023-12-11,1298,Christopher Mullins
6614,102,Product B,Category 1,9,20.0,2023-09-18,1876,Dustin Fletcher
5058,101,Product A,Category 1,5,10.0,2023-01-26,1504,David Morgan
5450,102,Product B,Category 1,5,20.0,2023-10-16,1926,Christina Patterson
6896,101,Product A,Category 1,7,10.0,2023-02-11,1772,Eric White
4015,101,Product A,Category 1,13,10.0,2023-02-11,1656,Jeffery Larson
152,104,Product D,Category 2,1,40.0,2023-08-11,1505,Melissa Myers
2667,103,Product C,Category 2,3,30.0,2023-05-09,1070,Miss Brittany Boyd
2282,101,Product A,Category 1,15,10.0,2023-05-02,1188,Adrienne Weaver
8959,101,Product A,Category 1,2,10.0,2023-04-07,1449,Joshua Reyes
9484,102,Product B,Category 1,7,20.0,2023-06-15,1627,Daniel Lopez
8886,103,Product C,Category 2,3,30.0,2023-01-13,1326,Arthur King
2114,103,Product C,Category 2,13,30.0,2023-02-07,1200,Alex Williamson
3666,104,Product D,Category 2,6,40.0,2023-11-17,1327,James Stephens
693,101,Product A,Category 1,1,10.0,2023-03-22,1849,Bryan Cole
7581,101,Product A,Category 1,13,10.0,2023-08-06,1228,Terrance Novak
4316,101,Product A,Category 1,9,10.0,2023-08-13,1263,John Davis
8860,102,Product B,Category 1,9,20.0,2023-04-17,1074,Charles Brown
1025,101,Product A,Category 1,14,10.0,2023-03-05,1641,Tanya Daugherty
5978,101,Product A,Category 1,9,10.0,2023-06-27,1018,Jill Schwartz
762,102,Product B,Category 1,9,20.0,2023-09-27,1818,Alice Dunn
1245,102,Product B,Category 1,10,20.0,2023-08-06,1203,Joseph Larson
9257,102,Product B,Category 1,15,20.0,2023-12-16,1437,Oscar Donaldson
1469,104,Product D,Category 2,5,40.0,2023-01-23,1368,Heather Knight
1952,102,Product B,Category 1,8,20.0,2023-03-19,1536,Christopher Hanson MD
9245,104,Product D,Category 2,4,40.0,2023-03-03,1794,Amanda Wells
7005,103,Product C,Category 2,13,30.0,2023-03-04,1225,Dustin Bird
9955,101,Product A,Category 1,11,10.0,2023-01-17,1975,Theresa Poole
3469,102,Product B,Category 1,13,20.0,2023-08-23,1489,Renee Hines
976,101,Product A,Category 1,6,10.0,2023-01-28,1347,Noah Fuentes
5711,102,Product B,Category 1,11,20.0,2023-03-28,1401,April Ramirez
7850,104,Product D,Category 2,2,40.0,2023-10-20,1963,Kathleen Porter
3780,104,Product D,Category 2,3,40.0,2023-09-30,1990,Tiffany Horne
8220,103,Product C,Category 2,5,30.0,2023-08-30,1263,John Davis
7636,103,Product C,Category 2,15,30.0,2023-11-20,1494,Destiny Robinson
664,102,Product B,Category 1,2,20.0,2023-04-11,1882,Wendy Edwards
4744,102,Product B,Category 1,10,20.0,2023-08-28,1920,Shannon Maldonado
5184,101,Product A,Category 1,14,10.0,2023-06-05,1638,Kyle Gibson
307,104,Product D,Category 2,10,40.0,2023-01-14,1050,Michael Fisher
8308,103,Product C,Category 2,8,30.0,2023-07-17,1895,Miranda Taylor
3059,104,Product D,Category 2,2,40.0,2023-06-08,1840,Ian Perkins
9113,101,Product A,Category 1,13,10.0,2023-10-01,1201,Matthew Mcdonald
3979,102,Product B,Category 1,1,20.0,2023-11-05,1414,Amanda Wilson
7690,102,Product B,Category 1,10,20.0,2023-06-17,1818,Alice Dunn
7826,101,Product A,Category 1,2,10.0,2023-04-11,1257,Brandon Leon
9546,102,Product B,Category 1,9,20.0,2023-06-09,1208,Lisa Smith
3172,102,Product B,Category 1,6,20.0,2023-06-17,1543,Patrick Williams
5731,102,Product B,Category 1,15,20.0,2023-06-17,1630,Susan Short
8665,102,Product B,Category 1,12,20.0,2023-03-03,1895,Miranda Taylor
8233,101,Product A,Category 1,5,10.0,2023-12-11,1681,Charles Sheppard
2440,102,Product B,Category 1,8,20.0,2023-02-22,1395,Justin Mccarty
7418,101,Product A,Category 1,12,10.0,2023-05-31,1651,Natalie Moreno
5642,102,Product B,Category 1,1,20.0,2023-08-06,1637,Diane Thomas
5110,101,Product A,Category 1,13,10.0,2023-11-24,1471,Sarah James
9042,104,Product D,Category 2,11,40.0,2023-04-08,1087,Jason Stewart
7863,102,Product B,Category 1,10,20.0,2023-09-22,1118,Heather Proctor
5914,103,Product C,Category 2,4,30.0,2023-01-24,1953,Billy Wilson
5983,101,Product A,Category 1,15,10.0,2023-02-10,1228,Terrance Novak
4053,102,Product B,Category 1,11,20.0,2023-03-24,1975,Theresa Poole
2830,102,Product B,Category 1,3,20.0,2023-08-02,1501,Jane Cruz
2243,103,Product C,Category 2,7,30.0,2023-01-03,1242,Lisa Choi
2143,101,Product A,Category 1,2,10.0,2023-05-30,1260,Patricia Franklin
7045,101,Product A,Category 1,14,10.0,2023-06-06,1855,Monica Gonzalez
5248,102,Product B,Category 1,9,20.0,2023-10-14,1474,Michael Wallace
4242,104,Product D,Category 2,7,40.0,2023-09-24,1494,Destiny Robinson
1618,102,Product B,Category 1,7,20.0,2023-05-07,1553,Thomas Maynard
2111,103,Product C,Category 2,3,30.0,2023-03-01,1089,Nancy Ruiz
2537,101,Product A,Category 1,4,10.0,2023-10-11,1721,Jordan Curtis
2012,103,Product C,Category 2,1,30.0,2023-02-10,1975,Theresa Poole
46,101,Product A,Category 1,13,10.0,2023-10-27,1538,Margaret Garcia
1498,102,Product B,Category 1,14,20.0,2023-09-04,1882,Wendy Edwards
8690,102,Product B,Category 1,2,20.0,2023-11-13,1321,Linda Rivera
1799,101,Product A,Category 1,12,10.0,2023-08-24,1642,Bryce Coleman
553,101,Product A,Category 1,2,10.0,2023-11-09,1449,Joshua Reyes
9569,101,Product A,Category 1,14,10.0,2023-06-07,1434,Scott Johnston
2324,102,Product B,Category 1,15,20.0,2023-01-19,1197,Erica Wang
6772,104,Product D,Category 2,10,40.0,2023-03-25,1222,Justin Berry
329,101,Product A,Category 1,3,10.0,2023-05-22,1734,Brian Webster
3891,104,Product D,Category 2,14,40.0,2023-09-26,1085,Virginia Smith
4050,102,Product B,Category 1,4,20.0,2023-06-22,1957,Todd Aguilar
5397,102,Product B,Category 1,1,20.0,2023-10-13,1718,George Cox
9088,101,Product A,Category 1,7,10.0,2023-03-25,1102,Nathaniel Noble
6886,104,Product D,Category 2,2,40.0,2023-09-10,1567,Yvonne Banks
9737,102,Product B,Category 1,5,20.0,2023-05-01,1629,Alexander Ramirez
7752,101,Product A,Category 1,7,10.0,2023-12-03,1599,Sean Carter
7587,101,Product A,Category 1,14,10.0,2023-03-03,1829,Jill Nunez
5830,103,Product C,Category 2,15,30.0,2023-12-15,1557,Nicholas Caldwell
5737,101,Product A,Category 1,10,10.0,2023-10-07,1785,Matthew Martinez
7320,101,Product A,Category 1,3,10.0,2023-02-02,1756,Christopher Thompson
8040,102,Product B,Category 1,8,20.0,2023-08-20,1564,Brooke Howard
8150,104,Product D,Category 2,10,40.0,2023-12-09,1594,Amanda Bowers
5709,102,Product B,Category 1,9,20.0,2023-06-03,1246,Jerry Stephens
4119,101,Product A,Category 1,7,10.0,2023-08-21,1987,Stephanie Patterson
4005,104,Product D,Category 2,2,40.0,2023-10-27,1917,Robert Rivera
9576,102,Product B,Category 1,5,20.0,2023-09-07,1919,Erica Russell
616,102,Product B,Category 1,12,20.0,2023-08-11,1097,Christopher Delgado
3734,102,Product B,Category 1,7,20.0,2023-11-30,1123,David Mccoy
1724,101,Product A,Category 1,5,10.0,2023-01-12,1044,Jasmine Huynh
4664,101,Product A,Category 1,3,10.0,2023-03-31,1947,Nicole Hall
7107,104,Product D,Category 2,5,40.0,2023-07-10,1763,Shawn Graham
4201,101,Product A,Category 1,5,10.0,2023-12-29,1199,Michael Romero
544,103,Product C,Category 2,13,30.0,2023-03-20,1896,Margaret Odonnell
3297,102,Product B,Category 1,13,20.0,2023-04-16,1008,Tracy Mcdaniel
7725,101,Product A,Category 1,10,10.0,2023-11-11,1669,Tyrone Allen
800,102,Product B,Category 1,4,20.0,2023-01-29,1873,April Jacobs
4536,101,Product A,Category 1,8,10.0,2023-09-28,1890,Francisco Carlson
8779,104,Product D,Category 2,6,40.0,2023-11-27,1240,Troy Phillips
6256,101,Product A,Category 1,1,10.0,2023-08-23,1698,Samuel Smith
4351,102,Product B,Category 1,5,20.0,2023-07-14,1511,Kenneth Hardy
6704,101,Product A,Category 1,11,10.0,2023-02-11,1364,Andrew Gibson
4770,101,Product A,Category 1,11,10.0,2023-05-12,1349,Teresa Chung
9299,102,Product B,Category 1,10,20.0,2023-12-01,1255,Philip Williamson
4709,101,Product A,Category 1,6,10.0,2023-01-07,1349,Teresa Chung
5857,102,Product B,Category 1,10,20.0,2023-09-07,1941,William Carroll
5535,102,Product B,Category 1,4,20.0,2023-08-28,1110,Justin Fletcher
5390,103,Product C,Category 2,10,30.0,2023-08-01,1907,Whitney Carrillo
3712,101,Product A,Category 1,13,10.0,2023-12-20,1876,Dustin Fletcher
2632,102,Product B,Category 1,10,20.0,2023-05-02,1807,Ronald Gibson
1643,102,Product B,Category 1,2,20.0,2023-12-26,1126,Anthony Kaiser
4835,101,Product A,Category 1,2,10.0,2023-10-08,1698,Samuel Smith
1779,101,Product A,Category 1,9,10.0,2023-10-03,1506,Summer Stevens
542,102,Product B,Category 1,2,20.0,2023-01-05,1494,Destiny Robinson
8273,101,Product A,Category 1,5,10.0,2023-11-01,1536,Christopher Hanson MD
4232,102,Product B,Category 1,3,20.0,2023-11-24,1196,Steven Simon
4962,101,Product A,Category 1,12,10.0,2023-04-01,1781,Christina Smith
5197,101,Product A,Category 1,5,10.0,2023-04-20,1605,Dawn Rivera
1695,102,Product B,Category 1,7,20.0,2023-01-11,1082,Donna Smith
7609,101,Product A,Category 1,12,10.0,2023-05-29,1108,Katie Hill
5047,104,Product D,Category 2,3,40.0,2023-07-11,1358,Jonathan Franco
8564,101,Product A,Category 1,4,10.0,2023-07-17,1166,Emma Sosa
3006,104,Product D,Category 2,14,40.0,2023-09-15,1246,Jerry Stephens
1296,103,Product C,Category 2,12,30.0,2023-11-13,1138,Ashley Moore
7646,102,Product B,Category 1,5,20.0,2023-05-18,1981,Elizabeth Peters
3197,101,Product A,Category 1,14,10.0,2023-12-08,1218,Ricardo Mills
8088,102,Product B,Category 1,13,20.0,2023-12-11,1515,Jorge Valdez
1434,104,Product D,Category 2,2,40.0,2023-04-06,1220,Julie Kim
1223,102,Product B,Category 1,14,20.0,2023-03-28,1852,Amy Frazier
3505,101,Product A,Category 1,15,10.0,2023-12-12,1715,James Daniels
900,104,Product D,Category 2,6,40.0,2023-05-01,1864,Edward Cohen
9663,102,Product B,Category 1,7,20.0,2023-03-03,1769,Ricky Soto
4814,101,Product A,Category 1,6,10.0,2023-06-07,1667,Matthew Delacruz
172,104,Product D,Category 2,12,40.0,2023-07-03,1527,Brandon Howell
660,103,Product C,Category 2,13,30.0,2023-01-30,1732,Benjamin Zhang
6115,104,Product D,Category 2,1,40.0,2023-02-08,1786,Linda Salinas
6794,102,Product B,Category 1,1,20.0,2023-02-09,1925,Brenda Smith
5237,101,Product A,Category 1,4,10.0,2023-04-14,1513,Maria Barker
3622,102,Product B,Category 1,4,20.0,2023-03-07,1904,Barbara Johnston
7508,101,Product A,Category 1,7,10.0,2023-10-23,1256,Kayla Torres
8425,101,Product A,Category 1,12,10.0,2023-01-22,1923,Jessica Martin
8842,101,Product A,Category 1,5,10.0,2023-02-27,1157,Christine Chase
8932,102,Product B,Category 1,14,20.0,2023-10-04,1407,Jennifer Brock
5232,104,Product D,Category 2,10,40.0,2023-02-04,1882,Wendy Edwards
153,102,Product B,Category 1,10,20.0,2023-01-20,1224,Taylor Johnson
9862,101,Product A,Category 1,11,10.0,2023-09-11,1772,Eric White
5406,101,Product A,Category 1,11,10.0,2023-05-04,1100,Sarah Evans
6930,101,Product A,Category 1,4,10.0,2023-01-09,1887,Diane Bauer
6438,103,Product C,Category 2,9,30.0,2023-07-23,1821,Brandi Thompson
1492,102,Product B,Category 1,11,20.0,2023-09-28,1853,Justin Day
4896,102,Product B,Category 1,15,20.0,2023-12-18,1832,Phyllis Garcia
3018,102,Product B,Category 1,9,20.0,2023-01-10,1102,Nathaniel Noble
3504,101,Product A,Category 1,1,10.0,2023-07-08,1101,Evan Mitchell
8278,102,Product B,Category 1,14,20.0,2023-02-14,1345,Karen West
4170,103,Product C,Category 2,8,30.0,2023-11-16,1893,Lisa Glover
8073,101,Product A,Category 1,11,10.0,2023-12-19,1977,Taylor Thomas
449,103,Product C,Category 2,6,30.0,2023-03-12,1544,Erika Bailey
5577,101,Product A,Category 1,12,10.0,2023-05-07,1959,Elizabeth Jefferson
1865,104,Product D,Category 2,7,40.0,2023-03-24,1631,John Morris
1502,101,Product A,Category 1,6,10.0,2023-08-05,1597,Michelle Robinson
5554,102,Product B,Category 1,3,20.0,2023-10-28,1541,Bianca Sutton
6768,103,Product C,Category 2,4,30.0,2023-03-18,1696,Anthony Guzman
8200,102,Product B,Category 1,15,20.0,2023-01-12,1371,Jennifer Livingston
4795,104,Product D,Category 2,8,40.0,2023-07-30,1017,Daniel Maxwell
6012,101,Product A,Category 1,4,10.0,2023-10-27,1446,Suzanne Flores MD
9453,104,Product D,Category 2,1,40.0,2023-04-15,1907,Whitney Carrillo
7028,102,Product B,Category 1,11,20.0,2023-11-15,1256,Kayla Torres
2823,102,Product B,Category 1,1,20.0,2023-11-14,1422,Lindsay Miller
6582,103,Product C,Category 2,14,30.0,2023-09-07,1927,Elizabeth Barnett
620,102,Product B,Category 1,10,20.0,2023-02-22,1418,Gary Gonzales
7991,101,Product A,Category 1,1,10.0,2023-06-01,1325,Monica Becker
4334,102,Product B,Category 1,7,20.0,2023-11-08,1792,Kelly Kelley
4272,101,Product A,Category 1,10,10.0,2023-11-13,1243,Patricia Sampson
9783,104,Product D,Category 2,2,40.0,2023-06-17,1967,Kristina Lyons
9230,102,Product B,Category 1,8,20.0,2023-01-12,1533,Julie Richardson
8338,104,Product D,Category 2,14,40.0,2023-10-05,1325,Monica Becker
327,102,Product B,Category 1,13,20.0,2023-06-28,1054,Crystal Chang
5616,101,Product A,Category 1,3,10.0,2023-05-12,1823,Nicole Galloway
742,101,Product A,Category 1,2,10.0,2023-01-12,1228,Terrance Novak
4257,103,Product C,Category 2,11,30.0,2023-12-12,1852,Amy Frazier
